region,gcm,ssp,demand_mw,cov_isolated_pct,cov_interconnected_pct
china_cc,gfdl-esm4,ssp126,2100.5837499999984,100.00000000000009,100.0
china_csg,gfdl-esm4,ssp126,5596.5545,100.00000000000004,100.00000000000004
china_ec,gfdl-esm4,ssp126,10509.881999999994,31.95360549816776,100.0
china_nc,gfdl-esm4,ssp126,12942.39700000002,3.4929175037689384,100.0
china_ne,gfdl-esm4,ssp126,289.6155937500001,99.99999999999996,100.0
china_nw,gfdl-esm4,ssp126,910.8747499999998,0.0,100.0
china_sw,gfdl-esm4,ssp126,2192.6887500000007,100.0,100.0
hong_kong,gfdl-esm4,ssp126,834.8108125000002,0.0,100.0
albania,gfdl-esm4,ssp126,6.19923876953125,100.0,100.0
austria,gfdl-esm4,ssp126,233.37964062499995,100.0,100.0
belgium,gfdl-esm4,ssp126,357.7206562500003,2.6570983103639696,55.20142727101945
bulgaria,gfdl-esm4,ssp126,27.357625,100.0,100.0
croatia,gfdl-esm4,ssp126,35.09635546875,100.0,99.99999999999996
czechia,gfdl-esm4,ssp126,112.52560156250004,0.0,0.0
denmark,gfdl-esm4,ssp126,666.3383749999999,0.0,74.04406601772695
estonia,gfdl-esm4,ssp126,18.404205078125,0.0,0.0
finland,gfdl-esm4,ssp126,602.4843125000002,0.0,27.451794347413827
france,gfdl-esm4,ssp126,1853.851249999999,99.99999999999984,100.00000000000004
germany,gfdl-esm4,ssp126,4047.282750000004,28.729169112428437,61.26366577516149
greece,gfdl-esm4,ssp126,107.798453125,100.0,100.0
hungary,gfdl-esm4,ssp126,71.76725000000002,11.515699960238631,31.505859333965287
ireland,gfdl-esm4,ssp126,1770.5288749999988,0.8625008759086452,65.36595678543377
italy,gfdl-esm4,ssp126,1641.9384999999995,83.95580713205652,83.95580713205649
latvia,gfdl-esm4,ssp126,16.152060546875003,100.0,100.0
lithuania,gfdl-esm4,ssp126,7.5465166015625,100.0,100.0
luxembourg,gfdl-esm4,ssp126,176.54676562499992,0.0,43.43911932486575
netherlands,gfdl-esm4,ssp126,1792.4219999999998,0.0,60.17035171949675
north_macedonia,gfdl-esm4,ssp126,2.117947265625,89.39523935032209,100.0
norway,gfdl-esm4,ssp126,1298.180125,100.0,100.0
poland,gfdl-esm4,ssp126,458.58003124999993,24.164320164065764,41.77348110315363
portugal,gfdl-esm4,ssp126,136.392125,100.0,100.0
romania,gfdl-esm4,ssp126,59.83996875,100.0,99.99999999999996
serbia,gfdl-esm4,ssp126,9.7984462890625,100.0,100.0
slovakia,gfdl-esm4,ssp126,16.2847275390625,97.1223926197277,97.1223926197277
slovenia,gfdl-esm4,ssp126,0.7972091064453125,98.9910137144267,98.9910137144267
spain,gfdl-esm4,ssp126,1364.8824999999997,100.0,100.0
sweden,gfdl-esm4,ssp126,1414.0317500000008,99.99999999999991,99.99999999999996
switzerland,gfdl-esm4,ssp126,568.874125,99.99999999999996,100.0
turkey,gfdl-esm4,ssp126,327.14753125,99.99999999999996,100.0
united_kingdom,gfdl-esm4,ssp126,9156.916,1.7499592484090811,84.48600021386925
india_east,gfdl-esm4,ssp126,45.226484375,100.00000000000004,100.0
india_north,gfdl-esm4,ssp126,781.9286875,100.0,100.0
india_south,gfdl-esm4,ssp126,2085.817,100.00000000000009,100.0
india_west,gfdl-esm4,ssp126,2486.523499999996,32.03319444961097,100.00000000000009
canada_atlantic,gfdl-esm4,ssp126,92.353390625,100.0,100.0
canada_bc,gfdl-esm4,ssp126,457.45153125,100.00000000000004,100.0
canada_ontario,gfdl-esm4,ssp126,854.9928125000006,99.99999999999996,99.99999999999996
canada_prairies,gfdl-esm4,ssp126,1652.8937500000006,100.00000000000004,100.0
canada_quebec,gfdl-esm4,ssp126,855.1355624999999,100.00000000000004,100.00000000000004
usa_caiso,gfdl-esm4,ssp126,4055.491,42.69660872810551,42.69660872810553
usa_ercot,gfdl-esm4,ssp126,13130.009000000013,1.2692810444500613,26.92988797929677
usa_frcc,gfdl-esm4,ssp126,318.99496875000006,0.0,0.0
usa_isone,gfdl-esm4,ssp126,358.3070625000001,99.99999999999996,99.99999999999996
usa_miso_central,gfdl-esm4,ssp126,2035.599124999996,20.487846529457368,22.62630296916536
usa_miso_north,gfdl-esm4,ssp126,7090.237999999997,2.279655923497085,2.279655923497085
usa_miso_south,gfdl-esm4,ssp126,1889.55925,36.468399995594325,38.77875215743223
usa_northerngrid_east,gfdl-esm4,ssp126,497.59328125,100.00000000000004,100.0
usa_northerngrid_south,gfdl-esm4,ssp126,3697.7707500000006,4.61728872300127,66.31750703154327
usa_northerngrid_west,gfdl-esm4,ssp126,7973.157000000002,100.0,100.0
usa_nyiso,gfdl-esm4,ssp126,1120.6076249999996,100.00000000000009,100.00000000000004
usa_pjm_east,gfdl-esm4,ssp126,41995.27600000009,1.9565729953640656,9.005232360537894
usa_pjm_west,gfdl-esm4,ssp126,5516.971000000003,0.115533469411829,11.169724687342386
usa_sertp,gfdl-esm4,ssp126,13133.81999999999,24.621718195029523,26.067353289409947
usa_spp_north,gfdl-esm4,ssp126,3802.475750000002,51.61839682001842,51.618396820018425
usa_spp_south,gfdl-esm4,ssp126,2080.70875,35.08100709924047,36.94773435167835
usa_westconnect_north,gfdl-esm4,ssp126,1398.6435000000004,18.09209604350135,56.20562702991224
usa_westconnect_south,gfdl-esm4,ssp126,6443.323500000006,35.53801350430024,51.645607067309975
argentina,gfdl-esm4,ssp126,173.66610937500005,100.0,100.0
brazil_nordeste,gfdl-esm4,ssp126,36.994617187500005,100.0,100.0
brazil_sudeste,gfdl-esm4,ssp126,1094.7811249999995,100.0,100.0
brazil_sul,gfdl-esm4,ssp126,48.56945703125001,100.0,100.0
chile,gfdl-esm4,ssp126,386.47971875,100.0,100.0
colombia,gfdl-esm4,ssp126,112.66435937499998,100.0,100.0
ecuador,gfdl-esm4,ssp126,2.473990478515625,100.0,100.0
peru,gfdl-esm4,ssp126,23.48090234375,100.0,100.0
indonesia,gfdl-esm4,ssp126,550.5293125000003,99.99999999999994,99.99999999999996
malaysia_east,gfdl-esm4,ssp126,1.620715087890625,100.0,100.0
malaysia_west,gfdl-esm4,ssp126,1975.5573749999987,18.6875051484319,41.954228972130345
myanmar,gfdl-esm4,ssp126,0.5594401245117188,100.0,100.0
philippines,gfdl-esm4,ssp126,147.60204687500004,100.0,99.99999999999996
singapore,gfdl-esm4,ssp126,1883.821375000001,0.0,100.0
thailand,gfdl-esm4,ssp126,371.4502812499998,99.99999999999996,100.00000000000004
vietnam,gfdl-esm4,ssp126,136.03317187499997,100.0,100.0
china_cc,gfdl-esm4,ssp370,2104.325250000001,100.00000000000011,99.99999999999996
china_csg,gfdl-esm4,ssp370,5624.3205000000025,100.00000000000009,100.0
china_ec,gfdl-esm4,ssp370,10618.864999999998,29.52134873783492,99.99999999999996
china_nc,gfdl-esm4,ssp370,12666.418000000003,3.098256077780975,99.99999999999991
china_ne,gfdl-esm4,ssp370,288.86453125000014,100.0,99.99999999999996
china_nw,gfdl-esm4,ssp370,910.246875,100.0,100.0
china_sw,gfdl-esm4,ssp370,2163.071750000002,99.99999999999991,99.99999999999996
hong_kong,gfdl-esm4,ssp370,839.815125,0.0,100.0
albania,gfdl-esm4,ssp370,6.258897949218751,100.0,100.0
austria,gfdl-esm4,ssp370,227.6241718749998,100.0,100.00000000000004
belgium,gfdl-esm4,ssp370,359.0430625,2.5795949462275223,56.22102933423776
bulgaria,gfdl-esm4,ssp370,27.72651171875,100.00000000000004,100.0
croatia,gfdl-esm4,ssp370,34.651078125,100.0,100.0
czechia,gfdl-esm4,ssp370,109.45305468750004,0.0,0.0
denmark,gfdl-esm4,ssp370,690.2328125,0.0,74.12025158214432
estonia,gfdl-esm4,ssp370,18.268462890625,0.0,0.0
finland,gfdl-esm4,ssp370,602.1497500000002,75.27789465132939,75.27789465132939
france,gfdl-esm4,ssp370,1792.4208749999998,99.9999999999999,100.00000000000006
germany,gfdl-esm4,ssp370,3970.471500000008,29.27189869505293,61.220577595624135
greece,gfdl-esm4,ssp370,105.89987500000004,100.0,99.99999999999996
hungary,gfdl-esm4,ssp370,69.60497656249998,11.23831792577746,31.647371565623278
ireland,gfdl-esm4,ssp370,1811.406,0.8778422629119649,71.23622262335886
italy,gfdl-esm4,ssp370,1645.8491249999995,87.39477754960316,87.39477754960319
latvia,gfdl-esm4,ssp370,15.7942451171875,100.0,100.0
lithuania,gfdl-esm4,ssp370,7.441542480468751,100.0,100.0
luxembourg,gfdl-esm4,ssp370,177.98418749999993,0.0,43.42703416804624
netherlands,gfdl-esm4,ssp370,1762.5637500000007,0.0,59.99274400994401
north_macedonia,gfdl-esm4,ssp370,2.16105029296875,92.14572581157977,100.0
norway,gfdl-esm4,ssp370,1354.4668749999987,100.00000000000006,100.00000000000006
poland,gfdl-esm4,ssp370,447.81478125,24.7982896915662,36.82028558352207
portugal,gfdl-esm4,ssp370,135.891515625,99.99999999999996,100.0
romania,gfdl-esm4,ssp370,60.86626171875,100.0,100.0
serbia,gfdl-esm4,ssp370,9.64673046875,100.0,100.0
slovakia,gfdl-esm4,ssp370,15.827302734374998,97.76568827304794,97.76568827304796
slovenia,gfdl-esm4,ssp370,0.7832216796875,100.0,100.0
spain,gfdl-esm4,ssp370,1345.845250000001,99.99999999999991,99.99999999999994
sweden,gfdl-esm4,ssp370,1430.0692500000002,100.0,100.00000000000004
switzerland,gfdl-esm4,ssp370,556.6100624999999,100.00000000000004,99.99999999999996
turkey,gfdl-esm4,ssp370,328.6392812499999,100.00000000000004,100.00000000000004
united_kingdom,gfdl-esm4,ssp370,8913.485000000004,1.7231185685424608,84.9815814289277
india_east,gfdl-esm4,ssp370,44.963484375,99.99999999999996,99.99999999999996
india_north,gfdl-esm4,ssp370,761.7842500000002,100.0,99.99999999999996
india_south,gfdl-esm4,ssp370,1958.9714999999992,99.99999999999996,100.0
india_west,gfdl-esm4,ssp370,2454.43875,34.1211181688463,100.0
canada_atlantic,gfdl-esm4,ssp370,92.3173046875,100.0,100.0
canada_bc,gfdl-esm4,ssp370,453.9217499999999,100.0,100.00000000000004
canada_ontario,gfdl-esm4,ssp370,858.2800624999998,100.0,100.0
canada_prairies,gfdl-esm4,ssp370,1638.6721249999996,99.99999999999994,100.0
canada_quebec,gfdl-esm4,ssp370,850.3416875000003,99.99999999999996,100.0
usa_caiso,gfdl-esm4,ssp370,4063.3227499999994,41.64427036575816,41.64427036575817
usa_ercot,gfdl-esm4,ssp370,13255.081000000017,1.291661495168063,26.71014064290014
usa_frcc,gfdl-esm4,ssp370,318.8243437499999,0.0,0.0
usa_isone,gfdl-esm4,ssp370,353.72312500000004,100.0,100.00000000000004
usa_miso_central,gfdl-esm4,ssp370,2247.39525,20.945238011250147,29.32701999900209
usa_miso_north,gfdl-esm4,ssp370,7051.395000000001,2.282095756985213,2.282095756985213
usa_miso_south,gfdl-esm4,ssp370,1679.1374999999994,24.898020858156503,37.93779089778223
usa_northerngrid_east,gfdl-esm4,ssp370,508.7154687499999,100.0,100.0
usa_northerngrid_south,gfdl-esm4,ssp370,3687.1405,5.106903596434631,64.59768121741614
usa_northerngrid_west,gfdl-esm4,ssp370,7755.7205,100.00000000000006,99.99999999999996
usa_nyiso,gfdl-esm4,ssp370,1113.6638749999995,100.00000000000006,100.0
usa_pjm_east,gfdl-esm4,ssp370,40825.748000000094,1.8436743442981005,8.704286077034824
usa_pjm_west,gfdl-esm4,ssp370,5425.392000000003,0.1045819328207935,11.06589210475547
usa_sertp,gfdl-esm4,ssp370,13120.95899999999,25.64891536002958,25.64891536002958
usa_spp_north,gfdl-esm4,ssp370,3833.3694999999993,52.8385555316355,52.8385555316355
usa_spp_south,gfdl-esm4,ssp370,1961.2826250000007,32.5147472834228,37.72713978182395
usa_westconnect_north,gfdl-esm4,ssp370,1414.9151249999995,15.363677124893115,56.06527757068106
usa_westconnect_south,gfdl-esm4,ssp370,6377.692999999998,36.69830032688592,49.44681250911125
argentina,gfdl-esm4,ssp370,177.64737500000007,100.0,99.99999999999996
brazil_nordeste,gfdl-esm4,ssp370,36.98596875,99.99999999999996,100.0
brazil_sudeste,gfdl-esm4,ssp370,1070.2313750000003,100.0,99.99999999999994
brazil_sul,gfdl-esm4,ssp370,48.36662109375,100.0,100.0
chile,gfdl-esm4,ssp370,389.053875,100.0,100.0
colombia,gfdl-esm4,ssp370,114.05780468749998,99.99999999999996,100.00000000000004
ecuador,gfdl-esm4,ssp370,2.47825927734375,100.0,100.0
peru,gfdl-esm4,ssp370,23.42268359375,100.0,100.0
indonesia,gfdl-esm4,ssp370,550.3710625000004,99.99999999999989,99.99999999999996
malaysia_east,gfdl-esm4,ssp370,1.610218017578125,100.0,100.0
malaysia_west,gfdl-esm4,ssp370,1962.2430000000008,18.58413202258009,42.33214902663953
myanmar,gfdl-esm4,ssp370,0.5649482421875,100.0,100.0
philippines,gfdl-esm4,ssp370,148.216078125,100.0,100.0
singapore,gfdl-esm4,ssp370,1859.0474999999976,0.0,100.00000000000004
thailand,gfdl-esm4,ssp370,374.8840937499999,100.0,100.00000000000004
vietnam,gfdl-esm4,ssp370,136.58107812499998,100.0,100.0
china_cc,gfdl-esm4,ssp585,2105.378999999999,99.99999999999996,100.0
china_csg,gfdl-esm4,ssp585,5642.912000000004,100.00000000000009,100.00000000000004
china_ec,gfdl-esm4,ssp585,10612.845999999989,29.662605231298368,100.0
china_nc,gfdl-esm4,ssp585,12821.702000000005,2.772223153806432,100.0
china_ne,gfdl-esm4,ssp585,297.91328124999984,100.0,100.00000000000004
china_nw,gfdl-esm4,ssp585,919.2294375000004,99.99999999999991,99.99999999999996
china_sw,gfdl-esm4,ssp585,2158.3585000000007,99.99999999999994,99.99999999999996
hong_kong,gfdl-esm4,ssp585,840.6183750000001,0.0,99.99999999999996
albania,gfdl-esm4,ssp585,6.224999023437501,100.0,100.0
austria,gfdl-esm4,ssp585,226.973828125,97.33447455589972,97.33447455589972
belgium,gfdl-esm4,ssp585,341.3379062499998,3.50815879213281,44.10197665403124
bulgaria,gfdl-esm4,ssp585,27.527001953125,100.0,100.0
croatia,gfdl-esm4,ssp585,34.088730468750015,99.99999999999996,99.99999999999996
czechia,gfdl-esm4,ssp585,107.39324218749998,0.0,0.0
denmark,gfdl-esm4,ssp585,652.1505000000005,0.0,47.07878400219657
estonia,gfdl-esm4,ssp585,18.475398437500004,0.0,0.0
finland,gfdl-esm4,ssp585,617.9146249999995,80.82922084046378,80.82922084046379
france,gfdl-esm4,ssp585,1750.722874999999,100.00000000000006,100.00000000000009
germany,gfdl-esm4,ssp585,3940.604499999998,29.37124395612364,46.42605439723818
greece,gfdl-esm4,ssp585,108.6606015625,99.99999999999996,100.0
hungary,gfdl-esm4,ssp585,72.7020703125,13.21863655616314,13.21863655616314
ireland,gfdl-esm4,ssp585,1793.0793750000005,0.8485553423580967,44.9467317130604
italy,gfdl-esm4,ssp585,1592.5847500000025,88.26263985373411,88.26263985373409
latvia,gfdl-esm4,ssp585,16.741060546875,100.0,100.0
lithuania,gfdl-esm4,ssp585,7.532798339843749,100.0,100.0
luxembourg,gfdl-esm4,ssp585,169.59909375,0.0,0.0
netherlands,gfdl-esm4,ssp585,1750.9076250000005,0.0,37.80629088304271
north_macedonia,gfdl-esm4,ssp585,2.1658815917968743,87.00360188972753,100.0
norway,gfdl-esm4,ssp585,1335.2749999999987,0.0,59.39891256609675
poland,gfdl-esm4,ssp585,446.94968749999975,27.57776661429531,27.577766614295317
portugal,gfdl-esm4,ssp585,134.59151562500003,99.99999999999996,100.0
romania,gfdl-esm4,ssp585,58.93008984374998,100.0,100.0
serbia,gfdl-esm4,ssp585,9.6971630859375,100.0,100.0
slovakia,gfdl-esm4,ssp585,16.260967773437496,97.22955997957868,97.22955997957868
slovenia,gfdl-esm4,ssp585,0.7906098022460937,100.0,100.0
spain,gfdl-esm4,ssp585,1344.0542499999988,0.0,54.24328011794815
sweden,gfdl-esm4,ssp585,1439.1672499999993,100.00000000000004,100.00000000000004
switzerland,gfdl-esm4,ssp585,545.3278749999997,100.00000000000006,100.00000000000004
turkey,gfdl-esm4,ssp585,331.9669374999999,99.99999999999996,99.99999999999996
united_kingdom,gfdl-esm4,ssp585,8974.00000000001,1.741709003559192,63.28389959890261
india_east,gfdl-esm4,ssp585,46.12877734374999,100.0,100.00000000000004
india_north,gfdl-esm4,ssp585,764.0687500000004,99.99999999999996,99.99999999999996
india_south,gfdl-esm4,ssp585,2078.949749999999,100.0,100.00000000000004
india_west,gfdl-esm4,ssp585,2508.8172499999982,39.55267273539962,100.00000000000004
canada_atlantic,gfdl-esm4,ssp585,92.25203906250002,100.0,100.0
canada_bc,gfdl-esm4,ssp585,452.5200312500001,100.0,100.0
canada_ontario,gfdl-esm4,ssp585,871.669937499999,100.0,100.00000000000006
canada_prairies,gfdl-esm4,ssp585,1622.3080000000016,99.99999999999996,99.99999999999994
canada_quebec,gfdl-esm4,ssp585,848.0699999999999,100.0,100.00000000000004
usa_caiso,gfdl-esm4,ssp585,4095.3057499999977,36.27038319037331,36.27038319037332
usa_ercot,gfdl-esm4,ssp585,13391.777000000006,1.4083407083990245,26.567361800222752
usa_frcc,gfdl-esm4,ssp585,320.6865624999999,0.0,0.0
usa_isone,gfdl-esm4,ssp585,367.1259687499999,99.99999999999996,100.00000000000004
usa_miso_central,gfdl-esm4,ssp585,2243.974000000001,19.27449823860362,19.27449823860362
usa_miso_north,gfdl-esm4,ssp585,7053.993999999995,2.243799994831841,2.243799994831841
usa_miso_south,gfdl-esm4,ssp585,1890.6112499999972,32.45379185383359,36.67140997960696
usa_northerngrid_east,gfdl-esm4,ssp585,511.5002812499999,100.0,100.0
usa_northerngrid_south,gfdl-esm4,ssp585,3731.849999999999,4.92184066563907,64.00732946921623
usa_northerngrid_west,gfdl-esm4,ssp585,7825.112000000002,100.0,100.0
usa_nyiso,gfdl-esm4,ssp585,1126.2768750000002,99.99999999999994,100.0
usa_pjm_east,gfdl-esm4,ssp585,42458.875999999975,1.8058115106858528,8.640996289611454
usa_pjm_west,gfdl-esm4,ssp585,5487.354500000002,0.1075816150180475,11.390929026862766
usa_sertp,gfdl-esm4,ssp585,13326.949,24.41174956951662,24.41174956951662
usa_spp_north,gfdl-esm4,ssp585,3846.2684999999983,50.35561639183655,50.35561639183656
usa_spp_south,gfdl-esm4,ssp585,2019.2241250000009,23.62474322187721,38.25836388630263
usa_westconnect_north,gfdl-esm4,ssp585,1390.7625000000007,19.46985652915578,56.245136102755055
usa_westconnect_south,gfdl-esm4,ssp585,6673.308000000002,35.95065765940259,54.88724935813509
argentina,gfdl-esm4,ssp585,175.79510937499995,100.00000000000004,100.00000000000004
brazil_nordeste,gfdl-esm4,ssp585,37.18346875000001,100.0,99.99999999999996
brazil_sudeste,gfdl-esm4,ssp585,1084.9102499999992,100.00000000000009,100.0
brazil_sul,gfdl-esm4,ssp585,48.8570234375,100.0,100.0
chile,gfdl-esm4,ssp585,385.3344062499999,100.00000000000004,100.00000000000004
colombia,gfdl-esm4,ssp585,113.372875,100.0,100.0
ecuador,gfdl-esm4,ssp585,2.48044189453125,100.0,100.0
peru,gfdl-esm4,ssp585,23.60668359375,100.0,100.0
indonesia,gfdl-esm4,ssp585,549.1501874999999,100.00000000000004,100.0
malaysia_east,gfdl-esm4,ssp585,1.6228179931640625,100.0,100.0
malaysia_west,gfdl-esm4,ssp585,1971.67125,19.0145053846144,42.58185200910041
myanmar,gfdl-esm4,ssp585,0.5572681274414063,100.0,100.0
philippines,gfdl-esm4,ssp585,147.39204687499995,100.0,100.00000000000004
singapore,gfdl-esm4,ssp585,1877.1431249999985,0.0,100.0
thailand,gfdl-esm4,ssp585,374.7672500000001,100.0,100.0
vietnam,gfdl-esm4,ssp585,138.03959375,100.0,100.0
china_cc,ipsl-cm6a-lr,ssp126,2269.4147499999995,100.00000000000009,100.00000000000004
china_csg,ipsl-cm6a-lr,ssp126,5701.322999999999,100.0,100.0
china_ec,ipsl-cm6a-lr,ssp126,10937.328999999982,22.240706105032537,100.00000000000004
china_nc,ipsl-cm6a-lr,ssp126,12723.183000000005,3.0333125282637377,100.00000000000004
china_ne,ipsl-cm6a-lr,ssp126,297.34131250000013,100.0,99.99999999999996
china_nw,ipsl-cm6a-lr,ssp126,917.5084999999998,100.00000000000004,100.0
china_sw,ipsl-cm6a-lr,ssp126,2199.701999999999,100.0,99.99999999999996
hong_kong,ipsl-cm6a-lr,ssp126,843.2615624999997,0.0,100.00000000000004
albania,ipsl-cm6a-lr,ssp126,6.24734228515625,100.0,100.0
austria,ipsl-cm6a-lr,ssp126,237.48876562500004,100.0,99.99999999999996
belgium,ipsl-cm6a-lr,ssp126,340.935625,3.140866343907427,44.116832122384494
bulgaria,ipsl-cm6a-lr,ssp126,28.39693359375,100.0,99.99999999999996
croatia,ipsl-cm6a-lr,ssp126,33.87145703125002,99.99999999999996,100.0
czechia,ipsl-cm6a-lr,ssp126,113.518375,0.0,0.0
denmark,ipsl-cm6a-lr,ssp126,643.1048749999995,0.0,22.865600491452227
estonia,ipsl-cm6a-lr,ssp126,19.36696875,0.0,0.0
finland,ipsl-cm6a-lr,ssp126,683.3699375000001,74.658306970666,74.65830697066599
france,ipsl-cm6a-lr,ssp126,1765.0972499999996,99.99999999999991,99.99999999999996
germany,ipsl-cm6a-lr,ssp126,3968.668499999999,29.52432875328819,41.97507160142934
greece,ipsl-cm6a-lr,ssp126,108.49034374999997,100.0,100.0
hungary,ipsl-cm6a-lr,ssp126,72.06945312499998,10.439312325557276,10.439312325557276
ireland,ipsl-cm6a-lr,ssp126,1810.520249999999,0.8751561738808217,44.226262591172336
italy,ipsl-cm6a-lr,ssp126,1592.4791250000007,85.66396618192054,85.66396618192056
latvia,ipsl-cm6a-lr,ssp126,17.933033203125003,100.0,99.99999999999996
lithuania,ipsl-cm6a-lr,ssp126,8.219694335937502,100.0,100.0
luxembourg,ipsl-cm6a-lr,ssp126,171.75957812500002,0.0,0.0
netherlands,ipsl-cm6a-lr,ssp126,1768.6882500000002,0.0,37.38879741519811
north_macedonia,ipsl-cm6a-lr,ssp126,2.171046875,97.0545912652786,100.0
norway,ipsl-cm6a-lr,ssp126,1315.365375,0.0,57.25014270182075
poland,ipsl-cm6a-lr,ssp126,472.5239375000001,25.00654102638621,25.00654102638621
portugal,ipsl-cm6a-lr,ssp126,138.28887500000002,99.99999999999994,99.99999999999996
romania,ipsl-cm6a-lr,ssp126,60.88727343749999,100.0,100.0
serbia,ipsl-cm6a-lr,ssp126,9.3259052734375,100.0,100.0
slovakia,ipsl-cm6a-lr,ssp126,16.557699218750003,100.0,100.0
slovenia,ipsl-cm6a-lr,ssp126,0.7994603881835938,100.0,100.0
spain,ipsl-cm6a-lr,ssp126,1349.625750000001,0.0,52.049605583688816
sweden,ipsl-cm6a-lr,ssp126,1448.0321250000004,100.0,100.0
switzerland,ipsl-cm6a-lr,ssp126,561.27525,100.0,100.0
turkey,ipsl-cm6a-lr,ssp126,344.6961562499999,100.0,100.0
united_kingdom,ipsl-cm6a-lr,ssp126,9124.961000000008,1.8824464633101965,63.65512278061181
india_east,ipsl-cm6a-lr,ssp126,45.96242968749999,100.0,100.00000000000004
india_north,ipsl-cm6a-lr,ssp126,771.9203125000003,99.99999999999994,99.99999999999996
india_south,ipsl-cm6a-lr,ssp126,2153.8495,100.00000000000004,100.00000000000004
india_west,ipsl-cm6a-lr,ssp126,2494.7727499999983,39.2877299024914,100.00000000000009
canada_atlantic,ipsl-cm6a-lr,ssp126,91.8020859375,100.0,100.0
canada_bc,ipsl-cm6a-lr,ssp126,457.96525000000014,100.0,100.0
canada_ontario,ipsl-cm6a-lr,ssp126,884.7685624999999,100.00000000000009,100.00000000000004
canada_prairies,ipsl-cm6a-lr,ssp126,1674.0468750000002,100.00000000000006,100.0
canada_quebec,ipsl-cm6a-lr,ssp126,856.0107499999997,100.0,100.00000000000004
usa_caiso,ipsl-cm6a-lr,ssp126,4059.041499999998,38.336278557287855,38.336278557287855
usa_ercot,ipsl-cm6a-lr,ssp126,13220.459000000008,1.387282801781703,26.872328366387272
usa_frcc,ipsl-cm6a-lr,ssp126,322.26121874999995,0.0,0.0
usa_isone,ipsl-cm6a-lr,ssp126,370.6741875,99.99999999999996,100.0
usa_miso_central,ipsl-cm6a-lr,ssp126,2326.871000000001,20.08963038972505,22.337873527460804
usa_miso_north,ipsl-cm6a-lr,ssp126,7565.027999999988,2.221932385714998,2.221932385714998
usa_miso_south,ipsl-cm6a-lr,ssp126,1955.914125,0.0,37.924351788580985
usa_northerngrid_east,ipsl-cm6a-lr,ssp126,517.2980937500001,100.0,100.0
usa_northerngrid_south,ipsl-cm6a-lr,ssp126,3789.7644999999975,4.837561610032835,64.26345424279954
usa_northerngrid_west,ipsl-cm6a-lr,ssp126,8035.428000000004,100.0,100.00000000000004
usa_nyiso,ipsl-cm6a-lr,ssp126,1146.2940000000006,100.0,99.99999999999996
usa_pjm_east,ipsl-cm6a-lr,ssp126,46045.25999999992,1.770546336343462,7.884813967051023
usa_pjm_west,ipsl-cm6a-lr,ssp126,5724.086500000001,0.0990965434724866,5.001986424440337
usa_sertp,ipsl-cm6a-lr,ssp126,13131.831999999991,24.68894467431608,24.68894467431608
usa_spp_north,ipsl-cm6a-lr,ssp126,3811.09475,50.802221387257305,50.8022213872573
usa_spp_south,ipsl-cm6a-lr,ssp126,2006.1713750000004,33.58300510652129,33.58300510652129
usa_westconnect_north,ipsl-cm6a-lr,ssp126,1379.080875,19.035358513509237,56.15012808045902
usa_westconnect_south,ipsl-cm6a-lr,ssp126,6593.966499999998,34.44955851750669,54.47472658865839
argentina,ipsl-cm6a-lr,ssp126,173.11796875,100.0,100.0
brazil_nordeste,ipsl-cm6a-lr,ssp126,37.81448437500001,99.99999999999996,100.0
brazil_sudeste,ipsl-cm6a-lr,ssp126,1076.5775,100.00000000000004,100.00000000000004
brazil_sul,ipsl-cm6a-lr,ssp126,49.61737109375,100.0,100.0
chile,ipsl-cm6a-lr,ssp126,395.7345,100.0,100.0
colombia,ipsl-cm6a-lr,ssp126,115.8215,100.0,100.0
ecuador,ipsl-cm6a-lr,ssp126,2.44066552734375,100.0,100.0
peru,ipsl-cm6a-lr,ssp126,23.4078359375,100.0,100.0
indonesia,ipsl-cm6a-lr,ssp126,561.936125,99.99999999999984,100.0
malaysia_east,ipsl-cm6a-lr,ssp126,1.620846923828125,100.0,100.0
malaysia_west,ipsl-cm6a-lr,ssp126,1988.1761250000009,18.764132496836016,42.21535184386084
myanmar,ipsl-cm6a-lr,ssp126,0.5622866821289062,100.0,100.0
philippines,ipsl-cm6a-lr,ssp126,149.52015625,100.0,100.0
singapore,ipsl-cm6a-lr,ssp126,1867.529875,0.0,100.0
thailand,ipsl-cm6a-lr,ssp126,382.52465625000025,100.00000000000004,99.99999999999996
vietnam,ipsl-cm6a-lr,ssp126,135.295203125,100.00000000000004,100.0
china_cc,ipsl-cm6a-lr,ssp370,2232.9369999999985,99.9999999999999,100.0
china_csg,ipsl-cm6a-lr,ssp370,5734.118500000006,100.00000000000004,99.99999999999991
china_ec,ipsl-cm6a-lr,ssp370,11288.724000000013,29.440706052780698,99.99999999999996
china_nc,ipsl-cm6a-lr,ssp370,12766.253000000024,0.0,99.99999999999984
china_ne,ipsl-cm6a-lr,ssp370,303.28700000000003,100.0,100.0
china_nw,ipsl-cm6a-lr,ssp370,919.7984999999996,100.00000000000004,100.00000000000004
china_sw,ipsl-cm6a-lr,ssp370,2169.82,100.0,100.00000000000009
hong_kong,ipsl-cm6a-lr,ssp370,877.8053125000004,0.0,99.99999999999996
albania,ipsl-cm6a-lr,ssp370,6.3444833984375,100.0,100.0
austria,ipsl-cm6a-lr,ssp370,249.21454687499997,100.0,100.00000000000004
belgium,ipsl-cm6a-lr,ssp370,347.8630625,2.4683591823456195,43.65717842179001
bulgaria,ipsl-cm6a-lr,ssp370,27.944501953124988,100.0,100.00000000000004
croatia,ipsl-cm6a-lr,ssp370,34.99844921875,100.0,100.0
czechia,ipsl-cm6a-lr,ssp370,114.5868671875,0.0,0.0
denmark,ipsl-cm6a-lr,ssp370,670.9941874999993,0.0,46.88591113383264
estonia,ipsl-cm6a-lr,ssp370,18.853966796875,0.0,0.0
finland,ipsl-cm6a-lr,ssp370,636.7415000000004,77.71723862600258,77.71723862600257
france,ipsl-cm6a-lr,ssp370,1819.3712500000008,99.99999999999996,100.00000000000004
germany,ipsl-cm6a-lr,ssp370,3968.352000000005,29.585208270184648,42.63170037469352
greece,ipsl-cm6a-lr,ssp370,109.029890625,100.0,100.0
hungary,ipsl-cm6a-lr,ssp370,71.96002343749998,11.458615229418822,11.458615229418822
ireland,ipsl-cm6a-lr,ssp370,1819.268125000001,0.8338426191920083,44.86181220876941
italy,ipsl-cm6a-lr,ssp370,1657.0296249999997,84.11370083015524,84.11370083015521
latvia,ipsl-cm6a-lr,ssp370,16.75916015625,100.0,100.0
lithuania,ipsl-cm6a-lr,ssp370,7.915964843749999,100.0,100.0
luxembourg,ipsl-cm6a-lr,ssp370,177.60476562500003,0.0,0.0
netherlands,ipsl-cm6a-lr,ssp370,1764.5205000000014,0.0,37.41954145554884
north_macedonia,ipsl-cm6a-lr,ssp370,2.142096923828125,90.57056834034287,100.0
norway,ipsl-cm6a-lr,ssp370,1406.2935000000011,0.0,59.508460318043184
poland,ipsl-cm6a-lr,ssp370,462.27,25.285369705889,25.285369705889
portugal,ipsl-cm6a-lr,ssp370,139.52221874999998,100.0,100.00000000000004
romania,ipsl-cm6a-lr,ssp370,60.3067734375,100.0,100.0
serbia,ipsl-cm6a-lr,ssp370,9.51545703125,100.0,100.0
slovakia,ipsl-cm6a-lr,ssp370,17.17663671875,100.0,99.99999999999996
slovenia,ipsl-cm6a-lr,ssp370,0.8288231201171876,100.0,100.0
spain,ipsl-cm6a-lr,ssp370,1385.189499999999,0.0,54.80536107335578
sweden,ipsl-cm6a-lr,ssp370,1497.1927500000006,99.99999999999996,99.99999999999991
switzerland,ipsl-cm6a-lr,ssp370,599.7475625,100.00000000000004,100.0
turkey,ipsl-cm6a-lr,ssp370,326.85821875000005,99.99999999999996,99.99999999999996
united_kingdom,ipsl-cm6a-lr,ssp370,8968.471000000001,1.7665350139440792,62.49633280359152
india_east,ipsl-cm6a-lr,ssp370,46.97000390625,100.0,100.0
india_north,ipsl-cm6a-lr,ssp370,771.9696874999996,100.0,100.00000000000004
india_south,ipsl-cm6a-lr,ssp370,2045.143875,99.99999999999996,99.99999999999996
india_west,ipsl-cm6a-lr,ssp370,2583.1167500000006,0.0,100.00000000000009
canada_atlantic,ipsl-cm6a-lr,ssp370,92.34348437500002,100.0,100.0
canada_bc,ipsl-cm6a-lr,ssp370,461.26909375,100.00000000000004,99.99999999999996
canada_ontario,ipsl-cm6a-lr,ssp370,875.6995625000004,99.99999999999996,100.0
canada_prairies,ipsl-cm6a-lr,ssp370,1707.5813749999995,100.00000000000004,100.0
canada_quebec,ipsl-cm6a-lr,ssp370,842.1532500000002,100.0,100.0
usa_caiso,ipsl-cm6a-lr,ssp370,4083.606749999999,38.07872019028517,38.07872019028517
usa_ercot,ipsl-cm6a-lr,ssp370,13195.30100000001,1.3782462813213825,26.91188132306842
usa_frcc,ipsl-cm6a-lr,ssp370,332.8615937500001,0.0,0.0
usa_isone,ipsl-cm6a-lr,ssp370,369.6813125000001,100.00000000000004,100.00000000000004
usa_miso_central,ipsl-cm6a-lr,ssp370,2346.367749999998,19.511472170921436,21.84844947015164
usa_miso_north,ipsl-cm6a-lr,ssp370,7891.752500000016,3.664974340361921,3.664974340361921
usa_miso_south,ipsl-cm6a-lr,ssp370,1974.013625,35.64919340251654,42.01443994913603
usa_northerngrid_east,ipsl-cm6a-lr,ssp370,541.9311874999995,100.00000000000009,100.00000000000004
usa_northerngrid_south,ipsl-cm6a-lr,ssp370,3772.389999999996,5.05146581144528,62.43556328001564
usa_northerngrid_west,ipsl-cm6a-lr,ssp370,7888.263999999998,100.0,100.0
usa_nyiso,ipsl-cm6a-lr,ssp370,1135.3076249999997,100.0,100.0
usa_pjm_east,ipsl-cm6a-lr,ssp370,43838.53599999988,1.8845474948177452,8.049663353594491
usa_pjm_west,ipsl-cm6a-lr,ssp370,5818.598999999996,0.1072205044245894,17.68093123194217
usa_sertp,ipsl-cm6a-lr,ssp370,13196.637000000008,26.45151103492135,26.451511034921356
usa_spp_north,ipsl-cm6a-lr,ssp370,3863.2567500000014,50.892953757755386,50.892953757755386
usa_spp_south,ipsl-cm6a-lr,ssp370,1984.932499999999,31.77420977225075,31.77420977225075
usa_westconnect_north,ipsl-cm6a-lr,ssp370,1421.424875,19.21199812162467,56.09568391265449
usa_westconnect_south,ipsl-cm6a-lr,ssp370,6993.878000000002,36.85547269961627,49.77271523266971
argentina,ipsl-cm6a-lr,ssp370,172.827625,100.00000000000004,100.0
brazil_nordeste,ipsl-cm6a-lr,ssp370,37.27985937500001,100.0,100.0
brazil_sudeste,ipsl-cm6a-lr,ssp370,1074.4753749999993,100.0,100.0
brazil_sul,ipsl-cm6a-lr,ssp370,49.56488671874999,100.0,100.0
chile,ipsl-cm6a-lr,ssp370,401.6683437499999,100.0,100.00000000000004
colombia,ipsl-cm6a-lr,ssp370,115.8992734375,100.0,100.0
ecuador,ipsl-cm6a-lr,ssp370,2.4520329589843755,100.0,100.0
peru,ipsl-cm6a-lr,ssp370,23.663412109374995,100.0,100.0
indonesia,ipsl-cm6a-lr,ssp370,555.0740000000004,100.0,99.99999999999996
malaysia_east,ipsl-cm6a-lr,ssp370,1.6190872802734375,100.0,100.0
malaysia_west,ipsl-cm6a-lr,ssp370,1985.2088750000007,17.855477553934538,40.97006281591241
myanmar,ipsl-cm6a-lr,ssp370,0.5597611694335938,100.0,100.0
philippines,ipsl-cm6a-lr,ssp370,149.644984375,100.00000000000004,100.0
singapore,ipsl-cm6a-lr,ssp370,1889.140249999999,0.0,100.00000000000004
thailand,ipsl-cm6a-lr,ssp370,384.24525,100.0,100.0
vietnam,ipsl-cm6a-lr,ssp370,134.82804687499998,100.00000000000004,100.00000000000004
china_cc,ipsl-cm6a-lr,ssp585,2257.9745,100.0,100.0
china_csg,ipsl-cm6a-lr,ssp585,5760.468499999993,100.00000000000006,100.00000000000014
china_ec,ipsl-cm6a-lr,ssp585,11051.51800000002,27.10982280370601,100.00000000000009
china_nc,ipsl-cm6a-lr,ssp585,12945.785000000042,3.492148474629519,99.99999999999986
china_ne,ipsl-cm6a-lr,ssp585,297.51368750000006,100.00000000000004,100.0
china_nw,ipsl-cm6a-lr,ssp585,934.9415,99.99999999999994,100.0
china_sw,ipsl-cm6a-lr,ssp585,2199.129499999998,100.0,100.0
hong_kong,ipsl-cm6a-lr,ssp585,877.5141875000003,0.0,100.0
albania,ipsl-cm6a-lr,ssp585,6.37128271484375,100.0,100.0
austria,ipsl-cm6a-lr,ssp585,248.61732812499997,100.0,100.0
belgium,ipsl-cm6a-lr,ssp585,344.79899999999986,2.363913132210413,53.82982509581644
bulgaria,ipsl-cm6a-lr,ssp585,28.552078124999987,100.0,100.00000000000004
croatia,ipsl-cm6a-lr,ssp585,34.89288671874999,100.00000000000004,100.00000000000004
czechia,ipsl-cm6a-lr,ssp585,120.10180468750002,0.0,0.0
denmark,ipsl-cm6a-lr,ssp585,646.2838124999998,0.0,66.48254607485816
estonia,ipsl-cm6a-lr,ssp585,20.178115234375,0.0,0.0
finland,ipsl-cm6a-lr,ssp585,677.4399374999998,65.3314545198857,65.33145451988571
france,ipsl-cm6a-lr,ssp585,1826.4261250000009,99.99999999999991,100.0
germany,ipsl-cm6a-lr,ssp585,4004.6612500000047,28.65685918661573,54.41897339197551
greece,ipsl-cm6a-lr,ssp585,109.682859375,99.99999999999996,100.0
hungary,ipsl-cm6a-lr,ssp585,73.6017890625,11.960702942261689,11.960702942261689
ireland,ipsl-cm6a-lr,ssp585,1831.900750000001,0.8959300082672502,56.84910596699253
italy,ipsl-cm6a-lr,ssp585,1638.8042499999997,84.41174246453255,84.41174246453254
latvia,ipsl-cm6a-lr,ssp585,18.697126953125004,100.0,99.99999999999996
lithuania,ipsl-cm6a-lr,ssp585,8.615456054687503,99.99999999999994,99.99999999999996
luxembourg,ipsl-cm6a-lr,ssp585,179.40534375,0.0,15.530909623586313
netherlands,ipsl-cm6a-lr,ssp585,1771.624749999999,0.0,51.792997295175546
north_macedonia,ipsl-cm6a-lr,ssp585,2.233725097656249,88.13831915940821,100.0
norway,ipsl-cm6a-lr,ssp585,1390.409125,100.0,100.0
poland,ipsl-cm6a-lr,ssp585,484.06521875,24.878293386768824,26.92023254924552
portugal,ipsl-cm6a-lr,ssp585,141.27445312500004,100.0,100.0
romania,ipsl-cm6a-lr,ssp585,61.90880859375,100.0,100.0
serbia,ipsl-cm6a-lr,ssp585,9.8258876953125,100.0,100.0
slovakia,ipsl-cm6a-lr,ssp585,17.416105468749997,100.0,100.0
slovenia,ipsl-cm6a-lr,ssp585,0.8457479858398436,100.0,100.0
spain,ipsl-cm6a-lr,ssp585,1374.9892499999992,99.99999999999996,100.0
sweden,ipsl-cm6a-lr,ssp585,1445.0515,100.00000000000006,100.0
switzerland,ipsl-cm6a-lr,ssp585,598.2631874999998,100.00000000000004,100.0
turkey,ipsl-cm6a-lr,ssp585,331.61134375,100.00000000000004,100.0
united_kingdom,ipsl-cm6a-lr,ssp585,9147.380000000005,1.7518078682848095,81.61847456085255
india_east,ipsl-cm6a-lr,ssp585,45.791359375000006,100.0,100.0
india_north,ipsl-cm6a-lr,ssp585,767.5644375000006,100.0,100.0
india_south,ipsl-cm6a-lr,ssp585,1931.24075,100.0,100.0
india_west,ipsl-cm6a-lr,ssp585,2476.1772499999984,22.54654003019177,100.0
canada_atlantic,ipsl-cm6a-lr,ssp585,92.1385234375,100.0,100.0
canada_bc,ipsl-cm6a-lr,ssp585,457.83321875,100.0,100.0
canada_ontario,ipsl-cm6a-lr,ssp585,906.4936875,100.00000000000004,100.00000000000004
canada_prairies,ipsl-cm6a-lr,ssp585,1638.0676250000004,100.0,100.0
canada_quebec,ipsl-cm6a-lr,ssp585,844.4821875000005,0.0,0.0
usa_caiso,ipsl-cm6a-lr,ssp585,4151.127999999995,43.70319011796602,43.70319011796602
usa_ercot,ipsl-cm6a-lr,ssp585,13295.415000000035,1.3473095557415935,23.041759264301938
usa_frcc,ipsl-cm6a-lr,ssp585,327.3171562499997,0.0,0.0
usa_isone,ipsl-cm6a-lr,ssp585,389.6770624999999,100.0,100.0
usa_miso_central,ipsl-cm6a-lr,ssp585,1948.0576250000004,19.67486784047829,19.67486784047829
usa_miso_north,ipsl-cm6a-lr,ssp585,6931.824000000002,2.415208530984333,2.415208530984333
usa_miso_south,ipsl-cm6a-lr,ssp585,2041.7184999999995,30.10516929969929,30.10516929969929
usa_northerngrid_east,ipsl-cm6a-lr,ssp585,502.33062500000005,100.00000000000004,100.0
usa_northerngrid_south,ipsl-cm6a-lr,ssp585,3765.810000000004,0.0,76.74349211726339
usa_northerngrid_west,ipsl-cm6a-lr,ssp585,7920.525000000001,100.00000000000004,100.0
usa_nyiso,ipsl-cm6a-lr,ssp585,1126.83925,100.00000000000009,100.0
usa_pjm_east,ipsl-cm6a-lr,ssp585,46829.33199999991,1.824319741640106,6.337695654220934
usa_pjm_west,ipsl-cm6a-lr,ssp585,5513.4845000000005,0.1183295781458751,4.792475043380509
usa_sertp,ipsl-cm6a-lr,ssp585,13256.843,0.0,14.611629558471869
usa_spp_north,ipsl-cm6a-lr,ssp585,3902.183000000002,52.375565231545735,52.375565231545735
usa_spp_south,ipsl-cm6a-lr,ssp585,2037.7176249999995,33.118497947595934,33.118497947595934
usa_westconnect_north,ipsl-cm6a-lr,ssp585,1391.4674999999993,19.338203403435944,56.29426070085892
usa_westconnect_south,ipsl-cm6a-lr,ssp585,6869.026499999996,35.5816366760616,58.63163674800173
argentina,ipsl-cm6a-lr,ssp585,174.05184375,100.0,100.0
brazil_nordeste,ipsl-cm6a-lr,ssp585,37.8238359375,100.0,100.0
brazil_sudeste,ipsl-cm6a-lr,ssp585,1078.3987500000003,99.99999999999991,100.0
brazil_sul,ipsl-cm6a-lr,ssp585,48.59772265625,100.0,100.0
chile,ipsl-cm6a-lr,ssp585,393.5883125000001,100.0,100.0
colombia,ipsl-cm6a-lr,ssp585,116.9326875,100.0,100.0
ecuador,ipsl-cm6a-lr,ssp585,2.434870849609375,100.0,100.0
peru,ipsl-cm6a-lr,ssp585,23.349968749999995,100.0,100.0
indonesia,ipsl-cm6a-lr,ssp585,561.9713125,100.0,100.0
malaysia_east,ipsl-cm6a-lr,ssp585,1.61090087890625,100.0,100.0
malaysia_west,ipsl-cm6a-lr,ssp585,1970.215750000002,19.708896814091453,42.97603152206007
myanmar,ipsl-cm6a-lr,ssp585,0.5624639282226562,100.0,100.0
philippines,ipsl-cm6a-lr,ssp585,149.36734374999995,100.0,100.0
singapore,ipsl-cm6a-lr,ssp585,1889.686875,0.0,100.0
thailand,ipsl-cm6a-lr,ssp585,378.7878125,100.0,99.99999999999996
vietnam,ipsl-cm6a-lr,ssp585,137.236328125,99.99999999999996,100.0
china_cc,mpi-esm1-2-hr,ssp126,2159.078000000001,100.0,100.0
china_csg,mpi-esm1-2-hr,ssp126,5608.190500000003,99.99999999999996,99.99999999999994
china_ec,mpi-esm1-2-hr,ssp126,10704.221000000012,28.891024160164555,99.99999999999994
china_nc,mpi-esm1-2-hr,ssp126,13114.09799999999,3.1481963429297792,99.99999999999994
china_ne,mpi-esm1-2-hr,ssp126,282.83906249999995,100.0,100.0
china_nw,mpi-esm1-2-hr,ssp126,930.6843750000002,100.0,100.0
china_sw,mpi-esm1-2-hr,ssp126,2150.52525,100.00000000000004,100.00000000000004
hong_kong,mpi-esm1-2-hr,ssp126,846.8484375,0.0,100.0
albania,mpi-esm1-2-hr,ssp126,6.1769599609375,100.0,100.0
austria,mpi-esm1-2-hr,ssp126,231.918921875,100.0,100.0
belgium,mpi-esm1-2-hr,ssp126,340.3124687499998,2.277759693172189,54.157202376309286
bulgaria,mpi-esm1-2-hr,ssp126,27.05215625,100.0,100.0
croatia,mpi-esm1-2-hr,ssp126,33.19715625,100.0,100.0
czechia,mpi-esm1-2-hr,ssp126,109.7367421875,0.0,0.0
denmark,mpi-esm1-2-hr,ssp126,634.3862500000002,0.0,73.7836734379247
estonia,mpi-esm1-2-hr,ssp126,18.1848984375,0.0,0.0
finland,mpi-esm1-2-hr,ssp126,602.6563749999999,74.1569370804193,74.15693708041928
france,mpi-esm1-2-hr,ssp126,1803.1430000000007,99.99999999999991,99.99999999999991
germany,mpi-esm1-2-hr,ssp126,3928.917000000004,28.66587661314133,59.5465826887684
greece,mpi-esm1-2-hr,ssp126,107.58582812499998,100.00000000000004,100.0
hungary,mpi-esm1-2-hr,ssp126,72.28509375,11.25174168827411,31.446785395856143
ireland,mpi-esm1-2-hr,ssp126,1793.0821249999997,0.8577359164126204,65.32145966122069
italy,mpi-esm1-2-hr,ssp126,1573.659624999999,87.75303822868115,87.75303822868118
latvia,mpi-esm1-2-hr,ssp126,15.8563994140625,100.0,100.0
lithuania,mpi-esm1-2-hr,ssp126,7.586312988281251,100.0,100.0
luxembourg,mpi-esm1-2-hr,ssp126,165.61009374999995,0.0,43.48714345929002
netherlands,mpi-esm1-2-hr,ssp126,1758.8526249999989,0.0,60.212373504140125
north_macedonia,mpi-esm1-2-hr,ssp126,2.1167966308593757,86.89887202689044,100.0
norway,mpi-esm1-2-hr,ssp126,1288.8064999999997,100.00000000000009,100.0
poland,mpi-esm1-2-hr,ssp126,472.4635000000002,23.28264891988376,41.89225631396439
portugal,mpi-esm1-2-hr,ssp126,134.15292187500003,100.00000000000004,100.0
romania,mpi-esm1-2-hr,ssp126,59.43871875000001,100.0,100.0
serbia,mpi-esm1-2-hr,ssp126,9.3088486328125,100.00000000000004,100.0
slovakia,mpi-esm1-2-hr,ssp126,17.24534375,100.00000000000004,100.00000000000004
slovenia,mpi-esm1-2-hr,ssp126,0.7917802734374999,100.0,100.0
spain,mpi-esm1-2-hr,ssp126,1338.7132500000007,100.00000000000011,100.00000000000004
sweden,mpi-esm1-2-hr,ssp126,1413.806625,100.00000000000004,100.00000000000004
switzerland,mpi-esm1-2-hr,ssp126,550.6348749999997,99.9999999999999,100.00000000000004
turkey,mpi-esm1-2-hr,ssp126,323.79343749999987,99.99999999999996,100.0
united_kingdom,mpi-esm1-2-hr,ssp126,9032.368,1.7916185238805755,83.98330084123899
india_east,mpi-esm1-2-hr,ssp126,45.30868359374999,100.0,100.0
india_north,mpi-esm1-2-hr,ssp126,772.603875,100.00000000000004,100.0
india_south,mpi-esm1-2-hr,ssp126,2076.0985000000014,100.0,100.0
india_west,mpi-esm1-2-hr,ssp126,2531.909000000001,41.947722975020994,100.0
canada_atlantic,mpi-esm1-2-hr,ssp126,92.0945078125,100.0,100.0
canada_bc,mpi-esm1-2-hr,ssp126,460.9911250000002,100.00000000000004,100.0
canada_ontario,mpi-esm1-2-hr,ssp126,878.4706875,100.0,100.0
canada_prairies,mpi-esm1-2-hr,ssp126,1669.5277499999995,100.00000000000004,100.0
canada_quebec,mpi-esm1-2-hr,ssp126,839.4114999999999,100.00000000000004,100.00000000000004
usa_caiso,mpi-esm1-2-hr,ssp126,3991.590999999996,44.56843371312832,44.568433713128336
usa_ercot,mpi-esm1-2-hr,ssp126,13127.903000000011,1.1781924920500533,26.84291594407432
usa_frcc,mpi-esm1-2-hr,ssp126,315.6191562500002,0.0,0.0
usa_isone,mpi-esm1-2-hr,ssp126,370.1496249999999,100.0,100.0
usa_miso_central,mpi-esm1-2-hr,ssp126,2053.5781250000005,20.203999560943448,20.203999560943448
usa_miso_north,mpi-esm1-2-hr,ssp126,6889.390000000006,2.383688577438261,2.383688577438261
usa_miso_south,mpi-esm1-2-hr,ssp126,1668.8601250000002,31.423114364260787,31.423114364260787
usa_northerngrid_east,mpi-esm1-2-hr,ssp126,502.4501874999998,100.00000000000004,100.0
usa_northerngrid_south,mpi-esm1-2-hr,ssp126,3739.370750000001,4.964357660487382,64.01746732222551
usa_northerngrid_west,mpi-esm1-2-hr,ssp126,7821.777499999997,100.0,100.00000000000004
usa_nyiso,mpi-esm1-2-hr,ssp126,1131.2477500000002,99.99999999999994,100.0
usa_pjm_east,mpi-esm1-2-hr,ssp126,44184.916000000136,1.8278845589522088,8.58269470759743
usa_pjm_west,mpi-esm1-2-hr,ssp126,5324.612000000003,0.102641872351283,11.912970640440852
usa_sertp,mpi-esm1-2-hr,ssp126,13169.945000000003,23.988786483147063,23.988786483147067
usa_spp_north,mpi-esm1-2-hr,ssp126,3834.0302499999984,47.84508446113544,47.84508446113544
usa_spp_south,mpi-esm1-2-hr,ssp126,2053.5641250000003,25.186445340203765,38.55506322881314
usa_westconnect_north,mpi-esm1-2-hr,ssp126,1377.5017499999994,18.05707531674894,55.8329604572945
usa_westconnect_south,mpi-esm1-2-hr,ssp126,6425.140499999998,35.68527858622693,50.27976803387887
argentina,mpi-esm1-2-hr,ssp126,173.55170312500002,0.0,100.0
brazil_nordeste,mpi-esm1-2-hr,ssp126,37.1746484375,100.00000000000004,100.00000000000004
brazil_sudeste,mpi-esm1-2-hr,ssp126,1051.6143749999994,99.99999999999996,100.00000000000004
brazil_sul,mpi-esm1-2-hr,ssp126,47.38497265624999,100.0,100.0
chile,mpi-esm1-2-hr,ssp126,388.7807499999999,100.00000000000004,100.0
colombia,mpi-esm1-2-hr,ssp126,113.963953125,100.00000000000004,100.00000000000004
ecuador,mpi-esm1-2-hr,ssp126,2.3871857910156256,100.0,100.0
peru,mpi-esm1-2-hr,ssp126,23.208886718750005,99.99999999999996,99.99999999999996
indonesia,mpi-esm1-2-hr,ssp126,564.5206874999999,100.00000000000009,99.99999999999996
malaysia_east,mpi-esm1-2-hr,ssp126,1.6235225830078126,100.0,100.0
malaysia_west,mpi-esm1-2-hr,ssp126,1963.3697499999996,17.253094561472427,41.10426667720142
myanmar,mpi-esm1-2-hr,ssp126,0.558980712890625,100.0,100.0
philippines,mpi-esm1-2-hr,ssp126,146.46984374999997,100.00000000000004,100.00000000000004
singapore,mpi-esm1-2-hr,ssp126,1858.85175,0.0,100.0
thailand,mpi-esm1-2-hr,ssp126,371.16296875000006,99.99999999999994,100.0
vietnam,mpi-esm1-2-hr,ssp126,135.35026562500002,100.0,100.0
china_cc,mpi-esm1-2-hr,ssp370,2160.9735,100.00000000000004,100.00000000000004
china_csg,mpi-esm1-2-hr,ssp370,5654.504999999996,99.99999999999996,100.00000000000006
china_ec,mpi-esm1-2-hr,ssp370,10487.268000000007,30.143811993672884,99.99999999999996
china_nc,mpi-esm1-2-hr,ssp370,12908.401999999996,11.387975049937634,100.0
china_ne,mpi-esm1-2-hr,ssp370,285.8886250000001,100.0,100.0
china_nw,mpi-esm1-2-hr,ssp370,929.3428750000002,99.99999999999996,100.0
china_sw,mpi-esm1-2-hr,ssp370,2178.7620000000006,99.99999999999996,99.99999999999996
hong_kong,mpi-esm1-2-hr,ssp370,847.3641875000001,0.0,100.0
albania,mpi-esm1-2-hr,ssp370,6.37140625,100.0,100.0
austria,mpi-esm1-2-hr,ssp370,240.1585625,100.0,100.0
belgium,mpi-esm1-2-hr,ssp370,358.7678437499998,2.897974175512237,52.763551284481885
bulgaria,mpi-esm1-2-hr,ssp370,27.804791015625007,99.99999999999996,100.0
croatia,mpi-esm1-2-hr,ssp370,34.7082578125,100.00000000000004,100.0
czechia,mpi-esm1-2-hr,ssp370,118.92955468750002,0.0,0.0
denmark,mpi-esm1-2-hr,ssp370,707.5692499999996,0.0,73.84278806536821
estonia,mpi-esm1-2-hr,ssp370,18.511033203124992,0.0,0.0
finland,mpi-esm1-2-hr,ssp370,613.0704999999998,80.98143574083012,80.9814357408301
france,mpi-esm1-2-hr,ssp370,1834.1577499999992,99.99999999999989,100.0
germany,mpi-esm1-2-hr,ssp370,4003.90725,28.831118987039925,62.42089418857331
greece,mpi-esm1-2-hr,ssp370,107.52058593750002,100.0,100.0
hungary,mpi-esm1-2-hr,ssp370,72.01194531250002,10.588631571573696,32.26275352478626
ireland,mpi-esm1-2-hr,ssp370,1829.4220000000012,0.8555592243654162,71.23766939348465
italy,mpi-esm1-2-hr,ssp370,1606.2870000000016,86.79429440573085,86.79429440573087
latvia,mpi-esm1-2-hr,ssp370,15.543462890625,100.00000000000004,100.0
lithuania,mpi-esm1-2-hr,ssp370,7.709962402343751,100.0,100.0
luxembourg,mpi-esm1-2-hr,ssp370,174.03959375,0.0,43.53822067910519
netherlands,mpi-esm1-2-hr,ssp370,1748.11325,0.0,61.494394938955686
north_macedonia,mpi-esm1-2-hr,ssp370,2.131122558593749,90.64365888136052,100.0
norway,mpi-esm1-2-hr,ssp370,1306.3223749999995,100.0,100.0
poland,mpi-esm1-2-hr,ssp370,462.6475000000001,24.89774360275992,41.99389690748932
portugal,mpi-esm1-2-hr,ssp370,133.994328125,100.0,100.0
romania,mpi-esm1-2-hr,ssp370,60.26865625,100.0,100.00000000000004
serbia,mpi-esm1-2-hr,ssp370,9.484263671875,100.0,100.0
slovakia,mpi-esm1-2-hr,ssp370,17.52166015625,0.0,0.0
slovenia,mpi-esm1-2-hr,ssp370,0.8294796142578126,100.0,100.0
spain,mpi-esm1-2-hr,ssp370,1338.34575,100.00000000000006,100.0
sweden,mpi-esm1-2-hr,ssp370,1407.897125,99.99999999999996,100.0
switzerland,mpi-esm1-2-hr,ssp370,555.7262499999998,100.0,100.00000000000004
turkey,mpi-esm1-2-hr,ssp370,328.1624375,100.0,100.0
united_kingdom,mpi-esm1-2-hr,ssp370,9016.448999999997,1.8093747498645512,84.93457474296676
india_east,mpi-esm1-2-hr,ssp370,45.078,100.0,100.0
india_north,mpi-esm1-2-hr,ssp370,768.18475,99.99999999999994,100.0
india_south,mpi-esm1-2-hr,ssp370,1915.3411249999992,99.99999999999996,100.0
india_west,mpi-esm1-2-hr,ssp370,2457.54075,43.27015675221765,99.99999999999996
canada_atlantic,mpi-esm1-2-hr,ssp370,91.98614062500002,100.0,100.0
canada_bc,mpi-esm1-2-hr,ssp370,459.50471875000005,100.0,100.00000000000004
canada_ontario,mpi-esm1-2-hr,ssp370,891.1487499999996,100.0,100.0
canada_prairies,mpi-esm1-2-hr,ssp370,1660.7388750000002,100.0,100.0
canada_quebec,mpi-esm1-2-hr,ssp370,843.8598750000002,100.0,100.00000000000004
usa_caiso,mpi-esm1-2-hr,ssp370,3987.7495,24.45187087040306,24.451870870403063
usa_ercot,mpi-esm1-2-hr,ssp370,13189.712000000009,1.2591847036637316,26.803639351346696
usa_frcc,mpi-esm1-2-hr,ssp370,315.1920000000001,0.0,0.0
usa_isone,mpi-esm1-2-hr,ssp370,369.63678125000007,99.99999999999996,99.99999999999996
usa_miso_central,mpi-esm1-2-hr,ssp370,2021.0486249999988,20.47813851501792,20.47813851501792
usa_miso_north,mpi-esm1-2-hr,ssp370,6946.125999999989,2.2169622269008555,2.2169622269008555
usa_miso_south,mpi-esm1-2-hr,ssp370,1723.8136249999998,34.57657821269984,37.78339256609394
usa_northerngrid_east,mpi-esm1-2-hr,ssp370,503.37187500000033,99.99999999999996,99.99999999999996
usa_northerngrid_south,mpi-esm1-2-hr,ssp370,3709.609000000002,4.644279221618018,65.31717134149478
usa_northerngrid_west,mpi-esm1-2-hr,ssp370,7751.40599999999,100.00000000000004,100.0000000000001
usa_nyiso,mpi-esm1-2-hr,ssp370,1131.754625000001,99.99999999999996,99.99999999999994
usa_pjm_east,mpi-esm1-2-hr,ssp370,43564.10400000011,1.7969528378576825,9.092084900333584
usa_pjm_west,mpi-esm1-2-hr,ssp370,5382.783000000007,0.1088101224340981,11.935159530642098
usa_sertp,mpi-esm1-2-hr,ssp370,13289.228000000016,23.658848223954205,23.658848223954205
usa_spp_north,mpi-esm1-2-hr,ssp370,3757.30575,49.81347538128511,49.81347538128511
usa_spp_south,mpi-esm1-2-hr,ssp370,1897.3861249999995,30.483069358323338,30.483069358323338
usa_westconnect_north,mpi-esm1-2-hr,ssp370,1434.2567499999998,18.98724689438616,56.26866776319283
usa_westconnect_south,mpi-esm1-2-hr,ssp370,6968.544000000004,38.02242825538664,53.55384986060652
argentina,mpi-esm1-2-hr,ssp370,171.0798281250001,0.0,99.99999999999996
brazil_nordeste,mpi-esm1-2-hr,ssp370,36.967574218750016,100.0,100.0
brazil_sudeste,mpi-esm1-2-hr,ssp370,1085.473499999999,100.0,100.00000000000009
brazil_sul,mpi-esm1-2-hr,ssp370,47.06675,100.0,100.0
chile,mpi-esm1-2-hr,ssp370,386.45390624999993,100.00000000000004,100.0
colombia,mpi-esm1-2-hr,ssp370,114.42967187499995,100.0,100.00000000000004
ecuador,mpi-esm1-2-hr,ssp370,2.3908139648437494,100.0,100.0
peru,mpi-esm1-2-hr,ssp370,23.467533203125,100.0,100.0
indonesia,mpi-esm1-2-hr,ssp370,572.8423125,100.0,99.99999999999996
malaysia_east,mpi-esm1-2-hr,ssp370,1.6283521728515624,100.0,100.0
malaysia_west,mpi-esm1-2-hr,ssp370,1965.4592499999987,15.67981612140031,39.19819175634864
myanmar,mpi-esm1-2-hr,ssp370,0.5534821166992188,100.0,100.0
philippines,mpi-esm1-2-hr,ssp370,146.555265625,100.0,100.0
singapore,mpi-esm1-2-hr,ssp370,1872.81775,0.0,99.99999999999996
thailand,mpi-esm1-2-hr,ssp370,372.5465312499999,100.00000000000004,100.0
vietnam,mpi-esm1-2-hr,ssp370,138.28054687499997,100.0,100.0
china_cc,mpi-esm1-2-hr,ssp585,2169.682999999998,100.00000000000009,100.00000000000004
china_csg,mpi-esm1-2-hr,ssp585,5728.312500000003,100.0,100.0
china_ec,mpi-esm1-2-hr,ssp585,10765.142000000002,27.98921917175412,99.99999999999991
china_nc,mpi-esm1-2-hr,ssp585,12621.90200000001,3.5187671947408368,99.99999999999989
china_ne,mpi-esm1-2-hr,ssp585,287.10984375000004,0.0,100.0
china_nw,mpi-esm1-2-hr,ssp585,925.5394375,100.0,100.0
china_sw,mpi-esm1-2-hr,ssp585,2180.4309999999987,100.00000000000006,100.00000000000004
hong_kong,mpi-esm1-2-hr,ssp585,858.9846874999997,0.0,100.0
albania,mpi-esm1-2-hr,ssp585,6.2708369140625,100.0,100.0
austria,mpi-esm1-2-hr,ssp585,259.737375,100.00000000000009,100.00000000000004
belgium,mpi-esm1-2-hr,ssp585,342.26225000000005,2.414872901166532,52.66047892668429
bulgaria,mpi-esm1-2-hr,ssp585,27.4540234375,100.0,100.0
croatia,mpi-esm1-2-hr,ssp585,35.11553515624999,100.0,100.00000000000004
czechia,mpi-esm1-2-hr,ssp585,122.935875,0.0,0.0
denmark,mpi-esm1-2-hr,ssp585,639.3162500000003,0.0,70.34163023663129
estonia,mpi-esm1-2-hr,ssp585,18.23646093750001,0.0,0.0
finland,mpi-esm1-2-hr,ssp585,625.8090624999999,83.56514404963522,83.5651440496352
france,mpi-esm1-2-hr,ssp585,1798.9903750000012,99.99999999999991,99.99999999999991
germany,mpi-esm1-2-hr,ssp585,4015.9500000000016,28.33089933466493,58.46066890439173
greece,mpi-esm1-2-hr,ssp585,105.60263281250003,100.0,100.0
hungary,mpi-esm1-2-hr,ssp585,72.91847656250002,10.859219124197285,10.859219124197285
ireland,mpi-esm1-2-hr,ssp585,1765.4028750000004,0.8817966415061369,57.29615282322247
italy,mpi-esm1-2-hr,ssp585,1548.6603750000006,83.94856867054885,83.94856867054882
latvia,mpi-esm1-2-hr,ssp585,15.872140625,100.00000000000004,100.0
lithuania,mpi-esm1-2-hr,ssp585,7.495887207031249,100.0,100.0
luxembourg,mpi-esm1-2-hr,ssp585,170.8559375,0.0,30.116316890512
netherlands,mpi-esm1-2-hr,ssp585,1756.981749999998,0.0,52.56084392900191
north_macedonia,mpi-esm1-2-hr,ssp585,2.1173723144531245,83.94133990372683,100.0
norway,mpi-esm1-2-hr,ssp585,1291.2499999999998,100.0,100.0
poland,mpi-esm1-2-hr,ssp585,468.83171875,23.754415123101168,26.70943667015082
portugal,mpi-esm1-2-hr,ssp585,133.943625,100.00000000000004,100.0
romania,mpi-esm1-2-hr,ssp585,59.88592187500001,100.0,100.0
serbia,mpi-esm1-2-hr,ssp585,9.261249023437502,100.0,100.0
slovakia,mpi-esm1-2-hr,ssp585,18.29514453125,87.98178599298406,87.98178599298406
slovenia,mpi-esm1-2-hr,ssp585,0.8326841430664063,93.158933227537,93.158933227537
spain,mpi-esm1-2-hr,ssp585,1330.6477500000003,0.0,64.08525992944313
sweden,mpi-esm1-2-hr,ssp585,1429.8160000000005,100.00000000000004,100.0
switzerland,mpi-esm1-2-hr,ssp585,560.7061874999998,100.0,100.0
turkey,mpi-esm1-2-hr,ssp585,325.62190625000005,100.00000000000004,100.0
united_kingdom,mpi-esm1-2-hr,ssp585,8841.077999999987,1.7789892725620318,81.70454630025506
india_east,mpi-esm1-2-hr,ssp585,44.29970312499999,100.0,100.0
india_north,mpi-esm1-2-hr,ssp585,762.9998125000003,99.99999999999996,99.99999999999996
india_south,mpi-esm1-2-hr,ssp585,1920.620500000001,100.0,99.9999999999999
india_west,mpi-esm1-2-hr,ssp585,2443.659250000003,37.98259680574238,99.99999999999996
canada_atlantic,mpi-esm1-2-hr,ssp585,92.037328125,100.0,100.0
canada_bc,mpi-esm1-2-hr,ssp585,460.09490625000007,100.0,100.0
canada_ontario,mpi-esm1-2-hr,ssp585,876.1144999999999,100.0,100.0
canada_prairies,mpi-esm1-2-hr,ssp585,1662.6590000000003,100.00000000000004,100.0
canada_quebec,mpi-esm1-2-hr,ssp585,845.4928125000006,100.0,100.0
usa_caiso,mpi-esm1-2-hr,ssp585,4119.008250000001,43.16165669227319,43.161656692273205
usa_ercot,mpi-esm1-2-hr,ssp585,13026.943000000008,0.0,25.86362740667552
usa_frcc,mpi-esm1-2-hr,ssp585,314.71040625,0.0,0.0
usa_isone,mpi-esm1-2-hr,ssp585,356.52831249999963,100.00000000000004,100.00000000000006
usa_miso_central,mpi-esm1-2-hr,ssp585,2163.163,18.997603121160893,27.34390917521436
usa_miso_north,mpi-esm1-2-hr,ssp585,7218.458,2.201867224171618,2.201867224171618
usa_miso_south,mpi-esm1-2-hr,ssp585,1702.4301249999994,31.653162240983125,36.53622309489019
usa_northerngrid_east,mpi-esm1-2-hr,ssp585,516.4075000000001,100.00000000000004,100.0
usa_northerngrid_south,mpi-esm1-2-hr,ssp585,3743.492000000002,4.200577712329303,63.8931679783936
usa_northerngrid_west,mpi-esm1-2-hr,ssp585,7787.504500000015,99.99999999999996,99.9999999999999
usa_nyiso,mpi-esm1-2-hr,ssp585,1142.5245000000002,99.99999999999994,99.99999999999996
usa_pjm_east,mpi-esm1-2-hr,ssp585,42179.64799999984,1.81654278023884,8.166791531695422
usa_pjm_west,mpi-esm1-2-hr,ssp585,5503.227499999997,0.1071296697583543,11.908259087269297
usa_sertp,mpi-esm1-2-hr,ssp585,13156.37699999998,24.786476810534225,27.104834791020306
usa_spp_north,mpi-esm1-2-hr,ssp585,3936.961749999999,48.77442256659655,48.77442256659655
usa_spp_south,mpi-esm1-2-hr,ssp585,1978.866125,29.437445769623363,29.437445769623363
usa_westconnect_north,mpi-esm1-2-hr,ssp585,1471.509625,18.36354509889505,56.46877312960304
usa_westconnect_south,mpi-esm1-2-hr,ssp585,6389.788000000008,37.485708340176025,50.48017280865794
argentina,mpi-esm1-2-hr,ssp585,172.06979687499995,100.0,100.0
brazil_nordeste,mpi-esm1-2-hr,ssp585,37.025273437500005,100.00000000000004,100.0
brazil_sudeste,mpi-esm1-2-hr,ssp585,1060.7018749999993,100.0,100.00000000000011
brazil_sul,mpi-esm1-2-hr,ssp585,47.5124765625,100.0,100.0
chile,mpi-esm1-2-hr,ssp585,394.9222812499999,100.00000000000004,100.0
colombia,mpi-esm1-2-hr,ssp585,113.86171093750002,100.0,100.0
ecuador,mpi-esm1-2-hr,ssp585,2.414347900390625,100.0,100.0
peru,mpi-esm1-2-hr,ssp585,23.808814453125,100.0,100.0
indonesia,mpi-esm1-2-hr,ssp585,562.8819374999998,100.0,100.0
malaysia_east,mpi-esm1-2-hr,ssp585,1.628308837890625,100.0,100.0
malaysia_west,mpi-esm1-2-hr,ssp585,1959.640999999999,17.782716322889115,41.7145289175608
myanmar,mpi-esm1-2-hr,ssp585,0.5540252685546875,100.0,100.0
philippines,mpi-esm1-2-hr,ssp585,146.74893750000007,100.00000000000004,100.0
singapore,mpi-esm1-2-hr,ssp585,1859.969875,0.0,100.00000000000004
thailand,mpi-esm1-2-hr,ssp585,369.6063750000002,100.00000000000004,100.0
vietnam,mpi-esm1-2-hr,ssp585,140.0780625,100.0,100.0
china_cc,mri-esm2-0,ssp126,2129.705249999999,99.99999999999996,100.00000000000004
china_csg,mri-esm2-0,ssp126,5681.153000000004,99.99999999999989,99.99999999999996
china_ec,mri-esm2-0,ssp126,10670.259000000004,28.475852079883964,100.00000000000004
china_nc,mri-esm2-0,ssp126,12986.724000000026,2.9594668618769666,99.99999999999984
china_ne,mri-esm2-0,ssp126,294.58128125,100.00000000000004,100.00000000000004
china_nw,mri-esm2-0,ssp126,939.1740625,100.00000000000009,100.00000000000004
china_sw,mri-esm2-0,ssp126,2192.922250000001,99.99999999999994,99.99999999999996
hong_kong,mri-esm2-0,ssp126,848.5740000000003,0.0,100.0
albania,mri-esm2-0,ssp126,6.46966943359375,100.0,100.0
austria,mri-esm2-0,ssp126,236.66479687500012,100.0,100.0
belgium,mri-esm2-0,ssp126,356.2773749999999,2.6903774225645805,53.43465494903082
bulgaria,mri-esm2-0,ssp126,28.664474609375,99.99999999999996,100.0
croatia,mri-esm2-0,ssp126,34.4332265625,100.00000000000004,100.0
czechia,mri-esm2-0,ssp126,113.46857031250002,0.0,0.0
denmark,mri-esm2-0,ssp126,662.0036875000001,0.0,73.68476835534388
estonia,mri-esm2-0,ssp126,18.344517578125004,0.0,0.0
finland,mri-esm2-0,ssp126,616.0986249999999,77.78726473708046,77.78726473708048
france,mri-esm2-0,ssp126,1788.8018750000012,100.0,99.99999999999991
germany,mri-esm2-0,ssp126,4024.2877500000072,29.932623250696373,58.92926359648739
greece,mri-esm2-0,ssp126,108.0117890625,100.0,100.0
hungary,mri-esm2-0,ssp126,69.54787500000002,11.172856659450629,11.172856659450629
ireland,mri-esm2-0,ssp126,1782.3537500000002,0.8541883366553804,59.825987668099344
italy,mri-esm2-0,ssp126,1696.412875000001,88.5029829304021,88.50298293040214
latvia,mri-esm2-0,ssp126,16.079248046874998,100.0,100.00000000000004
lithuania,mri-esm2-0,ssp126,7.54437255859375,100.0,100.0
luxembourg,mri-esm2-0,ssp126,173.15256250000004,0.0,30.055773907393704
netherlands,mri-esm2-0,ssp126,1789.109625,0.0,60.07756370137712
north_macedonia,mri-esm2-0,ssp126,2.166400634765625,88.62116866539756,100.0
norway,mri-esm2-0,ssp126,1338.8212500000016,100.00000000000004,99.9999999999999
poland,mri-esm2-0,ssp126,450.66087499999975,24.684004771473557,26.79154693189365
portugal,mri-esm2-0,ssp126,137.26965625,100.0,100.0
romania,mri-esm2-0,ssp126,62.74329296875,100.0,100.0
serbia,mri-esm2-0,ssp126,9.671332031249998,100.0,100.0
slovakia,mri-esm2-0,ssp126,16.631949218750005,99.99999999999996,99.99999999999996
slovenia,mri-esm2-0,ssp126,0.8135883178710939,100.0,100.0
spain,mri-esm2-0,ssp126,1369.6795000000006,100.0,100.00000000000004
sweden,mri-esm2-0,ssp126,1433.5628749999992,100.0,100.00000000000004
switzerland,mri-esm2-0,ssp126,569.7948125,100.0,99.99999999999996
turkey,mri-esm2-0,ssp126,335.83612500000004,100.00000000000004,100.0
united_kingdom,mri-esm2-0,ssp126,8907.460000000003,1.768660302296051,83.32344289697329
india_east,mri-esm2-0,ssp126,45.865789062500006,100.0,100.0
india_north,mri-esm2-0,ssp126,768.3586249999998,100.00000000000004,100.0
india_south,mri-esm2-0,ssp126,2100.1810000000028,100.00000000000004,99.99999999999994
india_west,mri-esm2-0,ssp126,2504.3765,38.33132329562438,100.0
canada_atlantic,mri-esm2-0,ssp126,92.326703125,100.0,100.0
canada_bc,mri-esm2-0,ssp126,459.24468750000005,100.0,99.99999999999996
canada_ontario,mri-esm2-0,ssp126,889.3611874999998,100.00000000000004,100.0
canada_prairies,mri-esm2-0,ssp126,1684.6562500000011,100.0,99.99999999999996
canada_quebec,mri-esm2-0,ssp126,839.3916249999993,0.0,94.1490749444928
usa_caiso,mri-esm2-0,ssp126,4031.9605,43.78793940777858,43.78793940777858
usa_ercot,mri-esm2-0,ssp126,13456.926999999998,1.2249664662835775,26.262183358371946
usa_frcc,mri-esm2-0,ssp126,320.12671875,0.0,0.0
usa_isone,mri-esm2-0,ssp126,352.98884375,100.0,100.0
usa_miso_central,mri-esm2-0,ssp126,2196.696249999997,20.83152857381814,22.44643189218392
usa_miso_north,mri-esm2-0,ssp126,7696.790500000004,2.102612476520484,2.4116049544339835
usa_miso_south,mri-esm2-0,ssp126,1875.180625,36.29393912508642,36.29393912508642
usa_northerngrid_east,mri-esm2-0,ssp126,517.0713437499999,99.99999999999996,100.0
usa_northerngrid_south,mri-esm2-0,ssp126,3734.195499999998,5.269044796648388,65.43461416811051
usa_northerngrid_west,mri-esm2-0,ssp126,7926.307999999999,100.00000000000004,100.00000000000004
usa_nyiso,mri-esm2-0,ssp126,1127.8452500000003,100.00000000000009,100.0
usa_pjm_east,mri-esm2-0,ssp126,42766.47599999992,1.8586726918814545,7.646558932012432
usa_pjm_west,mri-esm2-0,ssp126,5616.765000000003,0.0992954250015199,17.67024481575033
usa_sertp,mri-esm2-0,ssp126,13442.354,24.35433420858026,25.88876005768495
usa_spp_north,mri-esm2-0,ssp126,4125.649999999999,49.46326702250402,49.46326702250403
usa_spp_south,mri-esm2-0,ssp126,2093.876125,31.186392274214928,38.90977348006795
usa_westconnect_north,mri-esm2-0,ssp126,1428.7142500000004,19.77684248618011,55.74804409312793
usa_westconnect_south,mri-esm2-0,ssp126,7117.173500000004,37.19699479289677,58.08403892462436
argentina,mri-esm2-0,ssp126,173.39215625000003,100.0,100.0
brazil_nordeste,mri-esm2-0,ssp126,37.27464453125,100.0,100.0
brazil_sudeste,mri-esm2-0,ssp126,1061.230625,99.99999999999996,100.0
brazil_sul,mri-esm2-0,ssp126,47.83817578124999,100.0,100.0
chile,mri-esm2-0,ssp126,393.5695,100.0,100.0
colombia,mri-esm2-0,ssp126,114.36792187499998,100.0,100.0
ecuador,mri-esm2-0,ssp126,2.416212646484376,100.0,100.0
peru,mri-esm2-0,ssp126,23.644779296875,100.0,100.0
indonesia,mri-esm2-0,ssp126,565.1018125000005,100.00000000000004,99.99999999999996
malaysia_east,mri-esm2-0,ssp126,1.6192513427734374,100.0,100.0
malaysia_west,mri-esm2-0,ssp126,1980.8741249999985,18.97725132581548,42.33952266920224
myanmar,mri-esm2-0,ssp126,0.5646710815429687,100.0,100.0
philippines,mri-esm2-0,ssp126,149.66256250000006,99.99999999999994,100.0
singapore,mri-esm2-0,ssp126,1889.278750000001,0.0,99.99999999999996
thailand,mri-esm2-0,ssp126,380.01509375,100.0,100.00000000000004
vietnam,mri-esm2-0,ssp126,141.34646875,100.0,100.0
china_cc,mri-esm2-0,ssp370,2158.933249999999,100.00000000000006,100.0
china_csg,mri-esm2-0,ssp370,5654.419,100.0,100.0
china_ec,mri-esm2-0,ssp370,10801.958999999988,27.971639896455784,100.0000000000001
china_nc,mri-esm2-0,ssp370,13037.53800000001,3.6980928960025303,99.99999999999996
china_ne,mri-esm2-0,ssp370,290.1249375,100.0,100.0
china_nw,mri-esm2-0,ssp370,934.062125,0.0,100.0
china_sw,mri-esm2-0,ssp370,2192.668000000001,99.99999999999991,99.99999999999996
hong_kong,mri-esm2-0,ssp370,844.1747500000004,0.0,99.99999999999994
albania,mri-esm2-0,ssp370,6.43977880859375,100.0,100.0
austria,mri-esm2-0,ssp370,236.4126093749999,100.0,100.00000000000004
belgium,mri-esm2-0,ssp370,340.51262499999973,2.4803072143303053,53.33480973964649
bulgaria,mri-esm2-0,ssp370,27.69919921875,100.0,100.0
croatia,mri-esm2-0,ssp370,34.111625000000004,99.99999999999996,100.0
czechia,mri-esm2-0,ssp370,113.12117968750005,0.0,0.0
denmark,mri-esm2-0,ssp370,661.6883749999998,0.0,74.16285278080375
estonia,mri-esm2-0,ssp370,18.364800781250008,0.0,0.0
finland,mri-esm2-0,ssp370,604.4694375000001,79.14660830899224,79.14660830899226
france,mri-esm2-0,ssp370,1767.526125,100.00000000000009,100.0
germany,mri-esm2-0,ssp370,3972.131749999996,30.119482751828794,60.78044974542076
greece,mri-esm2-0,ssp370,109.9950234375,100.0,100.0
hungary,mri-esm2-0,ssp370,70.77051562499999,14.57492016048762,31.164423655901988
ireland,mri-esm2-0,ssp370,1786.710125,0.8892359843397752,65.23581847275695
italy,mri-esm2-0,ssp370,1678.8683749999998,85.78517826467348,85.7851782646735
latvia,mri-esm2-0,ssp370,16.07226953125,100.0,100.0
lithuania,mri-esm2-0,ssp370,7.379974121093749,100.0,100.0
luxembourg,mri-esm2-0,ssp370,169.27885937499997,0.0,43.504226909520206
netherlands,mri-esm2-0,ssp370,1777.4242500000007,0.0,60.25931171270791
north_macedonia,mri-esm2-0,ssp370,2.138620849609375,90.96954821499784,100.0
norway,mri-esm2-0,ssp370,1354.9732500000011,100.00000000000006,99.99999999999996
poland,mri-esm2-0,ssp370,444.22603125,25.77878989737054,37.01345964399656
portugal,mri-esm2-0,ssp370,135.168109375,100.0,100.0
romania,mri-esm2-0,ssp370,59.51867968750001,100.0,99.99999999999996
serbia,mri-esm2-0,ssp370,9.830583007812502,100.0,100.0
slovakia,mri-esm2-0,ssp370,16.881601562500002,100.0,99.99999999999996
slovenia,mri-esm2-0,ssp370,0.8037939453125,100.0,100.0
spain,mri-esm2-0,ssp370,1344.58525,100.00000000000004,100.0
sweden,mri-esm2-0,ssp370,1406.4772500000008,99.99999999999994,99.99999999999994
switzerland,mri-esm2-0,ssp370,556.9880625000001,99.99999999999996,100.0
turkey,mri-esm2-0,ssp370,335.89975,99.99999999999991,100.0
united_kingdom,mri-esm2-0,ssp370,8906.611000000006,1.7798847645369298,83.89764577107675
india_east,mri-esm2-0,ssp370,45.469582031250006,100.0,100.0
india_north,mri-esm2-0,ssp370,766.301625,100.0,100.0
india_south,mri-esm2-0,ssp370,2124.548999999999,100.00000000000004,100.00000000000004
india_west,mri-esm2-0,ssp370,2502.7762500000003,32.623552723686736,100.0
canada_atlantic,mri-esm2-0,ssp370,92.4466875,100.0,100.0
canada_bc,mri-esm2-0,ssp370,459.099625,99.99999999999996,100.0
canada_ontario,mri-esm2-0,ssp370,940.0808125,100.0,99.99999999999994
canada_prairies,mri-esm2-0,ssp370,1730.728125,100.0,100.0
canada_quebec,mri-esm2-0,ssp370,851.938875,100.0,100.0
usa_caiso,mri-esm2-0,ssp370,4000.23875,38.0239551836857,38.0239551836857
usa_ercot,mri-esm2-0,ssp370,13653.776000000003,1.31340967758192,25.989660408515245
usa_frcc,mri-esm2-0,ssp370,317.61853125000005,0.0,0.0
usa_isone,mri-esm2-0,ssp370,355.68837499999995,100.00000000000004,99.99999999999996
usa_miso_central,mri-esm2-0,ssp370,2399.3179999999998,20.475525245417323,22.48894766870401
usa_miso_north,mri-esm2-0,ssp370,8125.105999999995,2.571242422504405,2.571242422504405
usa_miso_south,mri-esm2-0,ssp370,1821.336,33.556303885414934,37.20086689040056
usa_northerngrid_east,mri-esm2-0,ssp370,522.39,100.00000000000004,99.99999999999996
usa_northerngrid_south,mri-esm2-0,ssp370,3879.954000000004,5.0777004849502285,66.88399248627117
usa_northerngrid_west,mri-esm2-0,ssp370,8114.199500000004,99.99999999999996,99.99999999999994
usa_nyiso,mri-esm2-0,ssp370,1124.567750000001,99.9999999999999,99.99999999999996
usa_pjm_east,mri-esm2-0,ssp370,42244.66799999993,1.8796513602415157,7.564429241725968
usa_pjm_west,mri-esm2-0,ssp370,6153.655999999999,0.1118213968408245,16.65482417934369
usa_sertp,mri-esm2-0,ssp370,13221.803999999996,24.815537811105354,24.815537811105354
usa_spp_north,mri-esm2-0,ssp370,4423.890999999998,50.71238352543231,55.39628927906293
usa_spp_south,mri-esm2-0,ssp370,2121.103999999999,32.88717048159102,40.71486282185996
usa_westconnect_north,mri-esm2-0,ssp370,1429.256625,18.81095198592164,56.31938915217338
usa_westconnect_south,mri-esm2-0,ssp370,6950.264500000001,38.23028833675816,51.997661893517
argentina,mri-esm2-0,ssp370,172.76054687500007,100.0,100.0
brazil_nordeste,mri-esm2-0,ssp370,37.05615625,100.0,100.0
brazil_sudeste,mri-esm2-0,ssp370,1072.7614999999996,100.0,100.00000000000004
brazil_sul,mri-esm2-0,ssp370,48.75661328125001,100.0,100.0
chile,mri-esm2-0,ssp370,399.6593125,99.99999999999996,100.0
colombia,mri-esm2-0,ssp370,113.18410156250002,100.0,100.0
ecuador,mri-esm2-0,ssp370,2.4241162109375,100.0,100.0
peru,mri-esm2-0,ssp370,23.397591796875,100.0,100.0
indonesia,mri-esm2-0,ssp370,560.8327500000001,99.99999999999994,99.99999999999996
malaysia_east,mri-esm2-0,ssp370,1.5998175048828125,100.0,100.0
malaysia_west,mri-esm2-0,ssp370,1975.4757500000003,18.09219527310252,41.56610695644186
myanmar,mri-esm2-0,ssp370,0.5662406616210938,100.0,100.0
philippines,mri-esm2-0,ssp370,148.20714062499997,100.0,100.0
singapore,mri-esm2-0,ssp370,1876.5905000000005,0.0,100.0
thailand,mri-esm2-0,ssp370,378.7980625,100.0,100.00000000000004
vietnam,mri-esm2-0,ssp370,138.24410937499997,100.0,100.0
china_cc,mri-esm2-0,ssp585,2158.093749999999,99.99999999999996,99.99999999999996
china_csg,mri-esm2-0,ssp585,5660.163999999994,99.99999999999989,100.0
china_ec,mri-esm2-0,ssp585,10829.855000000009,28.933251003674677,99.99999999999991
china_nc,mri-esm2-0,ssp585,13381.955999999984,6.791417770093553,100.00000000000009
china_ne,mri-esm2-0,ssp585,292.187625,100.00000000000004,100.00000000000004
china_nw,mri-esm2-0,ssp585,928.4188749999996,100.00000000000004,100.0
china_sw,mri-esm2-0,ssp585,2240.978750000001,100.0,99.99999999999996
hong_kong,mri-esm2-0,ssp585,844.7340625000004,0.0,100.0
albania,mri-esm2-0,ssp585,6.332571289062501,100.0,100.0
austria,mri-esm2-0,ssp585,239.407328125,100.0,100.0
belgium,mri-esm2-0,ssp585,346.62103125,2.604542982926925,44.18730572564443
bulgaria,mri-esm2-0,ssp585,27.655595703125,100.0,100.0
croatia,mri-esm2-0,ssp585,38.29091796875001,99.99999999999996,100.0
czechia,mri-esm2-0,ssp585,112.01872656249998,0.0,0.0
denmark,mri-esm2-0,ssp585,670.0253125000007,0.0,47.09803554466303
estonia,mri-esm2-0,ssp585,18.411875,0.0,0.0
finland,mri-esm2-0,ssp585,643.4500000000002,80.6202497235709,80.6202497235709
france,mri-esm2-0,ssp585,1784.6862500000002,100.00000000000004,100.00000000000004
germany,mri-esm2-0,ssp585,3940.940999999996,27.50551426525161,45.89581426040459
greece,mri-esm2-0,ssp585,110.18133593749998,99.99999999999996,100.0
hungary,mri-esm2-0,ssp585,74.4027734375,10.489048310490055,10.489048310490055
ireland,mri-esm2-0,ssp585,1828.943875,0.8653189355385791,45.24540231079065
italy,mri-esm2-0,ssp585,1682.8859999999995,82.53398129928061,82.53398129928061
latvia,mri-esm2-0,ssp585,16.362888671875,100.0,100.0
lithuania,mri-esm2-0,ssp585,7.561986816406249,100.0,100.0
luxembourg,mri-esm2-0,ssp585,169.9455625,0.0,0.0
netherlands,mri-esm2-0,ssp585,1791.6947500000003,0.0,37.3662376930114
north_macedonia,mri-esm2-0,ssp585,2.16752490234375,86.83927751821929,100.0
norway,mri-esm2-0,ssp585,1342.2662500000004,0.0,58.782265911573575
poland,mri-esm2-0,ssp585,455.0200000000001,25.039800118034982,25.039800118034982
portugal,mri-esm2-0,ssp585,141.61646874999997,100.0,100.00000000000004
romania,mri-esm2-0,ssp585,61.52770703125,100.0,100.0
serbia,mri-esm2-0,ssp585,10.162235351562504,100.0,100.0
slovakia,mri-esm2-0,ssp585,17.194337890625,99.13807019521803,99.13807019521802
slovenia,mri-esm2-0,ssp585,0.8104915771484373,100.0,100.0
spain,mri-esm2-0,ssp585,1382.6917500000004,99.99999999999991,100.0
sweden,mri-esm2-0,ssp585,1439.07075,99.99999999999996,100.0
switzerland,mri-esm2-0,ssp585,556.4166874999999,100.0,100.0
turkey,mri-esm2-0,ssp585,343.95593749999995,99.99999999999996,100.0
united_kingdom,mri-esm2-0,ssp585,9169.368000000017,1.7622784776721312,64.82240422572494
india_east,mri-esm2-0,ssp585,45.234265625,100.0,100.0
india_north,mri-esm2-0,ssp585,785.8136875000002,100.0,100.0
india_south,mri-esm2-0,ssp585,2120.072250000001,100.0000000000001,100.00000000000004
india_west,mri-esm2-0,ssp585,2562.0514999999987,40.837062029201306,100.0
canada_atlantic,mri-esm2-0,ssp585,92.1777109375,100.0,100.0
canada_bc,mri-esm2-0,ssp585,460.1616562499998,99.99999999999996,100.0
canada_ontario,mri-esm2-0,ssp585,888.1766249999997,100.0,100.0
canada_prairies,mri-esm2-0,ssp585,1679.253125,100.0,100.0
canada_quebec,mri-esm2-0,ssp585,850.8425000000001,99.99999999999996,99.99999999999996
usa_caiso,mri-esm2-0,ssp585,4032.116249999999,36.899614449740135,36.899614449740135
usa_ercot,mri-esm2-0,ssp585,13379.813999999988,1.2263579558184885,26.40787393204957
usa_frcc,mri-esm2-0,ssp585,318.97603124999995,0.0,0.0
usa_isone,mri-esm2-0,ssp585,360.46453125,99.99999999999994,100.0
usa_miso_central,mri-esm2-0,ssp585,2317.261749999999,19.8551527291866,24.064207210784875
usa_miso_north,mri-esm2-0,ssp585,8071.017999999999,2.491495440738956,2.491495440738956
usa_miso_south,mri-esm2-0,ssp585,1949.1565000000012,32.30947559573714,37.73483887282146
usa_northerngrid_east,mri-esm2-0,ssp585,545.8234375000002,99.99999999999996,100.0
usa_northerngrid_south,mri-esm2-0,ssp585,3837.249500000001,4.781818327607538,69.650895080227
usa_northerngrid_west,mri-esm2-0,ssp585,8412.999999999996,100.00000000000011,100.00000000000004
usa_nyiso,mri-esm2-0,ssp585,1133.2734999999998,100.00000000000004,100.00000000000004
usa_pjm_east,mri-esm2-0,ssp585,44002.94399999982,1.8234281758205015,8.122661915225178
usa_pjm_west,mri-esm2-0,ssp585,5725.512500000001,0.108236114310552,11.479643047006071
usa_sertp,mri-esm2-0,ssp585,13157.359000000008,25.88930523876882,25.889305238768824
usa_spp_north,mri-esm2-0,ssp585,4436.119499999999,49.8924855427587,51.30648457961424
usa_spp_south,mri-esm2-0,ssp585,2249.538,29.449286908982035,38.8575427539716
usa_westconnect_north,mri-esm2-0,ssp585,1471.9131249999996,18.64808780046281,56.13631644792822
usa_westconnect_south,mri-esm2-0,ssp585,6814.856000000006,36.38223089250012,59.21484051778471
argentina,mri-esm2-0,ssp585,173.64526562499998,100.0,100.0
brazil_nordeste,mri-esm2-0,ssp585,37.3420390625,100.0,100.0
brazil_sudeste,mri-esm2-0,ssp585,1087.0145000000002,100.0,100.0
brazil_sul,mri-esm2-0,ssp585,48.06691015624999,99.99999999999996,100.0
chile,mri-esm2-0,ssp585,398.9538749999999,100.00000000000004,100.0
colombia,mri-esm2-0,ssp585,113.70796875000003,100.0,100.0
ecuador,mri-esm2-0,ssp585,2.43803173828125,100.0,100.0
peru,mri-esm2-0,ssp585,23.685203125,100.0,100.0
indonesia,mri-esm2-0,ssp585,563.9868125,100.0,100.00000000000004
malaysia_east,mri-esm2-0,ssp585,1.6055765380859377,100.0,100.0
malaysia_west,mri-esm2-0,ssp585,1979.683000000001,19.603654076538,43.009330230601165
myanmar,mri-esm2-0,ssp585,0.5698270874023438,100.0,100.0
philippines,mri-esm2-0,ssp585,148.71984375,99.99999999999994,99.99999999999996
singapore,mri-esm2-0,ssp585,1883.4155000000007,0.0,99.99999999999994
thailand,mri-esm2-0,ssp585,381.5550000000002,100.0,99.99999999999996
vietnam,mri-esm2-0,ssp585,140.923484375,100.0,100.0
china_cc,ukesm1-0-ll,ssp126,2150.820499999999,100.0,100.0
china_csg,ukesm1-0-ll,ssp126,5794.763999999991,100.00000000000011,100.00000000000014
china_ec,ukesm1-0-ll,ssp126,10992.872999999998,30.739536470675247,100.00000000000004
china_nc,ukesm1-0-ll,ssp126,12800.799000000006,3.0221453097122497,99.99999999999986
china_ne,ukesm1-0-ll,ssp126,314.12215625,100.0,100.0
china_nw,ukesm1-0-ll,ssp126,929.4035000000003,100.0,100.0
china_sw,ukesm1-0-ll,ssp126,2279.0495,100.0,100.0
hong_kong,ukesm1-0-ll,ssp126,871.4261249999997,0.0,99.99999999999996
albania,ukesm1-0-ll,ssp126,6.378634765625,100.0,100.0
austria,ukesm1-0-ll,ssp126,252.49857812500005,100.0,99.99999999999996
belgium,ukesm1-0-ll,ssp126,372.8986875000001,2.4578066006776345,52.47939338757157
bulgaria,ukesm1-0-ll,ssp126,28.315742187500007,100.00000000000004,100.0
croatia,ukesm1-0-ll,ssp126,34.80247265625,99.99999999999996,100.0
czechia,ukesm1-0-ll,ssp126,124.57043750000004,0.0,0.0
denmark,ukesm1-0-ll,ssp126,692.1126249999999,0.0,70.4863604484027
estonia,ukesm1-0-ll,ssp126,19.348578125000003,0.0,0.0
finland,ukesm1-0-ll,ssp126,672.5281250000002,85.06067837119019,85.06067837119019
france,ukesm1-0-ll,ssp126,1877.1048749999968,99.9999999999999,100.00000000000009
germany,ukesm1-0-ll,ssp126,4196.1025,28.878081041403075,55.09779575694588
greece,ukesm1-0-ll,ssp126,113.38759374999997,100.0,100.0
hungary,ukesm1-0-ll,ssp126,73.2235078125,10.548324958281707,10.548324958281707
ireland,ukesm1-0-ll,ssp126,1845.71025,0.8248919070410069,53.66666751182631
italy,ukesm1-0-ll,ssp126,1611.053125000001,86.50079968921096,86.50079968921101
latvia,ukesm1-0-ll,ssp126,19.46842578125,100.0,100.0
lithuania,ukesm1-0-ll,ssp126,8.4787001953125,100.00000000000004,100.00000000000004
luxembourg,ukesm1-0-ll,ssp126,179.22662500000004,0.0,15.44278298060036
netherlands,ukesm1-0-ll,ssp126,1817.7731249999997,0.0,51.7555160718466
north_macedonia,ukesm1-0-ll,ssp126,2.202366943359375,90.03302363080911,100.0
norway,ukesm1-0-ll,ssp126,1425.8749999999989,100.00000000000004,100.00000000000004
poland,ukesm1-0-ll,ssp126,488.8563437499999,23.068118938512825,23.068118938512825
portugal,ukesm1-0-ll,ssp126,145.18546874999998,100.00000000000004,100.0
romania,ukesm1-0-ll,ssp126,61.09483984375,100.0,99.99999999999996
serbia,ukesm1-0-ll,ssp126,9.5773173828125,100.0,100.0
slovakia,ukesm1-0-ll,ssp126,17.625369140625,100.00000000000004,100.0
slovenia,ukesm1-0-ll,ssp126,0.84389990234375,100.0,100.0
spain,ukesm1-0-ll,ssp126,1371.0009999999995,100.00000000000009,100.0
sweden,ukesm1-0-ll,ssp126,1458.273000000001,99.9999999999999,99.99999999999996
switzerland,ukesm1-0-ll,ssp126,592.4045625,100.00000000000006,100.0
turkey,ukesm1-0-ll,ssp126,330.16578125000007,100.0,100.0
united_kingdom,ukesm1-0-ll,ssp126,9338.199999999995,1.6976705868716166,80.85529114231001
india_east,ukesm1-0-ll,ssp126,45.44927734374999,100.0,100.00000000000004
india_north,ukesm1-0-ll,ssp126,779.4177500000002,100.00000000000004,100.0
india_south,ukesm1-0-ll,ssp126,2195.9972499999994,100.00000000000009,100.0
india_west,ukesm1-0-ll,ssp126,2528.925000000001,34.67821884684484,99.99999999999996
canada_atlantic,ukesm1-0-ll,ssp126,92.5712734375,100.0,100.0
canada_bc,ukesm1-0-ll,ssp126,459.63309375,99.99999999999996,100.00000000000004
canada_ontario,ukesm1-0-ll,ssp126,945.5674375,100.0,100.0
canada_prairies,ukesm1-0-ll,ssp126,1680.4637500000006,100.0,100.0
canada_quebec,ukesm1-0-ll,ssp126,853.8225000000002,100.0,99.99999999999996
usa_caiso,ukesm1-0-ll,ssp126,4210.533999999998,39.25930269088276,39.25930269088276
usa_ercot,ukesm1-0-ll,ssp126,13293.625999999991,1.2597416276170113,26.604519643788088
usa_frcc,ukesm1-0-ll,ssp126,320.56653125000014,0.0,0.0
usa_isone,ukesm1-0-ll,ssp126,389.2000000000001,100.0,100.0
usa_miso_central,ukesm1-0-ll,ssp126,2209.9472499999997,21.23254409224877,21.23254409224877
usa_miso_north,ukesm1-0-ll,ssp126,7466.315500000004,2.3649176263269607,2.3649176263269607
usa_miso_south,ukesm1-0-ll,ssp126,2130.9619999999995,30.67939517687026,37.03128903628256
usa_northerngrid_east,ukesm1-0-ll,ssp126,533.0974999999997,100.0,100.00000000000004
usa_northerngrid_south,ukesm1-0-ll,ssp126,3905.5569999999952,4.7769762728624,70.75697961836175
usa_northerngrid_west,ukesm1-0-ll,ssp126,8370.039,99.99999999999996,99.99999999999991
usa_nyiso,ukesm1-0-ll,ssp126,1148.4090000000008,99.99999999999994,99.99999999999996
usa_pjm_east,ukesm1-0-ll,ssp126,44674.16399999986,1.7783689503300717,8.172440557231063
usa_pjm_west,ukesm1-0-ll,ssp126,5717.204500000008,0.0974638009403351,14.66351574439397
usa_sertp,ukesm1-0-ll,ssp126,13065.340000000024,23.23660495223854,23.23660495223853
usa_spp_north,ukesm1-0-ll,ssp126,4028.793999999999,48.156469269589394,50.04081574379166
usa_spp_south,ukesm1-0-ll,ssp126,2124.6390000000006,27.450134969555076,27.450134969555076
usa_westconnect_north,ukesm1-0-ll,ssp126,1421.004875,18.294691730136726,56.51698272935015
usa_westconnect_south,ukesm1-0-ll,ssp126,7006.797999999994,39.598296240023735,55.14616388723173
argentina,ukesm1-0-ll,ssp126,176.0007031250001,100.0,100.0
brazil_nordeste,ukesm1-0-ll,ssp126,37.4514375,100.0,100.0
brazil_sudeste,ukesm1-0-ll,ssp126,1097.4985000000004,100.00000000000004,100.00000000000004
brazil_sul,ukesm1-0-ll,ssp126,49.006339843750006,100.0,100.0
chile,ukesm1-0-ll,ssp126,388.6790625000001,99.99999999999996,100.0
colombia,ukesm1-0-ll,ssp126,117.0565625,0.0,100.0
ecuador,ukesm1-0-ll,ssp126,2.60650927734375,100.0,100.0
peru,ukesm1-0-ll,ssp126,23.506419921875,100.0,100.0
indonesia,ukesm1-0-ll,ssp126,587.4469999999997,99.99999999999994,100.0
malaysia_east,ukesm1-0-ll,ssp126,1.64010986328125,100.0,100.0
malaysia_west,ukesm1-0-ll,ssp126,2019.3173749999987,20.003937435143055,42.62258196452052
myanmar,ukesm1-0-ll,ssp126,0.5694664306640626,100.0,100.0
philippines,ukesm1-0-ll,ssp126,149.324078125,100.00000000000004,100.00000000000004
singapore,ukesm1-0-ll,ssp126,1908.126999999998,0.0,100.0000000000001
thailand,ukesm1-0-ll,ssp126,380.64509375,100.0,100.00000000000004
vietnam,ukesm1-0-ll,ssp126,137.72684375000003,100.0,100.0
china_cc,ukesm1-0-ll,ssp370,2246.23025,99.99999999999996,100.0
china_csg,ukesm1-0-ll,ssp370,5738.500499999994,100.00000000000006,100.00000000000011
china_ec,ukesm1-0-ll,ssp370,10824.501000000018,23.96169600947722,99.9999999999999
china_nc,ukesm1-0-ll,ssp370,13070.748000000003,3.4030879382880053,99.99999999999994
china_ne,ukesm1-0-ll,ssp370,304.3278125,99.99999999999996,100.0
china_nw,ukesm1-0-ll,ssp370,958.2174375000002,100.0,100.0
china_sw,ukesm1-0-ll,ssp370,2281.8547500000004,99.99999999999994,99.99999999999994
hong_kong,ukesm1-0-ll,ssp370,859.2139375,0.0,100.0
albania,ukesm1-0-ll,ssp370,6.341417968750001,100.0,100.0
austria,ukesm1-0-ll,ssp370,245.984375,99.99999999999996,100.0
belgium,ukesm1-0-ll,ssp370,375.59790625000034,2.30153357219091,56.0282377674033
bulgaria,ukesm1-0-ll,ssp370,28.641677734375,100.0,100.0
croatia,ukesm1-0-ll,ssp370,34.67462109374999,100.0,100.0
czechia,ukesm1-0-ll,ssp370,130.7320078125,0.0,0.0
denmark,ukesm1-0-ll,ssp370,699.0676874999997,0.0,74.1569539655872
estonia,ukesm1-0-ll,ssp370,20.272705078124996,0.0,0.0
finland,ukesm1-0-ll,ssp370,724.0343125,85.7467337138749,85.7467337138749
france,ukesm1-0-ll,ssp370,1903.5455,99.9999999999999,100.0
germany,ukesm1-0-ll,ssp370,4137.436750000006,28.797135758236344,62.61887733374268
greece,ukesm1-0-ll,ssp370,115.90450000000004,100.0,100.0
hungary,ukesm1-0-ll,ssp370,72.89603125,11.86867024894613,31.13265926250156
ireland,ukesm1-0-ll,ssp370,1883.4915000000008,0.850432475235138,71.66237055048765
italy,ukesm1-0-ll,ssp370,1595.9469999999997,83.68567570473996,83.68567570473996
latvia,ukesm1-0-ll,ssp370,19.15372265625,100.0,100.0
lithuania,ukesm1-0-ll,ssp370,8.597275390625,100.0,100.0
luxembourg,ukesm1-0-ll,ssp370,186.07840624999997,0.0,43.42311374673034
netherlands,ukesm1-0-ll,ssp370,1820.7760000000012,0.0,61.56371358234579
north_macedonia,ukesm1-0-ll,ssp370,2.1996059570312503,89.32320094304403,100.0
norway,ukesm1-0-ll,ssp370,1440.8401250000002,99.99999999999996,99.99999999999996
poland,ukesm1-0-ll,ssp370,485.29940625000006,24.47802034545156,41.95008284023606
portugal,ukesm1-0-ll,ssp370,140.164109375,100.0,100.00000000000004
romania,ukesm1-0-ll,ssp370,62.15090234375,100.0,100.0
serbia,ukesm1-0-ll,ssp370,9.9483857421875,100.0,100.0
slovakia,ukesm1-0-ll,ssp370,17.46492578125,100.0,99.99999999999996
slovenia,ukesm1-0-ll,ssp370,0.8485016479492187,100.0,100.0
spain,ukesm1-0-ll,ssp370,1386.1334999999997,100.0,100.00000000000004
sweden,ukesm1-0-ll,ssp370,1467.3410000000006,100.00000000000004,99.99999999999996
switzerland,ukesm1-0-ll,ssp370,600.6936249999997,100.0000000000001,100.00000000000004
turkey,ukesm1-0-ll,ssp370,339.58337499999993,100.0,100.00000000000004
united_kingdom,ukesm1-0-ll,ssp370,9117.433000000005,1.8058057585647176,84.45296155386463
india_east,ukesm1-0-ll,ssp370,46.47760937499999,100.0,100.0
india_north,ukesm1-0-ll,ssp370,775.0536249999999,100.00000000000006,100.0
india_south,ukesm1-0-ll,ssp370,2248.177499999999,99.99999999999991,100.0
india_west,ukesm1-0-ll,ssp370,2530.5404999999982,32.518440028418674,100.00000000000009
canada_atlantic,ukesm1-0-ll,ssp370,92.62199218749998,100.0,100.0
canada_bc,ukesm1-0-ll,ssp370,460.6074687500003,99.99999999999996,99.99999999999994
canada_ontario,ukesm1-0-ll,ssp370,995.6893749999998,100.0,100.00000000000004
canada_prairies,ukesm1-0-ll,ssp370,1705.5900000000008,100.0,99.99999999999996
canada_quebec,ukesm1-0-ll,ssp370,882.7404999999999,100.00000000000004,100.0
usa_caiso,ukesm1-0-ll,ssp370,4158.0205000000005,37.20071255318775,37.20071255318776
usa_ercot,ukesm1-0-ll,ssp370,13365.672999999982,1.357436277595353,26.56559451998243
usa_frcc,ukesm1-0-ll,ssp370,320.30196875,0.0,0.0
usa_isone,ukesm1-0-ll,ssp370,410.6921874999999,100.0,100.0
usa_miso_central,ukesm1-0-ll,ssp370,2397.25525,19.71931020934972,21.12576657771379
usa_miso_north,ukesm1-0-ll,ssp370,7960.064500000003,2.549017343994052,2.549017343994052
usa_miso_south,ukesm1-0-ll,ssp370,2084.7682499999983,30.86510713628545,33.325720043996455
usa_northerngrid_east,ukesm1-0-ll,ssp370,695.6649375000003,100.0,99.99999999999994
usa_northerngrid_south,ukesm1-0-ll,ssp370,4027.041250000004,4.6466793602713485,66.17689991768218
usa_northerngrid_west,ukesm1-0-ll,ssp370,8176.824000000002,100.0,99.99999999999996
usa_nyiso,ukesm1-0-ll,ssp370,1157.3115,100.00000000000004,100.00000000000004
usa_pjm_east,ukesm1-0-ll,ssp370,43997.06000000002,1.7320579841810058,7.506044775528157
usa_pjm_west,ukesm1-0-ll,ssp370,6186.197999999996,0.1079941374862704,17.773624065190546
usa_sertp,ukesm1-0-ll,ssp370,13264.727999999996,21.80803035244212,22.51581426222031
usa_spp_north,ukesm1-0-ll,ssp370,4212.091000000002,48.96876518166641,48.96876518166641
usa_spp_south,ukesm1-0-ll,ssp370,2081.9876249999998,27.94118624270039,31.142842825355363
usa_westconnect_north,ukesm1-0-ll,ssp370,1426.738874999999,22.993419331801803,56.163243819959945
usa_westconnect_south,ukesm1-0-ll,ssp370,7407.439000000005,34.47001144682801,54.32826262570968
argentina,ukesm1-0-ll,ssp370,174.9745625,100.00000000000004,100.0
brazil_nordeste,ukesm1-0-ll,ssp370,37.545925781249984,100.0,100.00000000000004
brazil_sudeste,ukesm1-0-ll,ssp370,1120.4028749999993,100.0000000000001,100.0
brazil_sul,ukesm1-0-ll,ssp370,51.369734375,100.0,100.0
chile,ukesm1-0-ll,ssp370,389.9490625,100.00000000000004,100.0
colombia,ukesm1-0-ll,ssp370,116.4783046875,0.0,100.0
ecuador,ukesm1-0-ll,ssp370,2.614137939453125,100.0,100.0
peru,ukesm1-0-ll,ssp370,23.895185546874995,100.00000000000004,100.00000000000004
indonesia,ukesm1-0-ll,ssp370,595.4828125000001,99.99999999999996,99.99999999999996
malaysia_east,ukesm1-0-ll,ssp370,1.6374165039062505,100.0,100.0
malaysia_west,ukesm1-0-ll,ssp370,2017.9088750000003,18.697756719063776,41.578167506073946
myanmar,ukesm1-0-ll,ssp370,0.5718684692382813,100.0,100.0
philippines,ukesm1-0-ll,ssp370,150.86078125,100.0,100.0
singapore,ukesm1-0-ll,ssp370,1901.121375000001,0.0,100.0
thailand,ukesm1-0-ll,ssp370,382.7049375,100.00000000000006,100.0
vietnam,ukesm1-0-ll,ssp370,138.36889062500003,100.0,100.0
china_cc,ukesm1-0-ll,ssp585,2170.2967499999995,100.0,99.99999999999996
china_csg,ukesm1-0-ll,ssp585,5730.788999999994,100.00000000000006,100.00000000000006
china_ec,ukesm1-0-ll,ssp585,10774.215999999982,27.237224302140117,100.00000000000016
china_nc,ukesm1-0-ll,ssp585,13168.646000000028,2.8087492028183165,99.99999999999989
china_ne,ukesm1-0-ll,ssp585,312.04803125000024,99.99999999999996,99.99999999999996
china_nw,ukesm1-0-ll,ssp585,944.5521874999994,100.00000000000006,100.00000000000006
china_sw,ukesm1-0-ll,ssp585,2270.963,100.0,100.00000000000004
hong_kong,ukesm1-0-ll,ssp585,864.6200624999998,0.0,100.0
albania,ukesm1-0-ll,ssp585,6.39388232421875,100.0,100.0
austria,ukesm1-0-ll,ssp585,254.89956249999983,100.0,100.00000000000004
belgium,ukesm1-0-ll,ssp585,370.1934999999999,9.333689877784472,52.829971921291445
bulgaria,ukesm1-0-ll,ssp585,28.84211328125002,100.0,100.0
croatia,ukesm1-0-ll,ssp585,35.69191406249999,99.99999999999996,99.99999999999996
czechia,ukesm1-0-ll,ssp585,127.8985625,0.0,0.0
denmark,ukesm1-0-ll,ssp585,711.1345624999998,0.0,74.10029437116137
estonia,ukesm1-0-ll,ssp585,19.50773046875,0.0,0.0
finland,ukesm1-0-ll,ssp585,667.7345625000006,75.14103597968334,75.14103597968335
france,ukesm1-0-ll,ssp585,1869.156125,100.00000000000006,100.0
germany,ukesm1-0-ll,ssp585,4240.7059999999965,28.5856366315599,60.28492558182213
greece,ukesm1-0-ll,ssp585,114.87557031250002,100.0,100.0
hungary,ukesm1-0-ll,ssp585,75.181671875,12.25581886244191,31.60512865392467
ireland,ukesm1-0-ll,ssp585,1906.215750000001,0.8469435379017919,63.31523461334115
italy,ukesm1-0-ll,ssp585,1609.978874999999,85.62405238156241,85.62405238156244
latvia,ukesm1-0-ll,ssp585,19.170294921875005,100.0,100.0
lithuania,ukesm1-0-ll,ssp585,8.659947265624998,100.0,100.0
luxembourg,ukesm1-0-ll,ssp585,184.514875,0.0,43.4853446930255
netherlands,ukesm1-0-ll,ssp585,1820.343625,0.0,60.22993448256436
north_macedonia,ukesm1-0-ll,ssp585,2.2017275390625004,90.22284281256404,100.0
norway,ukesm1-0-ll,ssp585,1471.736125,99.99999999999996,100.00000000000004
poland,ukesm1-0-ll,ssp585,483.82609375000015,25.137338364464547,41.662960044055225
portugal,ukesm1-0-ll,ssp585,144.65187500000002,100.0,99.99999999999996
romania,ukesm1-0-ll,ssp585,62.51362109375,100.0,100.0
serbia,ukesm1-0-ll,ssp585,9.7432080078125,100.0,100.0
slovakia,ukesm1-0-ll,ssp585,18.427287109375,99.88869470881284,99.88869470881286
slovenia,ukesm1-0-ll,ssp585,0.8705325927734376,99.23809137211776,99.23809137211776
spain,ukesm1-0-ll,ssp585,1351.3057500000004,99.99999999999996,100.0
sweden,ukesm1-0-ll,ssp585,1492.6143749999994,100.00000000000004,100.00000000000004
switzerland,ukesm1-0-ll,ssp585,595.6557500000004,99.9999999999999,100.0
turkey,ukesm1-0-ll,ssp585,345.83165625,100.0,100.0
united_kingdom,ukesm1-0-ll,ssp585,9035.42799999998,1.7668332703163498,83.49053244844887
india_east,ukesm1-0-ll,ssp585,45.68041015624999,100.0,100.0
india_north,ukesm1-0-ll,ssp585,777.9792499999996,100.00000000000004,100.00000000000004
india_south,ukesm1-0-ll,ssp585,2196.6082500000016,100.00000000000009,99.99999999999991
india_west,ukesm1-0-ll,ssp585,2530.176500000001,33.307358742389965,99.99999999999996
canada_atlantic,ukesm1-0-ll,ssp585,92.43878125,100.0,100.0
canada_bc,ukesm1-0-ll,ssp585,462.6542500000001,100.0,100.0
canada_ontario,ukesm1-0-ll,ssp585,964.3996875,100.0,100.00000000000004
canada_prairies,ukesm1-0-ll,ssp585,1775.852125,100.0,100.0
canada_quebec,ukesm1-0-ll,ssp585,875.9619374999999,100.00000000000004,100.00000000000004
usa_caiso,ukesm1-0-ll,ssp585,4165.703750000003,42.72129675032747,42.72129675032748
usa_ercot,ukesm1-0-ll,ssp585,13274.261000000022,1.280402504028426,26.66215445240427
usa_frcc,ukesm1-0-ll,ssp585,321.3974999999998,0.0,0.0
usa_isone,ukesm1-0-ll,ssp585,407.60653125,100.0,100.0
usa_miso_central,ukesm1-0-ll,ssp585,2418.5090000000005,18.1932646322347,22.250577496655733
usa_miso_north,ukesm1-0-ll,ssp585,7663.640000000006,2.469783221474416,2.469783221474416
usa_miso_south,ukesm1-0-ll,ssp585,2098.3064999999992,0.0,34.534405851595054
usa_northerngrid_east,ukesm1-0-ll,ssp585,627.4480000000001,100.0,100.0
usa_northerngrid_south,ukesm1-0-ll,ssp585,3975.209999999999,4.833600562929683,65.16376111255046
usa_northerngrid_west,ukesm1-0-ll,ssp585,8195.041499999994,99.99999999999994,100.00000000000004
usa_nyiso,ukesm1-0-ll,ssp585,1134.88225,99.99999999999996,100.0
usa_pjm_east,ukesm1-0-ll,ssp585,46112.32800000002,1.7388423236602275,7.48058492361746
usa_pjm_west,ukesm1-0-ll,ssp585,5864.900500000001,0.1005122923712198,4.761592744893793
usa_sertp,ukesm1-0-ll,ssp585,13261.809,21.219447455068444,21.219447455068444
usa_spp_north,ukesm1-0-ll,ssp585,4169.456499999998,48.450696376116696,48.450696376116696
usa_spp_south,ukesm1-0-ll,ssp585,2069.71875,26.213095667484392,31.132297301156868
usa_westconnect_north,ukesm1-0-ll,ssp585,1433.450999999999,18.56562193671944,55.6494365975759
usa_westconnect_south,ukesm1-0-ll,ssp585,7937.275500000015,36.42477894125389,55.73358685255773
argentina,ukesm1-0-ll,ssp585,175.974,99.99999999999996,100.0
brazil_nordeste,ukesm1-0-ll,ssp585,37.9269609375,100.0,100.0
brazil_sudeste,ukesm1-0-ll,ssp585,1122.3810000000008,99.99999999999991,99.99999999999996
brazil_sul,ukesm1-0-ll,ssp585,51.92266796875001,100.0,100.0
chile,ukesm1-0-ll,ssp585,399.1795312499999,100.00000000000004,100.00000000000004
colombia,ukesm1-0-ll,ssp585,115.27687500000002,0.0,100.0
ecuador,ukesm1-0-ll,ssp585,2.6138312988281247,100.0,100.0
peru,ukesm1-0-ll,ssp585,23.700140625000003,100.0,100.0
indonesia,ukesm1-0-ll,ssp585,588.4275625000001,100.00000000000004,100.0
malaysia_east,ukesm1-0-ll,ssp585,1.632936767578125,100.0,100.0
malaysia_west,ukesm1-0-ll,ssp585,2002.9114999999988,18.52070674716796,41.58584340877758
myanmar,ukesm1-0-ll,ssp585,0.5749127807617187,100.0,100.0
philippines,ukesm1-0-ll,ssp585,150.937421875,100.0,100.0
singapore,ukesm1-0-ll,ssp585,1907.7813750000007,0.0,99.99999999999994
thailand,ukesm1-0-ll,ssp585,382.1758749999999,99.99999999999996,100.0
vietnam,ukesm1-0-ll,ssp585,138.65068749999998,100.0,100.0
