region,gcm,ssp,supply_A_mw,supply_B_mw,supply_C_mw,dc_mean_mw
malaysia_west,mri-esm2-0,ssp370,353.689,353.689,353.689,842.226
vietnam,mri-esm2-0,ssp370,1025.551,1025.551,1025.551,866.554
indonesia,mri-esm2-0,ssp370,1480.316,1480.316,1517.121,1245.381
myanmar,mri-esm2-0,ssp370,3.47,3.47,3.47,2.939
thailand,mri-esm2-0,ssp370,872.314,874.675,874.675,720.771
cambodia,mri-esm2-0,ssp370,54.64,54.64,54.82,46.382
philippines,mri-esm2-0,ssp370,162.003,171.444,202.244,132.59
malaysia_east,mri-esm2-0,ssp370,195.555,195.555,195.555,171.113
china_ec,mri-esm2-0,ssp370,2930.842,2937.584,3197.238,8311.844
china_nc,mri-esm2-0,ssp370,481.989,491.875,500.935,9623.677
china_sw,mri-esm2-0,ssp370,6069.867,6069.867,6069.867,3907.795
china_cc,mri-esm2-0,ssp370,13989.73,14002.541,14002.541,8633.284
china_nw,mri-esm2-0,ssp370,0.0,0.0,0.0,2334.596
china_ne,mri-esm2-0,ssp370,1150.505,1159.942,1159.942,676.836
india_south,mri-esm2-0,ssp126,2945.944,2981.157,2986.979,1742.474
india_east,mri-esm2-0,ssp126,869.943,869.943,869.943,741.864
india_south,mri-esm2-0,ssp585,2978.577,2978.577,2978.577,1736.066
india_east,mri-esm2-0,ssp585,846.507,846.507,846.507,719.69
india_northeast,mri-esm2-0,ssp370,118.782,118.782,118.782,83.71
india_south,mri-esm2-0,ssp370,3368.346,3368.346,3368.346,2101.038
india_east,mri-esm2-0,ssp370,810.882,810.882,810.882,682.025
india_south,mpi-esm1-2-hr,ssp126,2821.876,2821.876,2821.876,2015.908
india_east,mpi-esm1-2-hr,ssp126,765.041,765.041,765.041,619.572
india_north,mpi-esm1-2-hr,ssp126,1078.402,1078.402,1081.854,654.009
india_south,mpi-esm1-2-hr,ssp585,2922.878,2922.878,2922.878,1818.819
india_east,mpi-esm1-2-hr,ssp585,726.776,726.776,726.776,619.074
india_south,mpi-esm1-2-hr,ssp370,2720.143,2720.143,2720.143,1680.175
india_east,mpi-esm1-2-hr,ssp370,804.25,804.25,804.25,681.876
india_south,ipsl-cm6a-lr,ssp126,3042.457,3042.457,3042.457,1852.381
india_east,ipsl-cm6a-lr,ssp126,638.056,638.056,638.056,541.118
india_south,ipsl-cm6a-lr,ssp585,3229.457,3229.457,3229.457,2180.365
india_east,ipsl-cm6a-lr,ssp585,753.675,753.675,753.675,640.225
india_north,ipsl-cm6a-lr,ssp370,1527.877,1527.877,1527.877,981.315
india_south,ipsl-cm6a-lr,ssp370,3237.911,3237.911,3237.911,2390.205
india_east,ipsl-cm6a-lr,ssp370,717.646,717.646,717.646,596.532
india_south,ukesm1-0-ll,ssp126,3198.334,3198.334,3198.334,1967.11
india_east,ukesm1-0-ll,ssp126,684.419,684.419,684.419,572.089
india_south,ukesm1-0-ll,ssp585,3278.614,3278.614,3278.614,1953.336
india_east,ukesm1-0-ll,ssp585,777.274,777.274,777.274,653.19
india_south,ukesm1-0-ll,ssp370,3308.352,3308.352,3308.352,2143.219
india_east,ukesm1-0-ll,ssp370,705.046,705.046,705.046,587.186
india_south,gfdl-esm4,ssp126,3180.761,3180.761,3180.761,1976.291
india_east,gfdl-esm4,ssp126,739.737,739.737,739.737,625.214
india_south,gfdl-esm4,ssp585,2842.869,2873.718,2917.592,1710.122
india_east,gfdl-esm4,ssp585,898.771,898.771,898.771,758.306
india_south,gfdl-esm4,ssp370,3115.966,3115.966,3115.966,1959.002
india_east,gfdl-esm4,ssp370,704.638,704.638,704.638,599.251
brazil_sudeste,mpi-esm1-2-hr,ssp126,1183.574,1183.574,1265.848,908.845
brazil_nordeste,mpi-esm1-2-hr,ssp126,42.269,42.269,42.67,34.649
brazil_sul,mpi-esm1-2-hr,ssp126,82.125,82.125,82.125,55.855
chile,mpi-esm1-2-hr,ssp126,525.088,525.088,526.138,413.337
brazil_nordeste,mpi-esm1-2-hr,ssp370,40.867,40.867,42.493,33.976
brazil_sul,mpi-esm1-2-hr,ssp370,62.671,62.671,62.671,44.711
chile,mpi-esm1-2-hr,ssp370,541.112,541.112,543.632,370.072
brazil_sudeste,mpi-esm1-2-hr,ssp370,1249.347,1249.347,1346.251,951.59
peru,ukesm1-0-ll,ssp126,94.149,94.149,94.149,76.875
ecuador,ukesm1-0-ll,ssp126,60.932,60.932,60.932,51.481
peru,ukesm1-0-ll,ssp585,95.487,95.487,95.487,77.922
ecuador,ukesm1-0-ll,ssp585,62.02,62.02,62.02,52.938
peru,ukesm1-0-ll,ssp370,95.39,95.39,95.39,77.292
ecuador,ukesm1-0-ll,ssp370,61.177,61.177,61.177,51.754
thailand,mri-esm2-0,ssp126,893.953,893.953,893.953,732.397
vietnam,mri-esm2-0,ssp126,658.963,658.963,658.963,544.224
malaysia_east,mri-esm2-0,ssp126,940.845,940.845,940.845,820.069
indonesia,mri-esm2-0,ssp126,1531.698,1531.698,1531.698,1376.98
myanmar,mri-esm2-0,ssp126,0.694,0.694,0.694,0.513
thailand,mri-esm2-0,ssp585,902.627,902.627,902.627,738.043
vietnam,mri-esm2-0,ssp585,801.566,801.566,801.566,671.909
malaysia_east,mri-esm2-0,ssp585,940.706,940.706,940.706,822.07
indonesia,mri-esm2-0,ssp585,1452.107,1452.107,1452.107,1314.217
myanmar,mri-esm2-0,ssp585,0.667,0.667,0.667,0.48
laos,mri-esm2-0,ssp370,31.621,31.621,31.621,26.9
myanmar,mpi-esm1-2-hr,ssp126,12.795,12.795,12.795,10.799
thailand,mpi-esm1-2-hr,ssp126,857.753,857.753,857.753,718.111
vietnam,mpi-esm1-2-hr,ssp126,989.194,989.194,989.194,835.564
malaysia_east,mpi-esm1-2-hr,ssp126,567.719,567.719,567.719,500.839
indonesia,mpi-esm1-2-hr,ssp126,1179.282,1179.282,1179.282,1010.786
myanmar,mpi-esm1-2-hr,ssp585,21.822,21.822,21.822,18.471
thailand,mpi-esm1-2-hr,ssp585,789.751,790.025,790.025,689.365
vietnam,mpi-esm1-2-hr,ssp585,696.572,696.572,696.572,585.814
malaysia_east,mpi-esm1-2-hr,ssp585,953.162,953.162,953.162,829.023
indonesia,mpi-esm1-2-hr,ssp585,1460.862,1460.862,1460.862,1316.052
myanmar,mpi-esm1-2-hr,ssp370,2.705,2.705,2.705,2.251
thailand,mpi-esm1-2-hr,ssp370,868.133,871.467,871.467,725.232
vietnam,mpi-esm1-2-hr,ssp370,993.613,993.613,993.613,839.348
malaysia_east,mpi-esm1-2-hr,ssp370,570.064,570.064,570.064,498.407
indonesia,mpi-esm1-2-hr,ssp370,1239.497,1239.497,1239.497,1009.205
thailand,ipsl-cm6a-lr,ssp126,882.023,882.046,882.046,737.745
vietnam,ipsl-cm6a-lr,ssp126,1061.336,1061.336,1061.336,893.036
malaysia_east,ipsl-cm6a-lr,ssp126,951.643,951.643,951.643,824.496
indonesia,ipsl-cm6a-lr,ssp126,1252.09,1252.09,1252.09,1137.317
thailand,ipsl-cm6a-lr,ssp585,886.043,886.043,886.043,733.074
vietnam,ipsl-cm6a-lr,ssp585,742.542,742.542,742.542,624.75
malaysia_east,ipsl-cm6a-lr,ssp585,567.135,567.135,567.135,495.883
indonesia,ipsl-cm6a-lr,ssp585,1313.683,1313.683,1313.683,1100.197
myanmar,ipsl-cm6a-lr,ssp585,2.651,2.651,2.651,2.179
myanmar,ipsl-cm6a-lr,ssp370,7.334,7.334,7.334,6.199
thailand,ipsl-cm6a-lr,ssp370,878.871,882.807,882.807,724.077
vietnam,ipsl-cm6a-lr,ssp370,594.086,594.086,594.086,494.088
malaysia_east,ipsl-cm6a-lr,ssp370,947.26,947.26,947.26,820.307
indonesia,ipsl-cm6a-lr,ssp370,1518.401,1518.401,1518.401,1354.982
myanmar,ukesm1-0-ll,ssp126,15.896,15.896,15.896,12.943
thailand,ukesm1-0-ll,ssp126,865.538,868.075,868.075,714.52
vietnam,ukesm1-0-ll,ssp126,781.597,781.597,781.597,640.671
malaysia_east,ukesm1-0-ll,ssp126,193.51,193.51,193.51,170.053
indonesia,ukesm1-0-ll,ssp126,1505.901,1505.901,1505.901,1342.443
thailand,ukesm1-0-ll,ssp585,891.444,893.888,893.888,732.083
vietnam,ukesm1-0-ll,ssp585,813.485,813.485,813.485,667.776
malaysia_east,ukesm1-0-ll,ssp585,952.573,952.573,952.573,816.176
indonesia,ukesm1-0-ll,ssp585,1529.089,1529.089,1529.089,1362.833
myanmar,ukesm1-0-ll,ssp585,2.433,2.433,2.433,1.986
thailand,ukesm1-0-ll,ssp370,895.049,897.966,897.966,735.989
vietnam,ukesm1-0-ll,ssp370,755.065,755.065,755.065,618.983
malaysia_east,ukesm1-0-ll,ssp370,961.585,961.585,961.585,817.215
indonesia,ukesm1-0-ll,ssp370,1516.674,1516.674,1516.674,1342.553
myanmar,ukesm1-0-ll,ssp370,1.045,1.045,1.045,0.817
myanmar,gfdl-esm4,ssp126,27.989,27.989,27.989,23.06
thailand,gfdl-esm4,ssp126,825.367,825.555,825.555,712.139
vietnam,gfdl-esm4,ssp126,1082.149,1082.149,1082.149,898.188
malaysia_east,gfdl-esm4,ssp126,953.705,953.705,953.705,820.984
indonesia,gfdl-esm4,ssp126,1209.265,1209.265,1209.265,1102.219
myanmar,gfdl-esm4,ssp585,30.912,30.912,30.912,26.092
thailand,gfdl-esm4,ssp585,773.677,773.677,773.677,671.898
vietnam,gfdl-esm4,ssp585,813.466,813.466,813.466,672.518
malaysia_east,gfdl-esm4,ssp585,570.256,570.256,570.256,497.853
indonesia,gfdl-esm4,ssp585,1475.502,1475.502,1475.502,1347.383
thailand,gfdl-esm4,ssp370,860.169,862.477,862.477,736.9
vietnam,gfdl-esm4,ssp370,924.727,924.727,924.727,780.493
malaysia_east,gfdl-esm4,ssp370,939.974,939.974,939.974,830.732
indonesia,gfdl-esm4,ssp370,1365.998,1365.998,1365.998,1247.922
myanmar,gfdl-esm4,ssp370,0.946,0.946,0.946,0.73
china_csg,mri-esm2-0,ssp126,9086.158,9086.158,9086.158,6790.516
china_cc,mri-esm2-0,ssp126,13948.895,13976.528,13976.528,9360.626
china_nw,mri-esm2-0,ssp126,1274.603,1274.603,1274.603,966.793
china_ne,mri-esm2-0,ssp126,1229.371,1240.35,1240.35,820.397
china_sw,mri-esm2-0,ssp126,3791.932,3791.932,3815.41,2359.393
china_sw,mri-esm2-0,ssp585,2981.025,2975.795,3272.671,1692.088
china_csg,mri-esm2-0,ssp585,8766.179,8766.179,8766.179,6592.243
china_cc,mri-esm2-0,ssp585,13724.494,13741.222,13741.222,9325.734
china_nw,mri-esm2-0,ssp585,1261.089,1261.089,1261.089,954.37
china_ne,mri-esm2-0,ssp585,1774.679,1788.82,1788.82,1221.307
china_csg,mri-esm2-0,ssp370,10238.344,10238.344,10238.344,7522.397
china_sw,mpi-esm1-2-hr,ssp126,2901.783,2899.284,3929.906,1674.817
china_csg,mpi-esm1-2-hr,ssp126,8968.334,8968.334,8968.334,6745.111
china_cc,mpi-esm1-2-hr,ssp126,12518.267,12524.755,12524.755,8917.47
china_nw,mpi-esm1-2-hr,ssp126,1832.998,1832.998,1832.998,1371.803
china_ne,mpi-esm1-2-hr,ssp126,1147.215,1156.322,1156.322,757.781
china_sw,mpi-esm1-2-hr,ssp585,3461.968,3464.535,4110.026,2203.756
china_csg,mpi-esm1-2-hr,ssp585,9351.132,9351.132,9351.132,6801.31
china_cc,mpi-esm1-2-hr,ssp585,13034.373,13041.692,13041.692,9412.517
china_nw,mpi-esm1-2-hr,ssp585,1428.942,1429.054,1429.054,1095.693
china_sw,mpi-esm1-2-hr,ssp370,2910.029,2910.029,3991.672,1660.914
china_csg,mpi-esm1-2-hr,ssp370,8743.413,8755.692,8755.692,6666.443
china_cc,mpi-esm1-2-hr,ssp370,12728.262,12734.56,12734.56,9290.691
china_nw,mpi-esm1-2-hr,ssp370,4492.912,4499.765,4499.765,3288.547
china_ne,mpi-esm1-2-hr,ssp370,1120.877,1129.499,1129.499,773.751
china_sw,ipsl-cm6a-lr,ssp126,3091.006,3090.671,3431.716,1960.844
china_csg,ipsl-cm6a-lr,ssp126,9300.892,9300.892,9300.892,6842.779
china_cc,ipsl-cm6a-lr,ssp126,13578.986,13583.95,13583.95,9525.084
china_nw,ipsl-cm6a-lr,ssp126,1825.405,1825.405,1825.405,1404.619
china_ne,ipsl-cm6a-lr,ssp126,1167.096,1178.684,1178.684,795.603
china_sw,ipsl-cm6a-lr,ssp585,2845.461,2845.461,3284.795,1719.298
china_csg,ipsl-cm6a-lr,ssp585,9088.878,9088.878,9088.878,6733.246
china_cc,ipsl-cm6a-lr,ssp585,12111.561,12112.727,12112.727,8677.287
china_nw,ipsl-cm6a-lr,ssp585,2497.878,2497.878,2497.878,1797.424
china_ne,ipsl-cm6a-lr,ssp585,1130.151,1138.643,1138.643,760.994
china_sw,ipsl-cm6a-lr,ssp370,3314.061,3317.733,3856.349,2082.486
china_csg,ipsl-cm6a-lr,ssp370,9206.013,9206.013,9206.013,6763.363
china_cc,ipsl-cm6a-lr,ssp370,13508.28,13516.086,13516.086,9306.309
china_nw,ipsl-cm6a-lr,ssp370,1535.124,1536.291,1536.291,1187.156
china_ne,ipsl-cm6a-lr,ssp370,1204.326,1215.713,1215.713,815.794
china_sw,ukesm1-0-ll,ssp126,3428.921,3428.921,3849.437,2104.925
china_csg,ukesm1-0-ll,ssp126,9432.706,9432.706,9432.706,6776.483
china_cc,ukesm1-0-ll,ssp126,12898.489,12913.645,12913.645,9374.816
china_nw,ukesm1-0-ll,ssp126,1268.882,1268.882,1268.882,985.296
china_ne,ukesm1-0-ll,ssp126,1170.666,1184.468,1184.468,794.368
china_csg,ukesm1-0-ll,ssp585,9203.869,9203.869,9203.869,6722.361
china_cc,ukesm1-0-ll,ssp585,13388.069,13399.67,13399.67,9379.191
china_nw,ukesm1-0-ll,ssp585,1518.795,1518.902,1518.902,1160.362
china_ne,ukesm1-0-ll,ssp585,1288.891,1298.302,1298.302,858.045
china_sw,ukesm1-0-ll,ssp585,3591.31,3591.31,4207.629,2191.205
china_sw,ukesm1-0-ll,ssp370,3290.13,3290.13,4166.583,2048.818
china_csg,ukesm1-0-ll,ssp370,9407.593,9407.593,9407.593,6725.177
china_cc,ukesm1-0-ll,ssp370,13579.815,13591.217,13591.217,9586.384
china_nw,ukesm1-0-ll,ssp370,1718.005,1718.069,1718.069,1264.394
china_ne,ukesm1-0-ll,ssp370,1187.979,1198.145,1198.145,793.104
china_sw,gfdl-esm4,ssp126,4414.117,4414.117,4414.117,2804.046
china_csg,gfdl-esm4,ssp126,10024.374,10024.374,10024.374,7448.15
china_cc,gfdl-esm4,ssp126,12902.165,12913.937,12913.937,9423.683
china_ne,gfdl-esm4,ssp126,1184.854,1194.753,1194.753,780.031
china_sw,gfdl-esm4,ssp585,3295.123,3297.433,3811.753,1933.091
china_csg,gfdl-esm4,ssp585,9041.225,9041.225,9041.225,6740.619
china_cc,gfdl-esm4,ssp585,12465.518,12469.315,12469.315,9251.543
china_nw,gfdl-esm4,ssp585,1420.069,1420.122,1420.122,1095.165
china_ne,gfdl-esm4,ssp585,1151.459,1160.887,1160.887,776.914
china_csg,gfdl-esm4,ssp370,9096.42,9096.42,9096.42,6775.967
china_cc,gfdl-esm4,ssp370,12764.599,12770.481,12770.481,9154.957
china_nw,gfdl-esm4,ssp370,1467.868,1467.952,1467.952,1132.767
china_ne,gfdl-esm4,ssp370,1196.138,1205.989,1205.989,811.778
china_sw,gfdl-esm4,ssp370,3058.305,3058.305,3374.633,1950.264
sweden,mri-esm2-0,ssp126,3644.159,3644.159,3644.159,2560.762
france,mri-esm2-0,ssp126,2694.852,2696.271,2699.187,1948.434
spain,mri-esm2-0,ssp126,1611.227,1611.227,1611.227,1175.601
portugal,mri-esm2-0,ssp126,195.617,216.89,219.333,147.764
poland,mri-esm2-0,ssp126,111.239,111.567,111.568,77.007
latvia,mri-esm2-0,ssp126,320.455,320.455,320.455,163.008
serbia,mri-esm2-0,ssp126,597.717,597.717,597.717,345.221
north_macedonia,mri-esm2-0,ssp126,190.206,190.206,190.206,136.302
finland,mri-esm2-0,ssp126,470.639,470.639,472.937,349.257
slovakia,mri-esm2-0,ssp126,321.044,325.861,325.861,175.059
slovenia,mri-esm2-0,ssp126,212.861,212.861,212.861,137.209
croatia,mri-esm2-0,ssp126,86.699,91.137,91.137,67.508
bulgaria,mri-esm2-0,ssp126,96.501,96.501,96.501,63.431
norway,mri-esm2-0,ssp126,3480.369,3480.369,3480.369,2648.448
austria,mri-esm2-0,ssp126,2725.667,2725.667,2725.667,1707.399
turkey,mri-esm2-0,ssp126,1388.417,1388.417,1388.417,679.723
lithuania,mri-esm2-0,ssp126,38.554,39.482,39.482,18.811
albania,mri-esm2-0,ssp126,198.416,198.416,198.416,115.764
greece,mri-esm2-0,ssp126,310.106,310.668,310.668,220.354
italy,mri-esm2-0,ssp126,1501.372,1524.087,1524.092,1016.057
romania,mri-esm2-0,ssp126,349.257,349.257,349.257,237.73
switzerland,mri-esm2-0,ssp126,1960.323,1961.752,1961.752,1397.315
sweden,mri-esm2-0,ssp585,3534.134,3534.134,3534.134,2516.768
france,mri-esm2-0,ssp585,2847.587,2850.513,2850.513,2122.022
spain,mri-esm2-0,ssp585,1542.55,1542.55,1542.55,1124.07
portugal,mri-esm2-0,ssp585,180.672,202.781,202.787,134.828
poland,mri-esm2-0,ssp585,112.797,113.292,113.292,80.466
latvia,mri-esm2-0,ssp585,278.403,278.403,278.403,145.034
serbia,mri-esm2-0,ssp585,587.278,587.278,587.278,400.275
north_macedonia,mri-esm2-0,ssp585,198.908,198.908,198.908,126.667
slovakia,mri-esm2-0,ssp585,312.844,317.474,317.474,161.58
slovenia,mri-esm2-0,ssp585,202.881,202.881,202.881,133.445
croatia,mri-esm2-0,ssp585,88.273,92.084,92.084,68.26
bulgaria,mri-esm2-0,ssp585,92.533,92.533,92.533,58.89
austria,mri-esm2-0,ssp585,2642.948,2642.948,2642.948,1809.775
turkey,mri-esm2-0,ssp585,1411.573,1411.573,1411.573,621.496
lithuania,mri-esm2-0,ssp585,32.759,35.271,35.271,19.455
albania,mri-esm2-0,ssp585,207.067,207.067,207.067,106.32
greece,mri-esm2-0,ssp585,326.491,327.563,327.563,231.353
germany,mri-esm2-0,ssp585,1078.642,1079.113,1084.463,792.768
italy,mri-esm2-0,ssp585,1381.118,1399.842,1407.14,981.131
romania,mri-esm2-0,ssp585,352.725,352.725,352.725,232.022
switzerland,mri-esm2-0,ssp585,1975.146,1977.828,1977.828,1400.973
sweden,mri-esm2-0,ssp370,2762.568,2762.568,2762.568,1965.509
france,mri-esm2-0,ssp370,2940.494,2942.265,2942.265,1744.555
spain,mri-esm2-0,ssp370,1736.609,1736.609,1736.609,1243.57
portugal,mri-esm2-0,ssp370,256.582,282.279,282.279,179.374
poland,mri-esm2-0,ssp370,113.267,113.593,113.593,81.983
latvia,mri-esm2-0,ssp370,299.575,299.575,299.575,146.927
serbia,mri-esm2-0,ssp370,597.711,597.711,597.711,361.654
north_macedonia,mri-esm2-0,ssp370,211.468,211.468,211.468,122.683
slovakia,mri-esm2-0,ssp370,364.525,368.866,368.866,190.896
slovenia,mri-esm2-0,ssp370,217.013,217.013,217.013,143.421
croatia,mri-esm2-0,ssp370,86.942,92.0,92.0,56.342
bulgaria,mri-esm2-0,ssp370,107.971,107.971,107.971,60.814
norway,mri-esm2-0,ssp370,3688.909,3688.909,3688.909,2411.265
austria,mri-esm2-0,ssp370,2736.409,2736.409,2736.409,1911.086
turkey,mri-esm2-0,ssp370,1283.456,1283.456,1283.456,577.488
lithuania,mri-esm2-0,ssp370,40.04,40.04,40.04,19.541
albania,mri-esm2-0,ssp370,414.824,414.824,414.824,202.115
greece,mri-esm2-0,ssp370,340.653,342.647,342.647,235.622
italy,mri-esm2-0,ssp370,1433.076,1452.511,1459.052,1024.836
romania,mri-esm2-0,ssp370,383.443,383.443,383.443,182.793
switzerland,mri-esm2-0,ssp370,2048.566,2049.958,2049.958,1409.093
sweden,mpi-esm1-2-hr,ssp126,3531.527,3531.527,3531.527,2508.529
france,mpi-esm1-2-hr,ssp126,2784.216,2787.137,2787.137,1997.505
spain,mpi-esm1-2-hr,ssp126,1717.529,1717.529,1717.529,1245.204
portugal,mpi-esm1-2-hr,ssp126,261.527,292.89,292.89,191.246
poland,mpi-esm1-2-hr,ssp126,105.924,106.807,106.807,77.613
latvia,mpi-esm1-2-hr,ssp126,281.266,281.266,281.266,144.347
serbia,mpi-esm1-2-hr,ssp126,586.824,586.824,586.824,337.656
north_macedonia,mpi-esm1-2-hr,ssp126,208.097,208.097,208.097,124.889
slovakia,mpi-esm1-2-hr,ssp126,381.488,386.418,386.418,215.416
slovenia,mpi-esm1-2-hr,ssp126,209.357,209.357,209.357,136.287
croatia,mpi-esm1-2-hr,ssp126,84.98,88.686,88.686,67.145
bulgaria,mpi-esm1-2-hr,ssp126,102.486,102.486,102.486,67.521
norway,mpi-esm1-2-hr,ssp126,3533.464,3533.464,3533.464,2570.446
austria,mpi-esm1-2-hr,ssp126,2644.84,2644.84,2644.84,1897.232
turkey,mpi-esm1-2-hr,ssp126,711.267,711.267,711.267,367.454
lithuania,mpi-esm1-2-hr,ssp126,31.026,32.909,32.909,17.393
albania,mpi-esm1-2-hr,ssp126,400.919,400.919,400.919,198.038
greece,mpi-esm1-2-hr,ssp126,389.325,391.425,391.425,255.322
belgium,mpi-esm1-2-hr,ssp126,7.729,7.729,7.752,5.754
italy,mpi-esm1-2-hr,ssp126,1380.928,1399.359,1399.36,990.538
romania,mpi-esm1-2-hr,ssp126,604.555,604.555,604.555,389.157
switzerland,mpi-esm1-2-hr,ssp126,1948.861,1950.672,1950.672,1379.56
sweden,mpi-esm1-2-hr,ssp585,3624.64,3624.64,3624.64,2587.82
france,mpi-esm1-2-hr,ssp585,2729.605,2731.269,2745.199,1992.666
portugal,mpi-esm1-2-hr,ssp585,223.419,248.473,248.473,168.422
poland,mpi-esm1-2-hr,ssp585,107.787,108.374,108.374,77.975
latvia,mpi-esm1-2-hr,ssp585,346.364,346.364,346.364,184.524
serbia,mpi-esm1-2-hr,ssp585,586.251,586.251,586.251,332.409
north_macedonia,mpi-esm1-2-hr,ssp585,217.781,217.781,217.781,134.802
slovakia,mpi-esm1-2-hr,ssp585,268.525,273.385,273.385,146.075
slovenia,mpi-esm1-2-hr,ssp585,192.834,192.834,192.834,126.789
croatia,mpi-esm1-2-hr,ssp585,81.365,86.251,86.251,63.093
bulgaria,mpi-esm1-2-hr,ssp585,100.897,100.897,100.897,63.126
norway,mpi-esm1-2-hr,ssp585,3986.853,3986.853,3986.853,2898.697
austria,mpi-esm1-2-hr,ssp585,2651.989,2651.989,2651.989,1771.748
turkey,mpi-esm1-2-hr,ssp585,1086.711,1086.711,1086.711,541.326
lithuania,mpi-esm1-2-hr,ssp585,31.98,37.337,37.337,17.22
albania,mpi-esm1-2-hr,ssp585,247.848,247.848,247.848,137.498
greece,mpi-esm1-2-hr,ssp585,388.585,395.027,395.027,263.949
germany,mpi-esm1-2-hr,ssp585,1137.761,1137.989,1137.989,789.762
italy,mpi-esm1-2-hr,ssp585,1292.755,1311.767,1318.775,952.837
romania,mpi-esm1-2-hr,ssp585,386.071,386.071,386.071,263.613
switzerland,mpi-esm1-2-hr,ssp585,1954.935,1956.122,1956.122,1398.985
sweden,mpi-esm1-2-hr,ssp370,4129.548,4129.548,4129.548,2680.167
france,mpi-esm1-2-hr,ssp370,2881.388,2883.28,2883.682,2103.293
spain,mpi-esm1-2-hr,ssp370,1476.181,1476.181,1476.181,1083.831
portugal,mpi-esm1-2-hr,ssp370,156.019,169.955,170.492,115.831
poland,mpi-esm1-2-hr,ssp370,113.378,113.86,113.86,80.474
latvia,mpi-esm1-2-hr,ssp370,348.618,348.618,348.618,183.636
serbia,mpi-esm1-2-hr,ssp370,584.212,584.212,584.212,320.024
north_macedonia,mpi-esm1-2-hr,ssp370,212.697,212.697,212.697,137.139
slovenia,mpi-esm1-2-hr,ssp370,185.79,185.79,185.79,119.064
croatia,mpi-esm1-2-hr,ssp370,81.297,83.929,83.929,59.768
bulgaria,mpi-esm1-2-hr,ssp370,117.364,117.364,117.364,77.043
norway,mpi-esm1-2-hr,ssp370,4013.434,4015.638,4015.638,2795.404
austria,mpi-esm1-2-hr,ssp370,2650.83,2650.83,2650.83,1814.678
turkey,mpi-esm1-2-hr,ssp370,947.062,947.062,947.062,486.622
lithuania,mpi-esm1-2-hr,ssp370,41.009,43.051,43.051,20.578
albania,mpi-esm1-2-hr,ssp370,406.592,406.592,406.592,176.266
greece,mpi-esm1-2-hr,ssp370,395.882,397.012,397.012,253.786
belgium,mpi-esm1-2-hr,ssp370,10.397,10.397,10.4,7.58
italy,mpi-esm1-2-hr,ssp370,1385.577,1404.1,1412.326,1010.64
romania,mpi-esm1-2-hr,ssp370,399.729,399.729,399.729,266.831
switzerland,mpi-esm1-2-hr,ssp370,1998.849,1999.981,1999.981,1373.952
sweden,ipsl-cm6a-lr,ssp126,3456.598,3456.598,3456.598,2439.95
france,ipsl-cm6a-lr,ssp126,2913.728,2916.066,2916.066,2128.608
portugal,ipsl-cm6a-lr,ssp126,179.818,201.871,202.189,135.977
poland,ipsl-cm6a-lr,ssp126,115.775,116.292,116.292,80.749
latvia,ipsl-cm6a-lr,ssp126,284.145,284.145,284.145,135.958
serbia,ipsl-cm6a-lr,ssp126,593.358,593.358,593.358,396.551
north_macedonia,ipsl-cm6a-lr,ssp126,201.159,201.159,201.159,113.015
slovakia,ipsl-cm6a-lr,ssp126,320.375,324.427,324.427,149.28
slovenia,ipsl-cm6a-lr,ssp126,199.262,199.262,199.262,124.821
croatia,ipsl-cm6a-lr,ssp126,87.523,92.868,92.868,60.3
bulgaria,ipsl-cm6a-lr,ssp126,99.564,99.564,99.564,61.671
austria,ipsl-cm6a-lr,ssp126,2738.909,2738.909,2738.909,1886.739
turkey,ipsl-cm6a-lr,ssp126,1531.216,1531.216,1531.216,699.953
lithuania,ipsl-cm6a-lr,ssp126,30.196,30.196,30.196,18.674
albania,ipsl-cm6a-lr,ssp126,144.067,144.067,144.067,84.197
greece,ipsl-cm6a-lr,ssp126,344.555,355.264,355.264,209.366
germany,ipsl-cm6a-lr,ssp126,1171.726,1171.77,1171.774,842.307
italy,ipsl-cm6a-lr,ssp126,1364.159,1382.086,1382.099,977.811
romania,ipsl-cm6a-lr,ssp126,372.97,372.97,372.97,223.715
switzerland,ipsl-cm6a-lr,ssp126,1984.61,1985.957,1985.957,1414.795
sweden,ipsl-cm6a-lr,ssp585,2975.797,2975.797,2975.797,2152.14
france,ipsl-cm6a-lr,ssp585,2858.327,2860.795,2860.795,2067.896
spain,ipsl-cm6a-lr,ssp585,1566.691,1566.691,1566.691,1113.491
portugal,ipsl-cm6a-lr,ssp585,192.307,212.485,212.504,138.968
poland,ipsl-cm6a-lr,ssp585,114.135,114.668,115.97,82.864
latvia,ipsl-cm6a-lr,ssp585,297.626,297.626,297.626,155.267
serbia,ipsl-cm6a-lr,ssp585,585.187,585.187,585.187,339.64
north_macedonia,ipsl-cm6a-lr,ssp585,208.99,208.99,208.99,122.557
finland,ipsl-cm6a-lr,ssp585,442.561,442.561,442.561,309.992
slovakia,ipsl-cm6a-lr,ssp585,327.36,331.722,331.722,193.154
slovenia,ipsl-cm6a-lr,ssp585,196.765,196.765,196.765,127.432
croatia,ipsl-cm6a-lr,ssp585,82.052,85.585,85.585,63.835
bulgaria,ipsl-cm6a-lr,ssp585,110.597,110.597,110.597,66.689
norway,ipsl-cm6a-lr,ssp585,3531.414,3531.414,3531.414,2526.446
austria,ipsl-cm6a-lr,ssp585,2685.332,2685.332,2685.332,1827.676
turkey,ipsl-cm6a-lr,ssp585,1436.012,1436.012,1436.012,652.681
lithuania,ipsl-cm6a-lr,ssp585,36.588,38.262,38.262,19.187
albania,ipsl-cm6a-lr,ssp585,199.301,199.301,199.301,106.372
greece,ipsl-cm6a-lr,ssp585,302.422,304.125,304.125,206.924
italy,ipsl-cm6a-lr,ssp585,1383.34,1402.8,1402.811,960.737
romania,ipsl-cm6a-lr,ssp585,403.021,403.021,403.021,247.496
switzerland,ipsl-cm6a-lr,ssp585,1947.894,1950.015,1950.015,1390.773
sweden,ipsl-cm6a-lr,ssp370,3665.049,3665.049,3665.049,2663.203
france,ipsl-cm6a-lr,ssp370,2908.713,2910.538,2911.181,2166.59
portugal,ipsl-cm6a-lr,ssp370,236.006,260.053,260.053,170.475
poland,ipsl-cm6a-lr,ssp370,114.363,114.936,114.936,82.102
latvia,ipsl-cm6a-lr,ssp370,351.949,351.949,351.949,204.484
serbia,ipsl-cm6a-lr,ssp370,579.998,579.998,579.998,384.525
north_macedonia,ipsl-cm6a-lr,ssp370,185.199,185.199,185.199,111.18
slovakia,ipsl-cm6a-lr,ssp370,376.767,380.653,380.653,192.201
slovenia,ipsl-cm6a-lr,ssp370,192.07,192.07,192.07,125.957
croatia,ipsl-cm6a-lr,ssp370,92.391,97.82,97.82,72.445
bulgaria,ipsl-cm6a-lr,ssp370,90.259,90.259,90.259,55.01
austria,ipsl-cm6a-lr,ssp370,2722.302,2722.302,2722.302,1829.698
turkey,ipsl-cm6a-lr,ssp370,1530.563,1530.563,1530.563,690.31
lithuania,ipsl-cm6a-lr,ssp370,37.04,37.675,37.675,20.062
albania,ipsl-cm6a-lr,ssp370,152.395,152.395,152.395,94.456
greece,ipsl-cm6a-lr,ssp370,314.785,316.039,316.039,225.533
italy,ipsl-cm6a-lr,ssp370,1386.199,1405.323,1412.449,998.69
romania,ipsl-cm6a-lr,ssp370,360.16,360.16,360.16,230.846
switzerland,ipsl-cm6a-lr,ssp370,1952.56,1954.931,1954.931,1394.077
sweden,ukesm1-0-ll,ssp126,3760.216,3760.216,3760.216,2553.665
france,ukesm1-0-ll,ssp126,2815.893,2818.019,2818.237,2003.67
spain,ukesm1-0-ll,ssp126,1560.355,1560.355,1560.355,1145.196
portugal,ukesm1-0-ll,ssp126,188.759,212.563,212.836,138.008
poland,ukesm1-0-ll,ssp126,112.745,113.335,113.335,74.75
latvia,ukesm1-0-ll,ssp126,295.344,295.344,295.344,152.716
serbia,ukesm1-0-ll,ssp126,589.326,589.326,589.326,334.307
north_macedonia,ukesm1-0-ll,ssp126,202.884,202.884,202.884,121.188
slovakia,ukesm1-0-ll,ssp126,295.328,298.864,298.864,150.551
slovenia,ukesm1-0-ll,ssp126,210.175,210.175,210.175,137.283
croatia,ukesm1-0-ll,ssp126,91.352,95.702,95.702,72.646
bulgaria,ukesm1-0-ll,ssp126,112.07,112.07,112.07,69.287
norway,ukesm1-0-ll,ssp126,3021.2,3021.2,3021.2,2217.304
austria,ukesm1-0-ll,ssp126,2710.485,2710.485,2710.485,1897.457
turkey,ukesm1-0-ll,ssp126,1099.882,1099.882,1099.882,530.932
lithuania,ukesm1-0-ll,ssp126,33.068,35.938,35.938,18.869
albania,ukesm1-0-ll,ssp126,557.64,557.64,557.64,269.609
greece,ukesm1-0-ll,ssp126,349.628,350.389,350.389,221.801
belgium,ukesm1-0-ll,ssp126,9.134,9.134,9.134,6.618
italy,ukesm1-0-ll,ssp126,1385.935,1404.812,1412.237,1008.952
romania,ukesm1-0-ll,ssp126,283.36,283.36,283.36,176.113
switzerland,ukesm1-0-ll,ssp126,1944.523,1947.049,1947.049,1392.315
sweden,ukesm1-0-ll,ssp585,3591.996,3591.996,3591.996,2546.761
france,ukesm1-0-ll,ssp585,2828.519,2829.831,2829.868,2055.945
spain,ukesm1-0-ll,ssp585,1573.368,1573.368,1574.047,1130.316
portugal,ukesm1-0-ll,ssp585,171.898,189.46,189.46,126.616
poland,ukesm1-0-ll,ssp585,118.7,119.253,119.253,82.845
latvia,ukesm1-0-ll,ssp585,270.937,270.937,270.937,133.385
serbia,ukesm1-0-ll,ssp585,580.421,580.421,580.421,353.39
north_macedonia,ukesm1-0-ll,ssp585,196.754,196.754,196.754,128.202
slovakia,ukesm1-0-ll,ssp585,338.947,342.836,342.836,176.684
slovenia,ukesm1-0-ll,ssp585,201.377,201.377,201.377,133.626
croatia,ukesm1-0-ll,ssp585,92.432,97.215,97.215,69.884
bulgaria,ukesm1-0-ll,ssp585,105.731,105.731,105.731,64.638
norway,ukesm1-0-ll,ssp585,3963.426,3963.426,3963.426,2845.312
austria,ukesm1-0-ll,ssp585,2703.288,2703.288,2703.288,1880.881
turkey,ukesm1-0-ll,ssp585,1133.176,1133.176,1133.176,574.12
lithuania,ukesm1-0-ll,ssp585,40.567,40.567,40.567,19.064
albania,ukesm1-0-ll,ssp585,175.742,175.742,175.742,101.331
greece,ukesm1-0-ll,ssp585,381.916,384.215,384.215,266.521
italy,ukesm1-0-ll,ssp585,1378.499,1394.943,1394.956,994.706
romania,ukesm1-0-ll,ssp585,355.05,355.05,355.05,233.639
switzerland,ukesm1-0-ll,ssp585,2002.934,2006.929,2006.929,1410.37
sweden,ukesm1-0-ll,ssp370,4020.784,4020.784,4020.784,2831.586
france,ukesm1-0-ll,ssp370,2918.647,2921.183,2922.394,2088.314
spain,ukesm1-0-ll,ssp370,1528.34,1528.34,1528.34,1116.788
portugal,ukesm1-0-ll,ssp370,171.871,187.969,187.969,127.116
poland,ukesm1-0-ll,ssp370,116.193,116.478,116.478,79.809
latvia,ukesm1-0-ll,ssp370,287.28,287.28,287.28,143.217
serbia,ukesm1-0-ll,ssp370,605.868,605.868,605.868,361.932
north_macedonia,ukesm1-0-ll,ssp370,198.221,198.221,198.221,123.008
finland,ukesm1-0-ll,ssp370,521.628,521.628,522.375,443.927
slovakia,ukesm1-0-ll,ssp370,321.417,325.338,325.338,164.7
slovenia,ukesm1-0-ll,ssp370,203.573,203.573,203.573,129.954
croatia,ukesm1-0-ll,ssp370,91.258,96.27,96.27,70.876
bulgaria,ukesm1-0-ll,ssp370,107.541,107.541,107.541,64.38
norway,ukesm1-0-ll,ssp370,4024.005,4024.005,4024.005,2955.489
austria,ukesm1-0-ll,ssp370,2771.718,2771.718,2771.718,1834.521
turkey,ukesm1-0-ll,ssp370,916.224,916.224,916.224,479.595
lithuania,ukesm1-0-ll,ssp370,34.44,34.616,34.616,17.723
albania,ukesm1-0-ll,ssp370,475.365,475.365,475.365,245.845
greece,ukesm1-0-ll,ssp370,333.248,343.091,343.091,235.793
germany,ukesm1-0-ll,ssp370,1172.661,1173.085,1191.879,850.351
belgium,ukesm1-0-ll,ssp370,8.632,8.632,8.632,6.047
italy,ukesm1-0-ll,ssp370,1327.573,1344.872,1352.632,964.602
romania,ukesm1-0-ll,ssp370,381.793,381.793,381.793,261.07
switzerland,ukesm1-0-ll,ssp370,2052.456,2054.247,2054.247,1422.073
sweden,gfdl-esm4,ssp126,3586.645,3586.645,3586.645,2407.872
france,gfdl-esm4,ssp126,2967.135,2969.658,2969.658,2126.524
spain,gfdl-esm4,ssp126,1677.937,1677.937,1677.937,1206.113
portugal,gfdl-esm4,ssp126,211.595,235.125,235.125,159.336
poland,gfdl-esm4,ssp126,107.935,108.378,108.723,77.851
latvia,gfdl-esm4,ssp126,392.959,392.959,392.959,205.486
serbia,gfdl-esm4,ssp126,575.936,575.936,575.936,339.713
north_macedonia,gfdl-esm4,ssp126,217.908,217.908,217.908,136.578
slovakia,gfdl-esm4,ssp126,390.05,393.973,393.973,230.264
slovenia,gfdl-esm4,ssp126,209.844,209.844,209.844,134.831
croatia,gfdl-esm4,ssp126,85.36,90.904,90.904,67.826
bulgaria,gfdl-esm4,ssp126,113.232,113.232,113.232,71.028
norway,gfdl-esm4,ssp126,3978.816,3978.816,3978.816,2725.428
austria,gfdl-esm4,ssp126,2647.224,2647.224,2647.224,1809.397
turkey,gfdl-esm4,ssp126,1380.364,1380.364,1380.364,653.838
lithuania,gfdl-esm4,ssp126,42.024,42.024,42.024,19.646
albania,gfdl-esm4,ssp126,172.119,172.119,172.119,78.978
greece,gfdl-esm4,ssp126,376.553,377.754,377.754,257.078
italy,gfdl-esm4,ssp126,1368.978,1389.675,1398.797,983.33
romania,gfdl-esm4,ssp126,344.801,344.801,344.801,216.289
switzerland,gfdl-esm4,ssp126,2005.937,2007.636,2007.636,1372.382
sweden,gfdl-esm4,ssp585,3464.409,3464.409,3464.409,2515.415
france,gfdl-esm4,ssp585,2929.764,2932.368,2932.368,2164.479
portugal,gfdl-esm4,ssp585,252.044,279.599,279.599,183.243
poland,gfdl-esm4,ssp585,120.512,120.996,120.996,88.823
latvia,gfdl-esm4,ssp585,292.338,292.338,292.338,175.737
serbia,gfdl-esm4,ssp585,576.745,576.745,576.745,368.948
north_macedonia,gfdl-esm4,ssp585,219.564,219.564,219.564,148.108
finland,gfdl-esm4,ssp585,487.826,487.826,487.828,366.842
slovakia,gfdl-esm4,ssp585,407.879,414.336,414.336,202.259
slovenia,gfdl-esm4,ssp585,223.682,223.682,223.682,142.282
croatia,gfdl-esm4,ssp585,93.352,99.222,99.222,77.524
bulgaria,gfdl-esm4,ssp585,113.018,113.018,113.018,75.589
austria,gfdl-esm4,ssp585,2848.416,2848.416,2848.416,1987.078
turkey,gfdl-esm4,ssp585,1302.238,1302.238,1302.238,600.901
lithuania,gfdl-esm4,ssp585,33.865,37.844,37.844,18.195
albania,gfdl-esm4,ssp585,132.066,132.066,132.066,74.372
greece,gfdl-esm4,ssp585,389.932,389.939,389.939,278.415
germany,gfdl-esm4,ssp585,1139.533,1139.688,1157.569,848.634
italy,gfdl-esm4,ssp585,1399.679,1419.571,1424.893,1010.194
romania,gfdl-esm4,ssp585,410.967,410.967,410.967,242.688
switzerland,gfdl-esm4,ssp585,1977.291,1977.601,1977.601,1391.778
sweden,gfdl-esm4,ssp370,3431.403,3431.403,3431.403,2338.87
france,gfdl-esm4,ssp370,2947.515,2949.608,2949.608,2152.043
spain,gfdl-esm4,ssp370,1711.024,1711.024,1711.169,1223.471
portugal,gfdl-esm4,ssp370,251.907,284.302,284.302,182.807
poland,gfdl-esm4,ssp370,109.528,110.055,110.055,79.477
latvia,gfdl-esm4,ssp370,282.009,282.009,282.009,136.459
serbia,gfdl-esm4,ssp370,572.234,572.234,572.234,331.438
north_macedonia,gfdl-esm4,ssp370,217.918,217.918,217.918,141.575
slovakia,gfdl-esm4,ssp370,399.372,406.036,406.036,196.442
slovenia,gfdl-esm4,ssp370,218.731,218.731,218.731,145.05
croatia,gfdl-esm4,ssp370,86.02,91.948,91.948,70.925
bulgaria,gfdl-esm4,ssp370,106.919,106.919,106.919,72.545
norway,gfdl-esm4,ssp370,3818.213,3818.213,3818.213,2708.487
austria,gfdl-esm4,ssp370,2649.863,2649.863,2649.863,1816.166
turkey,gfdl-esm4,ssp370,955.45,955.45,955.45,492.928
lithuania,gfdl-esm4,ssp370,34.89,35.9,35.9,18.185
albania,gfdl-esm4,ssp370,273.615,273.615,273.615,134.659
greece,gfdl-esm4,ssp370,377.134,380.856,380.856,252.675
italy,gfdl-esm4,ssp370,1438.32,1458.843,1458.843,1028.516
romania,gfdl-esm4,ssp370,443.316,443.316,443.316,283.76
switzerland,gfdl-esm4,ssp370,1996.089,1997.675,1997.675,1374.297
usa_northerngrid_east,mri-esm2-0,ssp126,1629.958,1629.958,1629.958,1050.675
usa_miso_north,mri-esm2-0,ssp126,153.669,155.738,163.553,98.059
usa_westconnect_south,mri-esm2-0,ssp126,2553.968,2557.108,2557.108,1969.868
usa_northerngrid_south,mri-esm2-0,ssp126,196.576,197.185,197.225,142.368
usa_isone,mri-esm2-0,ssp126,477.146,481.8,481.8,343.669
canada_atlantic,mri-esm2-0,ssp126,1994.503,1994.503,1994.503,1195.656
usa_westconnect_north,mri-esm2-0,ssp126,277.463,279.825,279.825,206.759
usa_caiso,mri-esm2-0,ssp126,1743.621,1756.257,1756.257,1433.931
canada_bc,mri-esm2-0,ssp126,4376.958,4376.958,4376.958,2746.902
usa_northerngrid_west,mri-esm2-0,ssp126,10244.644,10245.106,10245.106,7736.732
usa_miso_central,mri-esm2-0,ssp126,457.29,460.18,460.18,263.351
usa_sertp,mri-esm2-0,ssp126,3273.818,3296.684,3296.687,2672.28
canada_prairies,mri-esm2-0,ssp126,4255.128,4255.128,4255.128,2716.792
canada_ontario,mri-esm2-0,ssp126,2294.282,2353.412,2353.412,1787.104
usa_pjm_east,mri-esm2-0,ssp126,781.476,783.98,792.926,548.888
usa_nyiso,mri-esm2-0,ssp126,2611.894,2618.625,2618.625,2055.908
usa_northerngrid_east,mri-esm2-0,ssp585,1809.222,1816.443,1816.443,1082.98
usa_miso_north,mri-esm2-0,ssp585,188.808,190.829,202.748,123.166
usa_westconnect_south,mri-esm2-0,ssp585,2389.265,2389.265,2389.265,1866.245
usa_northerngrid_south,mri-esm2-0,ssp585,179.292,179.702,179.967,132.704
usa_isone,mri-esm2-0,ssp585,441.685,446.344,446.344,278.875
canada_atlantic,mri-esm2-0,ssp585,691.885,691.885,691.885,480.567
usa_westconnect_north,mri-esm2-0,ssp585,269.445,272.054,272.054,198.522
canada_quebec,mri-esm2-0,ssp585,2707.236,2707.236,2707.236,1701.064
usa_caiso,mri-esm2-0,ssp585,1471.056,1479.785,1479.785,1206.724
usa_pjm_west,mri-esm2-0,ssp585,6.18,6.18,6.18,4.316
canada_bc,mri-esm2-0,ssp585,4204.405,4204.405,4204.405,2648.414
usa_northerngrid_west,mri-esm2-0,ssp585,10114.716,10115.162,10115.162,7530.078
usa_miso_central,mri-esm2-0,ssp585,459.828,463.035,463.035,264.496
usa_sertp,mri-esm2-0,ssp585,3406.333,3428.905,3428.906,2848.939
canada_prairies,mri-esm2-0,ssp585,4234.49,4234.49,4234.49,2340.051
canada_ontario,mri-esm2-0,ssp585,1695.806,1777.124,1777.124,1258.362
usa_pjm_east,mri-esm2-0,ssp585,776.717,778.142,803.647,558.715
usa_nyiso,mri-esm2-0,ssp585,2576.869,2584.935,2584.935,1994.549
usa_northerngrid_east,mri-esm2-0,ssp370,1885.845,1901.098,1901.098,1139.425
usa_miso_north,mri-esm2-0,ssp370,196.328,197.505,206.597,130.101
usa_westconnect_south,mri-esm2-0,ssp370,2564.397,2568.005,2568.005,2020.913
usa_northerngrid_south,mri-esm2-0,ssp370,190.421,190.504,190.645,141.65
usa_isone,mri-esm2-0,ssp370,445.952,448.649,448.649,315.822
canada_atlantic,mri-esm2-0,ssp370,893.483,893.483,893.483,603.774
usa_westconnect_north,mri-esm2-0,ssp370,266.705,269.863,269.863,195.146
canada_quebec,mri-esm2-0,ssp370,2669.228,2669.228,2669.228,1676.777
usa_caiso,mri-esm2-0,ssp370,1521.032,1530.659,1530.659,1222.858
canada_bc,mri-esm2-0,ssp370,4196.259,4196.259,4196.259,2724.929
usa_northerngrid_west,mri-esm2-0,ssp370,9688.786,9689.018,9689.018,5850.404
usa_miso_central,mri-esm2-0,ssp370,490.962,493.997,493.997,286.164
usa_sertp,mri-esm2-0,ssp370,3281.054,3306.107,3306.132,2720.968
canada_prairies,mri-esm2-0,ssp370,4092.159,4092.159,4092.159,2126.282
canada_ontario,mri-esm2-0,ssp370,1675.679,1766.063,1766.063,1155.568
usa_pjm_east,mri-esm2-0,ssp370,779.552,781.751,781.751,556.414
usa_nyiso,mri-esm2-0,ssp370,2561.442,2568.44,2568.44,2032.109
usa_northerngrid_east,mpi-esm1-2-hr,ssp126,1635.85,1637.327,1637.327,1026.412
usa_miso_north,mpi-esm1-2-hr,ssp126,159.075,159.075,163.418,110.102
usa_westconnect_south,mpi-esm1-2-hr,ssp126,2256.36,2257.232,2257.233,1811.243
usa_northerngrid_south,mpi-esm1-2-hr,ssp126,182.768,182.832,182.832,135.077
usa_isone,mpi-esm1-2-hr,ssp126,456.346,461.594,463.496,308.469
canada_atlantic,mpi-esm1-2-hr,ssp126,855.311,855.311,855.311,597.847
usa_westconnect_north,mpi-esm1-2-hr,ssp126,248.159,250.481,250.481,183.229
canada_quebec,mpi-esm1-2-hr,ssp126,2451.717,2451.717,2451.717,1493.99
usa_caiso,mpi-esm1-2-hr,ssp126,1761.514,1767.654,1767.654,1436.915
canada_bc,mpi-esm1-2-hr,ssp126,3271.871,3271.871,3271.871,2175.828
usa_northerngrid_west,mpi-esm1-2-hr,ssp126,9613.199,9613.713,9613.713,7198.716
usa_miso_central,mpi-esm1-2-hr,ssp126,414.756,417.302,417.302,250.444
usa_sertp,mpi-esm1-2-hr,ssp126,3136.983,3163.765,3163.765,2629.582
canada_prairies,mpi-esm1-2-hr,ssp126,4316.149,4316.149,4316.149,2392.052
canada_ontario,mpi-esm1-2-hr,ssp126,1626.868,1701.935,1701.935,1237.736
usa_pjm_east,mpi-esm1-2-hr,ssp126,779.367,780.897,799.863,558.762
usa_nyiso,mpi-esm1-2-hr,ssp126,2534.536,2542.476,2542.476,1991.229
usa_northerngrid_east,mpi-esm1-2-hr,ssp585,1662.805,1663.286,1663.286,1036.759
usa_miso_north,mpi-esm1-2-hr,ssp585,151.72,151.72,158.375,104.941
usa_westconnect_south,mpi-esm1-2-hr,ssp585,2355.103,2355.103,2355.103,1903.142
usa_northerngrid_south,mpi-esm1-2-hr,ssp585,157.218,157.235,157.235,113.944
usa_isone,mpi-esm1-2-hr,ssp585,419.178,421.838,421.838,283.81
canada_atlantic,mpi-esm1-2-hr,ssp585,679.377,679.377,679.377,502.314
usa_westconnect_north,mpi-esm1-2-hr,ssp585,261.261,262.524,262.524,197.407
canada_quebec,mpi-esm1-2-hr,ssp585,2510.237,2510.237,2510.237,1486.875
usa_caiso,mpi-esm1-2-hr,ssp585,1739.26,1745.863,1745.863,1436.781
canada_bc,mpi-esm1-2-hr,ssp585,4253.066,4253.066,4253.066,2769.898
usa_northerngrid_west,mpi-esm1-2-hr,ssp585,9442.876,9443.142,9443.142,7136.367
usa_miso_central,mpi-esm1-2-hr,ssp585,410.732,414.003,414.003,248.632
usa_sertp,mpi-esm1-2-hr,ssp585,3261.001,3286.511,3286.511,2704.304
canada_prairies,mpi-esm1-2-hr,ssp585,4130.573,4130.573,4130.573,2199.682
canada_ontario,mpi-esm1-2-hr,ssp585,1593.137,1639.633,1639.633,1244.774
usa_pjm_east,mpi-esm1-2-hr,ssp585,751.56,753.13,755.853,535.053
usa_nyiso,mpi-esm1-2-hr,ssp585,2622.01,2629.756,2629.756,2032.574
usa_northerngrid_east,mpi-esm1-2-hr,ssp370,1627.171,1634.352,1634.352,1017.977
usa_miso_north,mpi-esm1-2-hr,ssp370,147.162,147.162,153.542,102.233
usa_westconnect_south,mpi-esm1-2-hr,ssp370,2543.386,2548.824,2549.314,2079.011
usa_northerngrid_south,mpi-esm1-2-hr,ssp370,172.216,172.273,172.273,125.353
usa_isone,mpi-esm1-2-hr,ssp370,448.328,451.492,451.492,311.897
canada_atlantic,mpi-esm1-2-hr,ssp370,722.641,722.641,722.641,494.602
usa_westconnect_north,mpi-esm1-2-hr,ssp370,272.318,274.891,274.891,195.202
canada_quebec,mpi-esm1-2-hr,ssp370,2194.635,2194.635,2194.635,1355.45
usa_caiso,mpi-esm1-2-hr,ssp370,966.577,972.378,972.378,794.552
canada_bc,mpi-esm1-2-hr,ssp370,4137.956,4137.956,4137.956,2673.785
usa_northerngrid_west,mpi-esm1-2-hr,ssp370,9705.592,9706.09,9706.09,7389.752
usa_miso_central,mpi-esm1-2-hr,ssp370,413.662,416.313,416.313,251.422
usa_sertp,mpi-esm1-2-hr,ssp370,3144.085,3171.725,3171.738,2578.796
canada_prairies,mpi-esm1-2-hr,ssp370,4114.413,4114.413,4114.413,2249.586
canada_ontario,mpi-esm1-2-hr,ssp370,1797.067,1871.071,1871.071,1346.068
usa_pjm_east,mpi-esm1-2-hr,ssp370,756.96,756.96,775.898,543.686
usa_nyiso,mpi-esm1-2-hr,ssp370,2586.334,2593.796,2593.796,2014.652
usa_northerngrid_east,ipsl-cm6a-lr,ssp126,1696.034,1706.331,1706.331,1077.981
usa_miso_north,ipsl-cm6a-lr,ssp126,160.285,160.285,167.731,107.738
usa_westconnect_south,ipsl-cm6a-lr,ssp126,2221.839,2230.815,2230.815,1772.074
usa_isone,ipsl-cm6a-lr,ssp126,437.147,439.425,439.425,311.018
canada_atlantic,ipsl-cm6a-lr,ssp126,945.933,945.933,945.933,418.465
usa_westconnect_north,ipsl-cm6a-lr,ssp126,260.745,263.213,263.213,193.107
canada_quebec,ipsl-cm6a-lr,ssp126,2410.056,2410.056,2410.056,1428.925
usa_caiso,ipsl-cm6a-lr,ssp126,1533.916,1542.355,1542.355,1254.628
canada_bc,ipsl-cm6a-lr,ssp126,4256.34,4256.34,4256.34,2766.74
usa_northerngrid_west,ipsl-cm6a-lr,ssp126,9415.871,9416.12,9416.12,7138.158
usa_miso_central,ipsl-cm6a-lr,ssp126,467.198,470.327,470.327,270.429
usa_sertp,ipsl-cm6a-lr,ssp126,3224.388,3255.843,3255.843,2709.402
canada_prairies,ipsl-cm6a-lr,ssp126,3952.026,3952.026,3952.026,2424.262
canada_ontario,ipsl-cm6a-lr,ssp126,1636.27,1720.718,1720.718,1245.497
usa_pjm_east,ipsl-cm6a-lr,ssp126,772.274,773.27,815.827,557.938
usa_nyiso,ipsl-cm6a-lr,ssp126,2586.703,2594.38,2594.38,2023.691
usa_northerngrid_east,ipsl-cm6a-lr,ssp585,1642.726,1642.726,1642.726,1040.513
usa_miso_north,ipsl-cm6a-lr,ssp585,162.122,163.953,168.488,110.573
usa_westconnect_south,ipsl-cm6a-lr,ssp585,2355.141,2355.348,2356.637,1905.353
usa_isone,ipsl-cm6a-lr,ssp585,433.426,436.052,436.052,290.17
canada_atlantic,ipsl-cm6a-lr,ssp585,1784.087,1784.087,1784.087,1224.362
usa_westconnect_north,ipsl-cm6a-lr,ssp585,265.293,268.19,268.19,199.076
usa_caiso,ipsl-cm6a-lr,ssp585,1760.705,1778.168,1778.168,1467.554
canada_bc,ipsl-cm6a-lr,ssp585,4173.246,4173.246,4173.246,2798.983
usa_northerngrid_west,ipsl-cm6a-lr,ssp585,10322.199,10322.582,10322.582,7870.453
usa_miso_central,ipsl-cm6a-lr,ssp585,383.099,385.248,385.248,237.328
canada_prairies,ipsl-cm6a-lr,ssp585,4272.474,4272.474,4272.474,2836.403
canada_ontario,ipsl-cm6a-lr,ssp585,1641.343,1720.545,1720.545,1243.27
usa_pjm_east,ipsl-cm6a-lr,ssp585,806.806,810.081,855.009,592.523
usa_nyiso,ipsl-cm6a-lr,ssp585,2626.184,2632.733,2632.733,2053.052
usa_northerngrid_east,ipsl-cm6a-lr,ssp370,1638.271,1660.41,1660.41,999.115
usa_miso_north,ipsl-cm6a-lr,ssp370,273.8,276.138,291.363,185.691
usa_westconnect_south,ipsl-cm6a-lr,ssp370,2482.944,2483.123,2484.248,1972.799
usa_northerngrid_south,ipsl-cm6a-lr,ssp370,190.23,190.432,190.532,138.866
usa_isone,ipsl-cm6a-lr,ssp370,421.828,427.29,427.29,293.14
canada_atlantic,ipsl-cm6a-lr,ssp370,663.963,663.963,663.963,481.229
usa_westconnect_north,ipsl-cm6a-lr,ssp370,264.096,264.096,264.096,199.345
canada_quebec,ipsl-cm6a-lr,ssp370,2639.195,2639.195,2639.195,1622.995
usa_caiso,ipsl-cm6a-lr,ssp370,1522.104,1531.578,1531.578,1250.257
canada_bc,ipsl-cm6a-lr,ssp370,4193.431,4193.431,4193.431,2669.943
usa_northerngrid_west,ipsl-cm6a-lr,ssp370,9602.585,9602.948,9602.948,7183.879
usa_miso_central,ipsl-cm6a-lr,ssp370,457.119,460.23,460.23,270.889
usa_sertp,ipsl-cm6a-lr,ssp370,3461.127,3479.442,3479.442,2926.566
canada_prairies,ipsl-cm6a-lr,ssp370,4108.802,4108.802,4108.802,2207.762
canada_ontario,ipsl-cm6a-lr,ssp370,1626.429,1706.18,1706.18,1253.551
usa_pjm_east,ipsl-cm6a-lr,ssp370,802.509,807.03,818.851,574.46
usa_nyiso,ipsl-cm6a-lr,ssp370,2545.7,2553.761,2553.761,1934.27
usa_northerngrid_east,ukesm1-0-ll,ssp126,1690.113,1695.602,1695.602,1029.646
usa_miso_north,ukesm1-0-ll,ssp126,167.964,167.964,175.673,114.423
usa_isone,ukesm1-0-ll,ssp126,442.391,445.772,445.772,285.837
canada_atlantic,ukesm1-0-ll,ssp126,827.411,827.411,827.411,571.897
usa_westconnect_north,ukesm1-0-ll,ssp126,259.961,262.413,262.413,189.61
canada_quebec,ukesm1-0-ll,ssp126,2674.446,2674.446,2674.446,1694.108
usa_caiso,ukesm1-0-ll,ssp126,1620.161,1632.489,1632.489,1320.582
canada_bc,ukesm1-0-ll,ssp126,4135.409,4135.409,4135.409,2576.416
usa_northerngrid_west,ukesm1-0-ll,ssp126,10089.962,10090.183,10090.183,7336.402
usa_miso_central,ukesm1-0-ll,ssp126,468.962,471.993,471.993,264.344
usa_sertp,ukesm1-0-ll,ssp126,3035.727,3071.895,3071.895,2561.976
canada_prairies,ukesm1-0-ll,ssp126,4508.36,4508.36,4508.36,2365.511
canada_ontario,ukesm1-0-ll,ssp126,1618.341,1701.068,1701.068,1185.191
usa_pjm_east,ukesm1-0-ll,ssp126,771.655,773.163,776.723,541.629
usa_nyiso,ukesm1-0-ll,ssp126,2533.257,2541.895,2541.895,1985.137
usa_northerngrid_east,ukesm1-0-ll,ssp585,1812.164,1812.914,1812.914,1014.842
usa_miso_north,ukesm1-0-ll,ssp585,179.281,180.312,188.421,121.087
usa_westconnect_south,ukesm1-0-ll,ssp585,2774.74,2774.886,2776.812,2151.647
usa_isone,ukesm1-0-ll,ssp585,447.989,451.477,451.477,281.585
canada_atlantic,ukesm1-0-ll,ssp585,1001.035,1001.035,1001.035,462.538
usa_westconnect_north,ukesm1-0-ll,ssp585,262.477,263.816,263.816,193.894
canada_quebec,ukesm1-0-ll,ssp585,2353.975,2353.975,2353.975,1500.942
usa_caiso,ukesm1-0-ll,ssp585,1746.275,1761.487,1761.487,1434.322
usa_pjm_west,ukesm1-0-ll,ssp585,5.863,5.863,5.863,3.957
canada_bc,ukesm1-0-ll,ssp585,4316.877,4316.877,4316.877,2438.477
usa_northerngrid_west,ukesm1-0-ll,ssp585,10394.611,10395.241,10395.241,7455.399
usa_miso_central,ukesm1-0-ll,ssp585,439.661,441.974,441.974,237.87
usa_sertp,ukesm1-0-ll,ssp585,2814.069,2842.371,2842.371,2350.52
canada_prairies,ukesm1-0-ll,ssp585,4477.231,4477.231,4477.231,2605.971
canada_ontario,ukesm1-0-ll,ssp585,1633.784,1713.912,1713.912,1199.946
usa_pjm_east,ukesm1-0-ll,ssp585,770.414,771.51,794.878,544.318
usa_nyiso,ukesm1-0-ll,ssp585,2586.518,2594.391,2594.391,2000.881
usa_northerngrid_east,ukesm1-0-ll,ssp370,2058.536,2071.712,2071.712,1190.663
usa_miso_north,ukesm1-0-ll,ssp370,191.479,192.535,201.602,129.68
usa_westconnect_south,ukesm1-0-ll,ssp370,2433.356,2446.439,2448.594,1917.462
usa_isone,ukesm1-0-ll,ssp370,425.393,430.836,430.836,281.269
canada_atlantic,ukesm1-0-ll,ssp370,874.319,874.319,874.319,585.672
usa_westconnect_north,ukesm1-0-ll,ssp370,323.002,325.677,325.677,241.225
canada_quebec,ukesm1-0-ll,ssp370,2576.948,2576.948,2576.948,1758.25
usa_caiso,ukesm1-0-ll,ssp370,1521.772,1526.458,1526.458,1245.322
canada_bc,ukesm1-0-ll,ssp370,4097.87,4097.87,4097.87,2584.403
usa_northerngrid_west,ukesm1-0-ll,ssp370,9996.675,9997.034,9997.034,7398.481
usa_miso_central,ukesm1-0-ll,ssp370,472.403,475.559,475.559,264.804
usa_sertp,ukesm1-0-ll,ssp370,2892.695,2919.614,2919.614,2408.133
canada_prairies,ukesm1-0-ll,ssp370,4186.192,4186.192,4300.951,2364.316
canada_ontario,ukesm1-0-ll,ssp370,1622.079,1718.179,1718.179,1183.748
usa_pjm_east,ukesm1-0-ll,ssp370,743.061,743.061,760.31,524.479
usa_nyiso,ukesm1-0-ll,ssp370,2437.765,2445.927,2445.927,1890.904
usa_northerngrid_east,gfdl-esm4,ssp126,1660.022,1660.022,1660.022,1002.968
usa_miso_north,gfdl-esm4,ssp126,155.08,157.063,163.022,104.852
usa_westconnect_south,gfdl-esm4,ssp126,2241.75,2241.75,2241.75,1814.006
usa_northerngrid_south,gfdl-esm4,ssp126,170.428,170.479,170.72,123.715
usa_isone,gfdl-esm4,ssp126,448.682,452.473,452.473,309.853
canada_atlantic,gfdl-esm4,ssp126,824.432,824.432,824.432,566.933
usa_westconnect_north,gfdl-esm4,ssp126,249.9,252.323,252.323,186.762
canada_quebec,gfdl-esm4,ssp126,2434.34,2434.34,2434.34,1488.325
usa_caiso,gfdl-esm4,ssp126,1699.179,1713.618,1713.618,1406.185
canada_bc,gfdl-esm4,ssp126,4128.156,4128.156,4128.156,2714.686
usa_northerngrid_west,gfdl-esm4,ssp126,9700.749,9701.034,9701.034,7372.247
usa_miso_central,gfdl-esm4,ssp126,416.785,419.425,419.425,248.775
usa_sertp,gfdl-esm4,ssp126,3233.743,3261.969,3261.969,2685.167
canada_prairies,gfdl-esm4,ssp126,4005.958,4005.958,4005.958,2291.81
canada_ontario,gfdl-esm4,ssp126,1626.576,1702.472,1702.472,1208.896
usa_pjm_east,gfdl-esm4,ssp126,807.508,809.844,821.17,575.8
usa_nyiso,gfdl-esm4,ssp126,2475.583,2483.345,2483.345,1957.555
usa_northerngrid_east,gfdl-esm4,ssp585,1699.745,1704.797,1704.797,1043.121
usa_miso_north,gfdl-esm4,ssp585,152.756,152.756,157.267,103.555
usa_westconnect_south,gfdl-esm4,ssp585,2323.814,2323.95,2324.872,1878.907
usa_northerngrid_south,gfdl-esm4,ssp585,183.617,183.652,183.661,134.197
usa_isone,gfdl-esm4,ssp585,443.641,447.763,447.763,290.004
canada_atlantic,gfdl-esm4,ssp585,706.226,706.226,706.226,510.856
usa_westconnect_north,gfdl-esm4,ssp585,268.008,270.277,270.277,199.218
canada_quebec,gfdl-esm4,ssp585,2564.75,2564.75,2564.75,1488.001
usa_caiso,gfdl-esm4,ssp585,1453.83,1469.727,1469.727,1197.847
canada_bc,gfdl-esm4,ssp585,4257.215,4257.215,4257.215,2738.548
usa_northerngrid_west,gfdl-esm4,ssp585,9557.9,9558.269,9558.269,7236.315
usa_miso_central,gfdl-esm4,ssp585,432.353,435.198,435.198,245.115
usa_sertp,gfdl-esm4,ssp585,3253.343,3269.964,3269.964,2655.378
canada_prairies,gfdl-esm4,ssp585,3913.525,3913.525,3913.525,2194.184
canada_ontario,gfdl-esm4,ssp585,1650.129,1723.453,1723.453,1269.948
usa_pjm_east,gfdl-esm4,ssp585,750.73,753.211,769.191,530.353
usa_nyiso,gfdl-esm4,ssp585,2589.149,2596.477,2596.477,2002.193
usa_northerngrid_east,gfdl-esm4,ssp370,1652.624,1652.624,1652.624,1025.521
usa_miso_north,gfdl-esm4,ssp370,155.178,157.129,162.656,104.094
usa_westconnect_south,gfdl-esm4,ssp370,2313.067,2323.185,2323.185,1855.215
usa_northerngrid_south,gfdl-esm4,ssp370,188.233,188.32,188.32,136.647
usa_isone,gfdl-esm4,ssp370,475.916,481.541,481.541,334.269
canada_atlantic,gfdl-esm4,ssp370,866.773,866.773,866.773,614.895
usa_westconnect_north,gfdl-esm4,ssp370,213.671,216.602,216.602,159.797
canada_quebec,gfdl-esm4,ssp370,2308.956,2308.956,2308.956,1358.204
usa_caiso,gfdl-esm4,ssp370,1676.32,1688.976,1688.976,1356.659
usa_pjm_west,gfdl-esm4,ssp370,5.67,5.67,5.67,3.967
canada_bc,gfdl-esm4,ssp370,3263.34,3263.34,3263.34,2367.948
usa_northerngrid_west,gfdl-esm4,ssp370,9960.733,9961.246,9961.246,7540.579
usa_miso_central,gfdl-esm4,ssp370,470.389,473.168,473.168,274.469
usa_sertp,gfdl-esm4,ssp370,3365.394,3390.405,3390.415,2796.717
canada_prairies,gfdl-esm4,ssp370,4117.12,4117.467,4117.467,2159.91
canada_ontario,gfdl-esm4,ssp370,1657.601,1719.173,1719.173,1290.557
usa_pjm_east,gfdl-esm4,ssp370,748.163,754.039,754.039,530.742
usa_nyiso,gfdl-esm4,ssp370,2630.584,2640.493,2640.493,2034.688
india_north,mri-esm2-0,ssp126,1009.2,1009.2,1121.232,625.5
india_north,mri-esm2-0,ssp585,1036.568,1036.568,1176.809,625.477
india_north,mri-esm2-0,ssp370,993.315,993.315,1133.211,621.501
india_north,mpi-esm1-2-hr,ssp585,970.759,970.759,1067.17,617.889
india_north,mpi-esm1-2-hr,ssp370,1008.025,1008.025,1197.017,615.894
india_north,ipsl-cm6a-lr,ssp126,1005.233,1005.233,1147.515,626.297
india_north,ipsl-cm6a-lr,ssp585,1018.1,1018.1,1142.636,625.544
india_north,ukesm1-0-ll,ssp126,1010.715,1010.715,1185.859,626.228
india_north,ukesm1-0-ll,ssp585,1019.598,1019.598,1187.758,626.619
india_north,ukesm1-0-ll,ssp370,1028.178,1028.187,1236.572,627.565
india_north,gfdl-esm4,ssp126,1012.42,1012.42,1184.465,620.67
india_north,gfdl-esm4,ssp585,999.559,999.559,1107.602,620.735
india_north,gfdl-esm4,ssp370,1006.75,1006.785,1163.469,620.704
india_west,mri-esm2-0,ssp126,912.372,913.746,974.636,2037.671
india_west,mri-esm2-0,ssp585,1004.259,1005.736,1029.747,2043.795
india_west,mri-esm2-0,ssp370,793.982,795.453,795.453,2038.485
india_west,mpi-esm1-2-hr,ssp126,1040.854,1042.552,1042.552,2031.5
india_west,mpi-esm1-2-hr,ssp585,868.805,870.371,870.371,2031.609
india_west,mpi-esm1-2-hr,ssp370,1028.447,1030.206,1051.688,2031.539
india_west,ipsl-cm6a-lr,ssp126,945.262,946.499,946.499,2043.276
india_west,ipsl-cm6a-lr,ssp585,508.255,509.28,526.795,2042.126
india_west,ukesm1-0-ll,ssp126,838.628,840.298,840.298,2051.537
india_west,ukesm1-0-ll,ssp585,788.14,789.587,824.308,2053.755
india_west,ukesm1-0-ll,ssp370,771.29,772.581,788.961,2055.379
india_west,gfdl-esm4,ssp126,758.164,759.541,766.394,2032.654
india_west,gfdl-esm4,ssp585,954.787,956.251,956.251,2035.823
india_west,gfdl-esm4,ssp370,813.344,814.604,814.604,2035.502
finland,mri-esm2-0,ssp585,470.057,470.057,541.432,436.022
finland,mri-esm2-0,ssp370,436.765,436.765,511.345,433.82
finland,mpi-esm1-2-hr,ssp126,406.353,406.353,474.114,431.479
finland,mpi-esm1-2-hr,ssp585,463.953,463.953,538.082,433.693
finland,mpi-esm1-2-hr,ssp370,454.51,454.51,513.0,433.197
finland,ipsl-cm6a-lr,ssp126,469.433,469.433,534.69,432.927
finland,ipsl-cm6a-lr,ssp370,458.727,458.727,529.826,433.596
finland,ukesm1-0-ll,ssp126,508.691,508.691,600.89,437.097
finland,ukesm1-0-ll,ssp585,457.587,457.587,521.851,439.846
finland,gfdl-esm4,ssp370,412.137,412.137,475.882,431.956
hungary,mri-esm2-0,ssp126,7.77,7.77,9.727,45.504
hungary,mri-esm2-0,ssp585,7.804,7.804,11.023,45.983
hungary,mri-esm2-0,ssp370,10.315,10.315,12.32,45.38
hungary,mpi-esm1-2-hr,ssp126,8.133,8.133,10.375,44.734
hungary,mpi-esm1-2-hr,ssp585,7.918,7.918,10.051,44.96
hungary,mpi-esm1-2-hr,ssp370,7.625,7.625,11.348,44.973
hungary,ipsl-cm6a-lr,ssp126,7.524,7.524,11.023,45.013
hungary,ipsl-cm6a-lr,ssp585,8.803,8.803,10.699,45.243
hungary,ipsl-cm6a-lr,ssp370,8.246,8.246,9.078,45.582
hungary,ukesm1-0-ll,ssp126,7.724,7.724,10.375,45.824
hungary,ukesm1-0-ll,ssp585,9.214,9.214,11.023,46.014
hungary,ukesm1-0-ll,ssp370,8.652,8.652,11.023,45.85
hungary,gfdl-esm4,ssp126,8.265,8.265,9.402,45.122
hungary,gfdl-esm4,ssp585,9.61,9.61,13.293,44.943
hungary,gfdl-esm4,ssp370,7.822,7.822,10.051,45.094
germany,mri-esm2-0,ssp126,1162.577,1162.787,1341.187,2813.5
germany,mri-esm2-0,ssp370,1161.16,1161.217,1327.235,2809.801
germany,mpi-esm1-2-hr,ssp126,1091.662,1091.863,1281.848,2779.391
germany,mpi-esm1-2-hr,ssp370,1120.559,1120.813,1284.099,2786.833
germany,ipsl-cm6a-lr,ssp585,1111.797,1111.861,1298.964,2804.373
germany,ipsl-cm6a-lr,ssp370,1131.252,1131.518,1304.911,2814.275
germany,ukesm1-0-ll,ssp126,1177.436,1178.018,1337.424,2828.183
germany,ukesm1-0-ll,ssp585,1174.608,1174.721,1339.783,2839.451
germany,gfdl-esm4,ssp126,1123.647,1123.954,1305.03,2807.404
germany,gfdl-esm4,ssp370,1126.533,1126.902,1318.388,2800.841
usa_westconnect_south,ukesm1-0-ll,ssp126,2653.189,2654.084,2661.245,4966.304
usa_northerngrid_south,ipsl-cm6a-lr,ssp126,183.235,183.277,184.274,2633.72
usa_northerngrid_south,ukesm1-0-ll,ssp126,186.489,187.346,189.099,2664.061
usa_northerngrid_south,ukesm1-0-ll,ssp585,191.398,191.425,193.111,2666.101
usa_northerngrid_south,ukesm1-0-ll,ssp370,186.736,187.511,189.768,2673.775
usa_spp_north,mri-esm2-0,ssp126,1844.689,1848.615,1848.615,2717.552
usa_spp_north,mri-esm2-0,ssp585,2004.95,2006.229,2006.229,2724.445
usa_spp_north,mri-esm2-0,ssp370,2000.941,2002.184,2002.184,2712.069
usa_spp_north,mpi-esm1-2-hr,ssp126,1602.985,1605.437,1605.437,2690.519
usa_spp_north,mpi-esm1-2-hr,ssp585,1731.706,1733.468,1733.468,2692.608
usa_spp_north,mpi-esm1-2-hr,ssp370,1662.333,1664.93,1664.93,2695.888
usa_spp_north,ipsl-cm6a-lr,ssp126,1708.567,1710.349,1710.349,2702.812
usa_spp_north,ipsl-cm6a-lr,ssp585,1842.917,1845.199,1845.199,2699.884
usa_spp_north,ipsl-cm6a-lr,ssp370,1759.794,1761.951,1761.951,2703.662
usa_spp_north,ukesm1-0-ll,ssp126,1699.764,1702.431,1702.431,2722.866
usa_spp_north,ukesm1-0-ll,ssp585,1789.206,1791.446,1791.446,2725.731
usa_spp_north,ukesm1-0-ll,ssp370,1797.994,1803.089,1803.089,2727.769
usa_spp_north,gfdl-esm4,ssp126,1732.248,1737.72,1737.72,2691.783
usa_spp_north,gfdl-esm4,ssp585,1677.553,1678.951,1678.951,2695.563
usa_spp_north,gfdl-esm4,ssp370,1758.921,1762.048,1762.048,2689.222
usa_spp_south,mri-esm2-0,ssp126,527.142,527.426,550.731,1470.021
usa_spp_south,mri-esm2-0,ssp585,547.767,548.035,556.487,1473.66
usa_spp_south,mri-esm2-0,ssp370,562.257,562.472,566.454,1467.047
usa_spp_south,mpi-esm1-2-hr,ssp126,426.094,426.303,435.306,1457.418
usa_spp_south,mpi-esm1-2-hr,ssp585,466.168,467.626,470.445,1460.63
usa_spp_south,mpi-esm1-2-hr,ssp370,472.111,472.543,476.987,1458.534
usa_spp_south,ipsl-cm6a-lr,ssp126,564.844,565.418,568.684,1464.697
usa_spp_south,ipsl-cm6a-lr,ssp585,541.915,542.294,547.521,1463.114
usa_spp_south,ipsl-cm6a-lr,ssp370,508.032,508.828,555.802,1463.424
usa_spp_south,ukesm1-0-ll,ssp126,466.63,467.966,491.437,1472.435
usa_spp_south,ukesm1-0-ll,ssp585,436.566,436.675,466.645,1475.265
usa_spp_south,ukesm1-0-ll,ssp370,468.158,469.117,493.745,1475.774
usa_spp_south,gfdl-esm4,ssp126,595.196,596.202,682.866,1459.727
usa_spp_south,gfdl-esm4,ssp585,377.041,377.667,414.919,1460.344
usa_spp_south,gfdl-esm4,ssp370,520.76,522.39,530.831,1458.61
usa_miso_south,mri-esm2-0,ssp126,676.678,676.678,1011.674,1152.073
usa_miso_south,mri-esm2-0,ssp585,617.479,617.479,828.729,1157.029
usa_miso_south,mri-esm2-0,ssp370,599.488,599.488,807.653,1150.265
usa_miso_south,mpi-esm1-2-hr,ssp126,515.943,515.943,699.226,1139.891
usa_miso_south,mpi-esm1-2-hr,ssp585,529.894,529.894,686.978,1141.652
usa_miso_south,mpi-esm1-2-hr,ssp370,584.62,584.62,756.737,1138.856
usa_miso_south,ipsl-cm6a-lr,ssp585,602.343,602.343,865.376,1145.017
usa_miso_south,ipsl-cm6a-lr,ssp370,693.009,693.009,840.196,1145.829
usa_miso_south,ukesm1-0-ll,ssp126,640.066,640.066,874.503,1153.673
usa_miso_south,ukesm1-0-ll,ssp370,632.507,632.507,833.843,1158.038
usa_miso_south,gfdl-esm4,ssp126,675.696,675.696,862.527,1142.642
usa_miso_south,gfdl-esm4,ssp585,603.465,603.465,787.057,1144.21
usa_miso_south,gfdl-esm4,ssp370,415.376,415.376,645.245,1142.542
usa_pjm_west,mri-esm2-0,ssp126,5.79,5.79,5.906,3631.287
usa_pjm_west,mri-esm2-0,ssp370,6.969,6.969,7.361,3627.051
usa_pjm_west,mpi-esm1-2-hr,ssp126,5.643,5.643,5.779,3600.392
usa_pjm_west,mpi-esm1-2-hr,ssp585,6.106,6.106,6.201,3602.882
usa_pjm_west,mpi-esm1-2-hr,ssp370,6.063,6.063,6.288,3600.71
usa_pjm_west,ipsl-cm6a-lr,ssp126,5.878,5.878,5.943,3620.669
usa_pjm_west,ipsl-cm6a-lr,ssp585,6.566,6.566,6.806,3609.726
usa_pjm_west,ipsl-cm6a-lr,ssp370,6.425,6.425,6.508,3627.576
usa_pjm_west,ukesm1-0-ll,ssp126,5.791,5.791,5.882,3660.755
usa_pjm_west,ukesm1-0-ll,ssp370,6.911,6.911,6.93,3678.838
usa_pjm_west,gfdl-esm4,ssp126,6.522,6.522,6.708,3597.638
usa_pjm_west,gfdl-esm4,ssp585,6.119,6.119,6.209,3612.873
usa_ercot,mri-esm2-0,ssp126,151.934,151.934,152.862,11089.059
usa_ercot,mri-esm2-0,ssp585,150.428,150.428,151.007,11122.953
usa_ercot,mri-esm2-0,ssp370,163.217,163.217,163.922,11110.13
usa_ercot,mpi-esm1-2-hr,ssp126,142.182,142.182,144.143,11069.533
usa_ercot,mpi-esm1-2-hr,ssp370,152.277,152.277,152.827,11066.595
usa_ercot,ipsl-cm6a-lr,ssp126,166.549,166.549,167.237,11103.902
usa_ercot,ipsl-cm6a-lr,ssp585,164.029,164.029,164.814,11119.666
usa_ercot,ipsl-cm6a-lr,ssp370,164.981,164.981,165.624,11121.092
usa_ercot,ukesm1-0-ll,ssp126,154.566,154.566,155.196,11145.428
usa_ercot,ukesm1-0-ll,ssp585,156.102,156.102,156.778,11162.401
usa_ercot,ukesm1-0-ll,ssp370,165.151,165.151,165.242,11149.883
usa_ercot,gfdl-esm4,ssp126,150.889,150.889,151.533,11077.247
usa_ercot,gfdl-esm4,ssp585,170.51,170.51,171.201,11059.261
usa_ercot,gfdl-esm4,ssp370,156.565,156.565,157.165,11083.828
brazil_sudeste,mri-esm2-0,ssp126,1217.386,1217.386,1373.33,907.911
brazil_sudeste,mri-esm2-0,ssp585,1242.739,1242.739,1474.326,911.467
brazil_sudeste,mri-esm2-0,ssp370,1237.057,1237.057,1484.797,909.849
brazil_sudeste,mpi-esm1-2-hr,ssp585,1226.362,1226.362,1472.441,912.346
brazil_sudeste,ipsl-cm6a-lr,ssp126,1239.572,1239.572,1446.333,911.178
brazil_sudeste,ipsl-cm6a-lr,ssp585,1225.501,1225.501,1518.353,913.323
brazil_sudeste,ipsl-cm6a-lr,ssp370,1211.845,1211.845,1415.614,911.724
brazil_sudeste,ukesm1-0-ll,ssp126,1261.344,1261.344,1573.033,913.281
brazil_sudeste,ukesm1-0-ll,ssp585,1346.125,1346.125,1567.196,916.706
brazil_sudeste,ukesm1-0-ll,ssp370,1318.487,1318.487,1529.671,916.906
brazil_sudeste,gfdl-esm4,ssp126,1305.934,1305.934,1486.217,909.488
brazil_sudeste,gfdl-esm4,ssp585,1228.702,1228.702,1556.659,909.777
brazil_sudeste,gfdl-esm4,ssp370,1238.19,1238.19,1450.379,911.135
brazil_nordeste,mri-esm2-0,ssp126,41.058,41.058,42.111,33.76
brazil_nordeste,mri-esm2-0,ssp585,40.903,40.903,47.098,33.793
brazil_nordeste,mri-esm2-0,ssp370,40.783,40.783,46.047,33.753
brazil_nordeste,mpi-esm1-2-hr,ssp585,40.15,40.15,40.257,33.728
brazil_nordeste,ipsl-cm6a-lr,ssp126,42.012,42.012,42.256,33.783
brazil_nordeste,ipsl-cm6a-lr,ssp585,41.026,41.026,43.494,33.806
brazil_nordeste,ipsl-cm6a-lr,ssp370,38.125,38.125,59.265,33.815
brazil_nordeste,ukesm1-0-ll,ssp126,42.007,42.007,45.054,33.924
brazil_nordeste,ukesm1-0-ll,ssp585,41.415,41.415,43.093,33.991
brazil_nordeste,ukesm1-0-ll,ssp370,41.268,41.268,44.535,34.018
brazil_nordeste,gfdl-esm4,ssp126,40.542,40.542,44.976,33.693
brazil_nordeste,gfdl-esm4,ssp585,40.352,40.352,43.229,33.719
brazil_nordeste,gfdl-esm4,ssp370,39.846,39.846,42.018,33.737
brazil_sul,mri-esm2-0,ssp126,57.488,57.488,57.488,39.157
brazil_sul,mri-esm2-0,ssp585,57.78,57.78,57.78,39.286
brazil_sul,mri-esm2-0,ssp370,58.121,58.121,58.121,39.261
brazil_sul,mpi-esm1-2-hr,ssp585,57.63,57.63,57.63,39.288
brazil_sul,ipsl-cm6a-lr,ssp126,59.361,59.361,59.361,39.312
brazil_sul,ipsl-cm6a-lr,ssp585,59.334,59.334,59.334,39.364
brazil_sul,ipsl-cm6a-lr,ssp370,61.29,61.29,61.29,39.328
brazil_sul,ukesm1-0-ll,ssp126,60.028,60.028,60.028,39.406
brazil_sul,ukesm1-0-ll,ssp585,67.162,67.162,67.162,39.578
brazil_sul,ukesm1-0-ll,ssp370,62.03,62.03,62.03,39.557
brazil_sul,gfdl-esm4,ssp126,60.063,60.063,60.063,39.105
brazil_sul,gfdl-esm4,ssp585,57.488,57.488,57.488,39.228
brazil_sul,gfdl-esm4,ssp370,57.181,57.181,57.181,39.208
malaysia_west,mri-esm2-0,ssp126,359.32,359.32,359.32,1799.411
malaysia_west,mri-esm2-0,ssp585,365.667,365.667,365.667,1800.84
malaysia_west,mpi-esm1-2-hr,ssp126,317.072,317.072,317.072,1793.75
malaysia_west,mpi-esm1-2-hr,ssp585,329.069,329.069,329.069,1795.744
malaysia_west,mpi-esm1-2-hr,ssp370,294.128,294.128,294.128,1795.155
malaysia_west,ipsl-cm6a-lr,ssp126,351.979,351.979,351.979,1799.738
malaysia_west,ipsl-cm6a-lr,ssp585,363.182,363.182,363.182,1799.881
malaysia_west,ipsl-cm6a-lr,ssp370,335.705,335.705,335.705,1800.939
malaysia_west,ukesm1-0-ll,ssp126,387.34,387.34,387.34,1806.526
malaysia_west,ukesm1-0-ll,ssp585,351.998,351.998,351.998,1809.571
malaysia_west,ukesm1-0-ll,ssp370,360.151,360.151,360.151,1810.017
malaysia_west,gfdl-esm4,ssp126,348.186,348.186,348.186,1796.526
malaysia_west,gfdl-esm4,ssp585,356.273,356.273,356.273,1798.002
malaysia_west,gfdl-esm4,ssp370,346.82,346.82,346.82,1798.598
myanmar,ipsl-cm6a-lr,ssp126,0.65,0.65,0.65,0.48
philippines,mri-esm2-0,ssp126,168.353,168.905,171.076,132.792
philippines,mri-esm2-0,ssp585,162.026,165.698,201.054,132.985
philippines,mpi-esm1-2-hr,ssp126,161.293,169.544,199.776,132.288
philippines,mpi-esm1-2-hr,ssp585,161.922,168.11,199.066,132.593
philippines,mpi-esm1-2-hr,ssp370,159.911,163.359,200.42,132.562
philippines,ipsl-cm6a-lr,ssp126,164.855,168.122,201.423,132.788
philippines,ipsl-cm6a-lr,ssp585,164.338,168.922,203.142,132.771
philippines,ipsl-cm6a-lr,ssp370,163.58,170.945,200.536,132.818
philippines,ukesm1-0-ll,ssp126,167.61,171.236,207.611,133.231
philippines,ukesm1-0-ll,ssp585,167.672,171.754,207.824,133.403
philippines,ukesm1-0-ll,ssp370,167.442,173.605,210.932,133.536
philippines,gfdl-esm4,ssp126,163.302,165.472,202.126,132.631
philippines,gfdl-esm4,ssp585,161.377,166.161,194.913,132.713
philippines,gfdl-esm4,ssp370,163.168,167.153,200.83,132.761
china_ec,mri-esm2-0,ssp126,2934.728,2951.401,3199.639,8338.666
china_ec,mri-esm2-0,ssp585,3050.005,3060.694,3320.59,8365.996
china_ec,mpi-esm1-2-hr,ssp126,2996.767,3004.612,3228.994,8261.929
china_ec,mpi-esm1-2-hr,ssp585,2880.17,2899.434,3179.32,8284.058
china_ec,mpi-esm1-2-hr,ssp370,3040.103,3056.23,3337.021,8190.25
china_ec,ipsl-cm6a-lr,ssp126,2318.959,2322.17,2698.91,8316.531
china_ec,ipsl-cm6a-lr,ssp585,2890.884,2904.694,3217.784,8327.727
china_ec,ipsl-cm6a-lr,ssp370,3204.751,3213.579,3420.239,8313.643
china_ec,ukesm1-0-ll,ssp126,3260.391,3279.293,3565.457,8366.498
china_ec,ukesm1-0-ll,ssp585,2842.473,2865.722,3169.873,8374.179
china_ec,ukesm1-0-ll,ssp370,2478.967,2482.113,2834.207,8386.971
china_ec,gfdl-esm4,ssp126,3267.864,3295.213,3587.915,8287.087
china_ec,gfdl-esm4,ssp585,3047.991,3067.551,3395.51,8278.394
china_ec,gfdl-esm4,ssp370,3036.197,3050.983,3283.79,8270.174
china_nc,mri-esm2-0,ssp126,382.553,401.504,404.651,9643.384
china_nc,mri-esm2-0,ssp585,908.71,914.708,962.477,9668.463
china_nc,mpi-esm1-2-hr,ssp126,412.807,433.656,436.588,9552.043
china_nc,mpi-esm1-2-hr,ssp585,443.68,460.953,467.166,9590.002
china_nc,mpi-esm1-2-hr,ssp370,1469.562,1471.222,1541.615,9544.162
china_nc,ipsl-cm6a-lr,ssp126,383.818,402.62,408.553,9617.315
china_nc,ipsl-cm6a-lr,ssp585,451.91,470.851,477.95,9648.305
china_nc,ipsl-cm6a-lr,ssp370,0.0,0.0,0.0,9627.615
china_nc,ukesm1-0-ll,ssp126,386.842,418.102,427.522,9668.043
china_nc,ukesm1-0-ll,ssp585,369.51,387.762,394.803,9672.635
china_nc,ukesm1-0-ll,ssp370,444.289,466.774,474.673,9650.58
china_nc,gfdl-esm4,ssp126,452.008,466.677,472.327,9614.613
china_nc,gfdl-esm4,ssp585,355.297,379.166,386.394,9602.932
china_nc,gfdl-esm4,ssp370,389.469,407.755,417.79,9587.628
luxembourg,mri-esm2-0,ssp126,0.0,0.0,0.0,112.446
luxembourg,mri-esm2-0,ssp585,0.0,0.0,0.0,113.752
luxembourg,mri-esm2-0,ssp370,0.0,0.0,0.0,112.344
luxembourg,mpi-esm1-2-hr,ssp126,0.0,0.0,0.0,110.98
luxembourg,mpi-esm1-2-hr,ssp585,0.0,0.0,0.0,111.3
luxembourg,mpi-esm1-2-hr,ssp370,0.0,0.0,0.0,111.339
luxembourg,ipsl-cm6a-lr,ssp126,0.0,0.0,0.0,112.328
luxembourg,ipsl-cm6a-lr,ssp585,0.0,0.0,0.0,112.23
luxembourg,ipsl-cm6a-lr,ssp370,0.0,0.0,0.0,112.862
luxembourg,ukesm1-0-ll,ssp126,0.0,0.0,0.0,113.766
luxembourg,ukesm1-0-ll,ssp585,0.0,0.0,0.0,114.194
luxembourg,ukesm1-0-ll,ssp370,0.0,0.0,0.0,114.049
luxembourg,gfdl-esm4,ssp126,0.0,0.0,0.0,112.259
luxembourg,gfdl-esm4,ssp585,0.0,0.0,0.0,111.827
luxembourg,gfdl-esm4,ssp370,0.0,0.0,0.0,111.937
ireland,mri-esm2-0,ssp126,15.225,15.225,15.225,1439.214
ireland,mri-esm2-0,ssp585,15.826,15.826,15.826,1446.566
ireland,mri-esm2-0,ssp370,15.888,15.888,15.888,1440.892
ireland,mpi-esm1-2-hr,ssp126,15.38,15.38,15.38,1436.781
ireland,mpi-esm1-2-hr,ssp585,15.567,15.567,15.567,1434.811
ireland,mpi-esm1-2-hr,ssp370,15.652,15.652,15.652,1436.451
ireland,ipsl-cm6a-lr,ssp126,15.845,15.845,15.845,1442.532
ireland,ipsl-cm6a-lr,ssp585,16.413,16.413,16.413,1441.111
ireland,ipsl-cm6a-lr,ssp370,15.17,15.17,15.17,1440.65
ireland,ukesm1-0-ll,ssp126,15.225,15.225,15.225,1450.56
ireland,ukesm1-0-ll,ssp585,16.145,16.145,16.145,1453.009
ireland,ukesm1-0-ll,ssp370,16.018,16.018,16.018,1455.934
ireland,gfdl-esm4,ssp126,15.271,15.271,15.271,1442.167
ireland,gfdl-esm4,ssp585,15.215,15.215,15.215,1442.874
ireland,gfdl-esm4,ssp370,15.901,15.901,15.901,1440.508
belgium,mri-esm2-0,ssp126,9.585,9.585,10.837,237.408
belgium,mri-esm2-0,ssp585,8.761,8.761,10.519,238.589
belgium,mri-esm2-0,ssp370,8.446,8.446,11.794,237.333
belgium,mpi-esm1-2-hr,ssp585,8.242,8.242,10.2,236.598
belgium,ipsl-cm6a-lr,ssp126,10.564,10.564,13.706,237.081
belgium,ipsl-cm6a-lr,ssp585,8.151,8.151,10.2,237.266
belgium,ipsl-cm6a-lr,ssp370,8.486,8.486,9.881,237.202
belgium,ukesm1-0-ll,ssp585,34.553,34.553,34.553,238.354
belgium,gfdl-esm4,ssp126,9.419,9.419,10.519,237.314
belgium,gfdl-esm4,ssp585,11.765,11.765,14.503,236.891
belgium,gfdl-esm4,ssp370,9.175,9.175,10.519,237.07
united_kingdom,mri-esm2-0,ssp126,153.498,157.004,191.58,5673.65
united_kingdom,mri-esm2-0,ssp585,157.67,161.396,207.238,5748.626
united_kingdom,mri-esm2-0,ssp370,155.411,159.662,200.461,5678.831
united_kingdom,mpi-esm1-2-hr,ssp126,157.161,163.596,201.256,5598.915
united_kingdom,mpi-esm1-2-hr,ssp585,152.566,160.069,198.559,5608.768
united_kingdom,mpi-esm1-2-hr,ssp370,157.818,166.064,209.284,5605.145
united_kingdom,ipsl-cm6a-lr,ssp126,166.53,172.77,214.927,5667.281
united_kingdom,ipsl-cm6a-lr,ssp585,155.02,161.927,205.264,5661.161
united_kingdom,ipsl-cm6a-lr,ssp370,153.969,159.994,205.618,5652.516
united_kingdom,ukesm1-0-ll,ssp126,155.067,160.064,206.024,5757.798
united_kingdom,ukesm1-0-ll,ssp585,155.429,160.294,195.237,5775.646
united_kingdom,ukesm1-0-ll,ssp370,160.742,165.623,206.298,5793.55
united_kingdom,gfdl-esm4,ssp126,155.884,161.739,204.337,5687.46
united_kingdom,gfdl-esm4,ssp585,151.925,157.901,200.638,5655.72
united_kingdom,gfdl-esm4,ssp370,149.63,154.065,200.416,5657.511
colombia,mri-esm2-0,ssp126,126.752,126.752,126.752,103.03
colombia,mri-esm2-0,ssp585,124.665,124.665,124.665,103.229
colombia,mri-esm2-0,ssp370,124.943,124.943,124.943,103.024
colombia,mpi-esm1-2-hr,ssp126,124.672,124.672,124.672,102.82
colombia,mpi-esm1-2-hr,ssp585,124.226,124.226,124.226,103.021
colombia,mpi-esm1-2-hr,ssp370,124.828,124.828,124.828,102.99
colombia,ipsl-cm6a-lr,ssp126,129.1,129.1,129.1,103.158
colombia,ipsl-cm6a-lr,ssp585,130.268,130.268,130.268,103.252
colombia,ipsl-cm6a-lr,ssp370,128.024,128.024,128.024,103.279
colombia,gfdl-esm4,ssp126,122.874,122.874,122.874,102.758
colombia,gfdl-esm4,ssp585,123.422,123.422,123.422,102.931
colombia,gfdl-esm4,ssp370,124.921,124.921,124.921,102.987
argentina,mri-esm2-0,ssp126,225.39,225.425,239.18,137.281
argentina,mri-esm2-0,ssp585,228.046,228.098,236.554,137.186
argentina,mri-esm2-0,ssp370,224.545,225.02,251.21,137.137
argentina,mpi-esm1-2-hr,ssp585,219.587,219.631,239.829,137.41
argentina,ipsl-cm6a-lr,ssp126,216.277,216.293,230.978,137.524
argentina,ipsl-cm6a-lr,ssp585,224.795,225.436,225.436,137.262
argentina,ipsl-cm6a-lr,ssp370,224.378,224.397,243.71,137.598
argentina,ukesm1-0-ll,ssp126,233.014,233.172,243.169,137.565
argentina,ukesm1-0-ll,ssp585,224.367,224.94,240.096,137.906
argentina,ukesm1-0-ll,ssp370,228.813,228.828,241.195,137.772
argentina,gfdl-esm4,ssp126,224.635,225.264,236.044,136.999
argentina,gfdl-esm4,ssp585,226.228,226.388,239.852,136.936
argentina,gfdl-esm4,ssp370,225.934,225.947,235.872,136.995
peru,mri-esm2-0,ssp126,26.633,26.633,26.633,20.209
peru,mri-esm2-0,ssp585,26.134,26.134,26.134,20.256
peru,mri-esm2-0,ssp370,26.083,26.083,26.083,20.22
peru,mpi-esm1-2-hr,ssp126,25.919,25.919,25.919,20.154
peru,mpi-esm1-2-hr,ssp585,26.486,26.486,26.486,20.228
peru,mpi-esm1-2-hr,ssp370,27.381,27.381,27.381,20.206
peru,ipsl-cm6a-lr,ssp126,25.773,25.773,25.773,20.197
peru,ipsl-cm6a-lr,ssp585,25.775,25.775,25.775,20.199
peru,ipsl-cm6a-lr,ssp370,26.291,26.291,26.291,20.226
peru,gfdl-esm4,ssp126,26.433,26.433,26.433,20.187
peru,gfdl-esm4,ssp585,26.127,26.127,26.127,20.215
peru,gfdl-esm4,ssp370,26.065,26.065,26.065,20.212
chile,mri-esm2-0,ssp126,466.375,466.375,571.858,306.408
chile,mri-esm2-0,ssp585,484.587,484.587,597.117,307.899
chile,mri-esm2-0,ssp370,469.922,469.922,580.506,307.386
chile,mpi-esm1-2-hr,ssp585,462.135,462.135,556.812,308.068
chile,ipsl-cm6a-lr,ssp126,464.088,464.088,568.731,307.691
chile,ipsl-cm6a-lr,ssp585,469.982,469.982,580.098,307.045
chile,ipsl-cm6a-lr,ssp370,476.592,476.592,586.961,308.146
chile,ukesm1-0-ll,ssp126,467.735,467.735,578.783,309.452
chile,ukesm1-0-ll,ssp585,473.362,473.362,581.035,310.494
chile,ukesm1-0-ll,ssp370,458.484,458.484,602.259,310.542
chile,gfdl-esm4,ssp126,453.897,453.897,559.779,306.916
chile,gfdl-esm4,ssp585,452.307,452.307,556.474,307.646
chile,gfdl-esm4,ssp370,456.446,456.446,556.707,307.946
ecuador,mri-esm2-0,ssp126,2.656,2.656,2.656,2.046
ecuador,mri-esm2-0,ssp585,2.726,2.726,2.726,2.056
ecuador,mri-esm2-0,ssp370,2.673,2.673,2.673,2.049
ecuador,mpi-esm1-2-hr,ssp126,2.616,2.616,2.616,2.04
ecuador,mpi-esm1-2-hr,ssp585,2.604,2.604,2.604,2.048
ecuador,mpi-esm1-2-hr,ssp370,2.589,2.589,2.589,2.045
ecuador,ipsl-cm6a-lr,ssp126,2.746,2.746,2.746,2.049
ecuador,ipsl-cm6a-lr,ssp585,2.777,2.777,2.777,2.052
ecuador,ipsl-cm6a-lr,ssp370,2.697,2.697,2.697,2.053
ecuador,gfdl-esm4,ssp126,2.705,2.705,2.705,2.037
ecuador,gfdl-esm4,ssp585,2.713,2.713,2.713,2.041
ecuador,gfdl-esm4,ssp370,2.744,2.744,2.744,2.045
