region,lat,lon,eff
albania,41.6796,19.8305,-0.022652397305923166
argentina,-38.3999,-69.6666,0.04062000137091282
argentina,-34.9907,-68.6237,-0.03606417512137838
argentina,-34.9039,-68.6177,-0.05212279756359983
argentina,-34.61,-68.6136,0.0009829285170235291
argentina,-34.6,-68.5285,0.0008880541875733172
argentina,-33.2993,-68.7199,-0.022408852552021297
argentina,-33.0452,-69.0516,0.0
argentina,-33.0449,-68.9219,0.0
argentina,-33.0291,-69.1109,0.0
argentina,-32.1675,-64.2438,0.06905949949201862
argentina,-31.2751,-57.9385,0.004326650680723021
argentina,-27.6509,-64.3618,-0.03264401205692047
austria,46.5462,14.2985,0.0
austria,46.944097,15.50363,0.0
austria,46.997841,15.467519,0.0
austria,47.039749,15.442537,0.0
austria,47.108388,15.392094,0.0
austria,47.126999,11.453,0.0
austria,47.3598,15.3424,0.0
austria,47.3932,11.7886,0.006339959569015674
austria,47.4412,13.2108,0.0
austria,47.470464,9.862094,0.0
austria,47.6833333,13.1,0.0
austria,48.1766,16.4813,-0.001443441952325486
austria,48.18324,12.85345,0.0
austria,48.2062,14.2234,-0.0028640475863795922
austria,48.224936,14.53116,-0.001199406230687483
austria,48.244,13.006,0.0002236606740584346
austria,48.257999,16.389999,-0.00139994533123744
austria,48.3166,14.1512,-0.00018382872475908307
austria,48.3553,16.2424,-0.0013463456081148628
austria,48.374728,15.855343,-0.0013385320811463153
belgium,50.426,5.7328,0.0
belgium,50.4665,4.8992,0.0
belgium,50.4928,5.07,0.0
belgium,50.5335,5.2962,0.0
belgium,50.5922,5.4613,0.0
belgium,50.6517,5.6308,0.0
belgium,50.7517,5.6863,0.0
brazil_nordeste,-9.6209,-37.7924,-0.040672819436037955
brazil_nordeste,-9.144,-38.3134,-0.03631886378921423
brazil_sudeste,-23.6125,-47.3969,0.02292106792862647
brazil_sudeste,-23.41,-45.6006,0.12190934627076777
brazil_sudeste,-23.3756,-45.8761,0.04248217146810551
brazil_sudeste,-23.2094,-49.23,0.056143013287028976
brazil_sudeste,-23.195,-46.0278,0.1799859545599375
brazil_sudeste,-23.1544,-49.38,0.6215715992211979
brazil_sudeste,-22.9414,-50.5169,0.19252269792607413
brazil_sudeste,-22.9361,-50.2497,0.12805265201635452
brazil_sudeste,-22.9042,-50.0003,0.142105271031711
brazil_sudeste,-22.5303,-44.5669,0.015934479183078887
brazil_sudeste,-22.5194,-48.5344,0.022674092992278072
brazil_sudeste,-22.5,-45.3333,0.0
brazil_sudeste,-22.3669,-46.9,0.0019378799028443305
brazil_sudeste,-22.1533,-48.7525,0.015378696410689674
brazil_sudeste,-21.94,-43.37,0.0
brazil_sudeste,-21.9211,-42.7903,0.01377145678678593
brazil_sudeste,-21.8849,-43.5408,0.0003625626480816546
brazil_sudeste,-21.85,-42.5833,0.01242929626621403
brazil_sudeste,-21.7592,-48.9906,0.02263899806240377
brazil_sudeste,-21.6956,-42.1492,0.013313726004446913
brazil_sudeste,-21.6253,-47.0094,0.005757324010343012
brazil_sudeste,-21.6031,-46.9492,0.0016251716628593593
brazil_sudeste,-21.5767,-46.6242,0.017751329940340677
brazil_sudeste,-21.2961,-49.7831,0.016033099039450605
brazil_sudeste,-21.2913,-44.6224,0.0
brazil_sudeste,-21.1436,-45.0372,0.012774865906338029
brazil_sudeste,-20.5081,-41.2808,0.0
brazil_sudeste,-20.4667,-47.8667,0.0
brazil_sudeste,-20.2878,-47.0661,0.00034385712944717817
brazil_sudeste,-20.2061,-42.8553,0.0
brazil_sudeste,-20.1506,-47.2794,0.0060005300001420014
brazil_sudeste,-20.0231,-47.4344,0.0031563332472630545
brazil_sudeste,-19.75,-41.7667,0.0
brazil_sudeste,-19.6466,-42.8499,0.0
brazil_sudeste,-19.5005,-40.9185,0.0002546342487463882
brazil_sudeste,-19.4983,-41.0236,0.0
brazil_sudeste,-19.1156,-42.7186,0.0
brazil_sudeste,-19.022,-42.123,0.0
brazil_sudeste,-18.8944,-44.7817,-0.005845084131169576
brazil_sudeste,-18.7903,-48.1472,0.054693981836973715
brazil_sudeste,-18.5992,-41.8478,0.0
brazil_sudeste,-18.215,-45.2592,0.049522351922523744
brazil_sudeste,-16.3208,-48.1883,0.11598528726577251
brazil_sul,-29.0083,-51.3792,0.0005955719569634699
brazil_sul,-28.0678,-49.1508,0.0
brazil_sul,-27.1167,-49.5,0.0
brazil_sul,-27.0372,-49.5708,0.0
brazil_sul,-26.7667,-49.4333,0.0
bulgaria,41.61227,25.64052,0.03707512907037813
bulgaria,42.02719,24.47085,0.03229921885003639
bulgaria,42.5441,23.4861,0.1446061583434033
bulgaria,42.58398,23.42819,0.1561639377144992
bulgaria,42.6125,25.3198,0.02676703011245074
bulgaria,43.1213,25.171,0.2501107405857268
canada_atlantic,45.1283,-66.8279,0.0
canada_atlantic,45.9551,-66.8665,-0.00017766759190163128
canada_atlantic,46.5428,-67.6687,0.0
canada_atlantic,47.0429,-67.7369,0.0
canada_atlantic,47.266,-67.2434,0.021033592698072257
canada_atlantic,47.4684,-68.2354,0.0
canada_atlantic,53.5294,-63.9651,0.002014464400834748
canada_bc,49.0041,-117.6129,0.19019608462280457
canada_bc,49.195,-122.4083,0.059018979415855544
canada_bc,49.2288,-122.3561,0.05862438079264498
canada_bc,49.2901,-115.1046,0.0
canada_bc,49.3734,-125.1506,-0.001789461075531129
canada_bc,49.4533,-117.5179,0.0
canada_bc,49.4933,-115.3624,0.0
canada_bc,49.7109,-123.5321,0.0
canada_bc,49.7214,-123.0919,0.0
canada_bc,49.7834,-122.2347,0.0
canada_bc,49.8772,-123.1599,0.0
canada_bc,49.9106,-118.0718,0.06112033768788305
canada_bc,49.9143,-123.325,0.0
canada_bc,50.0579,-123.1312,0.0
canada_bc,50.1051,-121.5671,0.00868410377715767
canada_bc,53.57706,-124.948,-0.02807216549153002
canada_bc,53.6785,-120.911,0.0
canada_ontario,44.1525,-77.5819,0.0
canada_ontario,44.3215,-77.782,0.0
canada_ontario,44.3398,-80.537,-0.030774158875785718
canada_ontario,44.373,-77.7787,0.0
canada_ontario,44.5356,-78.7373,0.0
canada_ontario,44.9538,-76.6087,0.0
canada_ontario,45.00650024,-74.79489899,0.0001654133705260019
canada_ontario,45.1957,-76.9074,0.0
canada_ontario,45.2499,-76.759,0.0
canada_ontario,45.4071,-76.5064,0.0
canada_ontario,45.4187,-76.347,0.00046190180135685655
canada_ontario,45.4217,-75.7197,-0.0004042235751731127
canada_ontario,45.4752,-76.2382,-0.0002813583866374536
canada_ontario,45.5838,-76.6738,-0.00010460212707874561
canada_ontario,46.0602,-79.3894,0.0033477406584534464
canada_ontario,46.315,-83.2905,0.015287915481147829
canada_ontario,46.3839,-81.5781,0.004698746959774347
canada_ontario,46.4315,-83.3859,0.01589114345650544
canada_ontario,46.9095,-83.2129,0.02093562391948678
canada_ontario,47.1389,-79.4541,8.185408148553286e-05
canada_prairies,49.561,-113.896,0.0
canada_prairies,50.1204,-96.0177,0.0
canada_prairies,50.2221,-95.5687,0.0
canada_prairies,50.2981,-95.5481,0.0
canada_prairies,50.3981,-95.9977,0.0
canada_prairies,50.4616,-96.0095,0.0
canada_prairies,50.5671,-96.1783,0.0
canada_prairies,51.0969,-115.0582,0.0
canada_prairies,51.2188,-114.7078,-0.00914301490713898
canada_prairies,51.2748,-106.8736,0.11317917176321202
canada_prairies,52.3081,-116.3245,-0.052307695697670464
canada_prairies,53.1476,-104.858,0.038504458546387066
canada_prairies,53.16,-99.2863,0.019801926583630225
canada_prairies,53.321,-104.0431,0.049280341584015286
canada_prairies,53.689,-103.3475,0.07390941476569557
canada_prairies,54.5432,-98.0282,0.026671621545627078
canada_prairies,55.5284,-102.3561,0.0
canada_prairies,55.5383,-98.4938,0.0
canada_prairies,56.0405,-96.5379,0.025460763544317144
canada_prairies,56.2251,-101.0094,0.0
canada_prairies,56.2508,-101.1171,0.0
canada_prairies,56.3499,-95.202,0.023256778702139158
canada_prairies,56.3817,-94.6346,0.004665298151715236
canada_quebec,45.3141,-73.9088,0.0
canada_quebec,45.4827,-71.6623,0.0
canada_quebec,45.558,-72.0077,0.0
canada_quebec,45.5687,-74.383,0.0
canada_quebec,45.774,-74.6844,0.0
canada_quebec,45.8632,-72.4502,0.0
canada_quebec,46.4491,-72.7393,0.0
canada_quebec,46.5359,-72.7673,0.0
canada_quebec,46.5484,-72.4102,0.0
canada_quebec,46.6139,-72.6751,0.0
canada_quebec,46.6785,-71.7458,0.0
canada_quebec,46.9872,-70.5492,0.0
canada_quebec,47.1227,-70.8286,0.0
canada_quebec,47.4446,-72.7987,0.0
canada_quebec,47.5561,-72.8362,0.0
canada_quebec,48.6036,-68.1376,0.0
canada_quebec,49.193,-68.3268,0.07673524356449724
chile,-37.9099,-71.6087,0.00374628967290358
chile,-37.7103,-71.8169,-7.163683635258433e-05
chile,-37.5404,-71.5965,0.0
chile,-37.3646,-71.4894,0.0
chile,-37.336,-71.9567,0.0035105573507171473
chile,-37.3103,-71.6264,0.007198755910538757
chile,-37.2441,-72.5302,0.0040719354198467395
chile,-36.8351,-73.0615,-0.004405591862654434
chile,-35.8578,-71.0639,0.0
chile,-35.828271,-70.739583,0.0
chile,-35.8104,-70.8357,0.0
chile,-35.8051,-70.9411,0.0
chile,-35.7338,-71.1555,0.04697719189352034
chile,-35.6615,-71.3551,0.019251438451328817
chile,-34.7515,-70.7143,0.0
chile,-34.7347,-70.3825,0.0
chile,-34.2756,-70.4523,0.0
chile,-34.2367,-70.5474,0.0
chile,-34.0409,-71.5902,-0.00424701586235865
chile,-33.8128,-70.2193,0.0
chile,-33.6427,-70.6331,0.0
chile,-33.6027,-70.3597,0.0
chile,-33.5307,-70.2617,0.0
chile,-33.5012,-70.1927,0.0
chile,-32.917,-70.3289,0.0
chile,-32.900572,-70.263273,0.0
chile,-32.8665,-70.408,0.0
chile,-32.8535,-70.5061,0.0
chile,-30.7004,-71.0373,0.015804257820207113
chile,-29.9961,-70.8638,0.0
china_cc,25.87,113.31,0.10558852542489527
china_cc,25.9164,115.1944,0.0
china_cc,25.9442,115.3606,0.0
china_cc,26.0594,111.6577,-0.002062737503136791
china_cc,26.17,115.75,0.0
china_cc,26.1726,111.6589,-0.0023735515252141237
china_cc,26.2333,112.9667,0.10602921361034257
china_cc,26.2794,111.5442,0.0
china_cc,26.41694444,113.7836111,0.0
china_cc,26.4441,114.7954,0.003188723741533339
china_cc,26.4792,110.3289,0.0
china_cc,26.5122,112.1596,-0.002050304564884753
china_cc,26.5774,112.8718,0.08002050759892154
china_cc,26.6375,114.8004,-0.0010992537501119948
china_cc,26.6658,112.8739,0.10304199928556823
china_cc,26.706,113.6749,0.08618430867006222
china_cc,26.7339,111.1075,0.0
china_cc,26.8997,114.9986,0.001104915088822045
china_cc,26.9469,114.5489,0.0
china_cc,26.97833333,113.2911111,0.007323357770127936
china_cc,27.0542,110.1906,0.0
china_cc,27.0828,111.2986,0.004330115985864191
china_cc,27.12555556,110.9230556,0.017163670332853487
china_cc,27.13,109.96,0.0027663939456555875
china_cc,27.1462,112.8604,0.02656738373903078
china_cc,27.2361,115.8025,0.0
china_cc,27.2869,110.0994,0.0
china_cc,27.3103,114.6844,0.0
china_cc,27.3336,109.9128,0.0
china_cc,27.4906,109.6466,-0.0014564408870699763
china_cc,27.5178,115.1311,0.0014273954070014305
china_cc,27.58,110.29,0.0007589623689029379
china_cc,27.68,112.23,0.003528492881819778
china_cc,27.7017,109.7333,0.0
china_cc,27.7103,110.5853,0.0
china_cc,27.7477,116.6299,0.0002786938885835921
china_cc,27.9023,110.9306,0.0
china_cc,27.9211,115.4359,0.0005381781441937683
china_cc,28.0,110.9167,0.0
china_cc,28.1903,115.7598,0.0002816127338194363
china_cc,28.33,111.13,0.008086668085875215
china_cc,28.3986,111.3301,0.00825945298519426
china_cc,28.504,111.7841,0.00991495880941673
china_cc,28.5852,112.0248,0.01225929067311382
china_cc,28.76,111.21,-0.020707568987125224
china_cc,28.78,110.93,-0.012663852822661581
china_cc,28.8975,111.4925,-0.020591868996258533
china_cc,28.9829,114.3263,0.051454250888560704
china_cc,29.21,115.5,0.07400704047861384
china_cc,29.235,114.8461,-0.0009789532131617706
china_cc,30.3976,111.3406,-0.03819516781124799
china_cc,30.7397,111.2695,-0.014483713740107929
china_cc,30.8235,111.0032,-0.010735013704663787
china_cc,32.0107,112.1347,-0.03843705404760378
china_cc,32.0646,111.9055,-0.05568952868288468
china_cc,32.3867,111.6757,0.014735347440292257
china_cc,32.56,111.49,0.0021527348240810706
china_cc,32.68,110.52,0.03095004412146274
china_cc,34.9002,112.4767,0.018973601403350582
china_cc,34.92,112.36,0.004012485079064154
china_csg,19.01,110.2,0.1089122091685476
china_csg,19.02,108.98,0.20747343996525147
china_csg,19.1801,108.9683,0.3142494349650924
china_csg,22.3422,107.233,0.0
china_csg,22.6519,109.1903,-0.13359830033190345
china_csg,22.859,106.6998,0.0
china_csg,23.0165,104.743,-0.009551048083134783
china_csg,23.0468,103.2845,-0.005544518104972362
china_csg,23.0539,109.5712,-0.15359519514447761
china_csg,23.0753,103.1742,0.0
china_csg,23.0943,101.8739,-0.030959458310037102
china_csg,23.1008,101.3947,0.0007804243119520216
china_csg,23.11972222,101.745,0.0
china_csg,23.1308,103.0619,0.0
china_csg,23.15,101.61,0.0
china_csg,23.1544,114.3267,0.008384456876690427
china_csg,23.22,110.83,0.0
china_csg,23.2238,107.6498,-0.04231724411466531
china_csg,23.4579,110.0308,-0.05462554228895211
china_csg,23.5335,111.2333,0.0
china_csg,23.5711,106.0389,0.0
china_csg,23.57583333,107.1836111,-0.04015513938324644
china_csg,23.603,112.954,0.0
china_csg,23.6253,108.9461,0.0
china_csg,23.645,114.675,0.040262008764260226
china_csg,23.6675,106.0892,0.0
china_csg,23.73,114.65,0.08125698218769728
china_csg,23.7301,111.0397,0.0
china_csg,23.75,113.77,0.0069159201615628385
china_csg,23.78,106.77,-9.870999549277393e-05
china_csg,23.8017,113.259,-0.008631074052854126
china_csg,23.817,112.2335,0.0
china_csg,23.85,108.13,0.0
china_csg,23.8667,114.9061,-0.022923113216505087
china_csg,23.91055556,106.5041667,0.006364263509610613
china_csg,23.9137,111.0009,0.0
china_csg,23.927,106.4557,0.020211953901710822
china_csg,23.9322,115.0456,-0.02183501914473862
china_csg,23.95,106.64,0.004553257407151512
china_csg,23.97,108.61,0.004271782657967571
china_csg,23.9837,116.4829,-0.0007956028217122046
china_csg,24.05,107.51,0.027391773552517762
china_csg,24.0522,111.7566,-0.005037569443264611
china_csg,24.0797,110.8076,-0.0005517539706515473
china_csg,24.0983,105.6508,-0.012779683499977934
china_csg,24.1219,105.7961,-0.009409775721329172
china_csg,24.1543,116.0897,0.0
china_csg,24.1747,105.9683,-0.00493630154503677
china_csg,24.2049,110.8191,0.0015627973326279854
china_csg,24.23,109.53,-0.000426667141275372
china_csg,24.2708,113.8813,0.0
china_csg,24.28,115.21,-0.026264419630763425
china_csg,24.3106,113.4294,0.009521526788034418
china_csg,24.31694444,105.5502778,0.0
china_csg,24.3292,105.6239,0.0
china_csg,24.3481,116.6953,0.0
china_csg,24.375,110.7486,0.0028144410792049213
china_csg,24.4121,115.3607,-0.024592473217599053
china_csg,24.4394,103.9866,-0.010509896899847382
china_csg,24.479848,104.1625226,0.0
china_csg,24.5269,101.3236,0.0
china_csg,24.5623,116.6176,0.0004253883350495702
china_csg,24.5844,113.5654,0.0
china_csg,24.5883,108.2658,0.0
china_csg,24.6554,109.2171,0.0
china_csg,24.701,109.8467,0.0
china_csg,24.7014,116.1333,-0.005076305913962242
china_csg,24.7827,113.281,0.053422504129935156
china_csg,24.82,104.54,-0.003157580973905172
china_csg,24.82,105.49,0.015195204441411425
china_csg,24.8492,113.5378,0.002962433096511452
china_csg,24.87,104.58,0.0
china_csg,24.9025,109.1552,0.0
china_csg,24.9274,107.885,0.0
china_csg,24.941,105.1033,0.02688016395023185
china_csg,24.947,113.781,0.0
china_csg,24.9973,103.336,0.0
china_csg,24.9977,104.3414,0.0
china_csg,25.0277,107.0431,0.0027560941828473906
china_csg,25.1136,109.3301,0.0
china_csg,25.2076,113.281,0.005265344542340178
china_csg,25.4797,109.4416,0.0
china_csg,25.5152,107.7814,0.0
china_csg,25.5268,105.7693,0.05540676662160138
china_csg,25.5761,108.7564,0.0
china_csg,25.6311,106.5489,0.0
china_csg,25.75,108.6875,0.0
china_csg,25.8222,109.8881,0.0
china_csg,25.8964,110.1326,0.0
china_csg,25.9139,109.875,0.0
china_csg,25.953,103.6003,0.0
china_csg,25.9542,102.7292,0.0
china_csg,26.0248,100.9595,0.0
china_csg,26.157,102.778,0.0
china_csg,26.206,102.666,-0.05249706199258286
china_csg,26.2269,111.2619,0.0
china_csg,26.52,101.44,-0.0907766037932567
china_csg,26.5829,106.1379,-0.018193408969537583
china_csg,26.6078,109.0475,-0.0002254371203781469
china_csg,26.6359,109.1488,-0.0035974356366927918
china_csg,26.6661,106.1219,-0.011181480111811082
china_csg,26.82,107.26,-0.004536392829278424
china_csg,26.86,106.15,8.321005485090183e-06
china_csg,26.87,105.86,0.000857954330705013
china_csg,26.9558,109.4709,-0.005809119620802994
china_csg,26.97,106.37,0.004640248674282921
china_csg,27.05,108.43,0.0
china_csg,27.32,106.76,0.012447411982836165
china_csg,27.3744,107.633,-0.010239658802566831
china_csg,27.8016,108.1899,-0.013174925077716226
china_csg,28.3347,107.4064,0.0
china_csg,28.4625,108.5092,0.0
china_csg,28.5,108.48,0.0007263311720464571
china_csg,28.5583,107.4967,0.0
china_csg,28.653,107.969,-0.017094395545170782
china_ec,24.662,116.5955,-0.030152559045663496
china_ec,24.91,117.51,0.0006818106031294402
china_ec,25.1389,116.37,0.0
china_ec,25.1625,118.4172,-0.04324181863091919
china_ec,25.2806,117.523,0.0
china_ec,25.3686,116.3389,0.0
china_ec,25.3973,117.0589,0.026198108013384402
china_ec,25.4041,117.2265,0.008959295546720702
china_ec,25.73,118.745,0.0
china_ec,25.94,118.04,0.1521631915691971
china_ec,26.0193,117.2029,-0.007898279090898352
china_ec,26.0279,117.1125,-0.006309059260233063
china_ec,26.1668,117.5162,-0.009287381931442962
china_ec,26.1728,118.1839,0.0
china_ec,26.288,118.3074,0.04863229866202823
china_ec,26.31,118.81,0.007344173927415598
china_ec,26.3704,117.7478,-0.009452000599901478
china_ec,26.417,117.8722,-0.008331864606401895
china_ec,26.482,119.2508,0.003539622418219257
china_ec,26.534,119.102,0.0
china_ec,26.59,118.08,-0.010424518221357593
china_ec,26.71,117.12,-0.025121163994415885
china_ec,26.7747,117.9831,-0.010256942776974531
china_ec,26.793,117.8891,-0.011458251910825945
china_ec,26.837,118.754,0.0
china_ec,26.8944,119.3279,0.03208558590232469
china_ec,26.8964,119.2193,0.0
china_ec,27.03,117.686,0.0
china_ec,27.0982,119.4524,0.0
china_ec,27.1797,119.6633,0.0
china_ec,27.2147,117.589,0.0
china_ec,27.3001,119.5364,0.0
china_ec,27.3447,119.4914,0.0
china_ec,27.4206,119.3053,0.0
china_ec,27.556,118.384,0.0
china_ec,27.6711,119.8781,0.0
china_ec,27.6853,120.0678,0.0
china_ec,27.87,117.97,0.0
china_ec,28.1178,120.0339,0.09238610002003744
china_ec,28.21,119.54,0.009851354730244677
china_ec,28.2379,119.6781,0.007268505644182244
china_ec,28.3069,120.1,-0.002076312315758555
china_ec,28.4133,119.9513,-0.0009083559285272269
china_ec,28.69,118.84,0.015277327442956512
china_ec,28.9817,118.9269,0.0
china_ec,29.49,119.21,0.08289089633496749
china_ec,29.7096,119.6533,0.02680511735676827
china_ec,29.9219,119.5142,0.0
china_ec,30.3844,118.0511,0.09836092560159881
china_ec,30.5808,118.8725,0.3442792907900911
china_ec,31.2624,116.1759,0.09882696969528271
china_ec,31.6692,115.8797,0.049237494686575234
china_nc,35.2945,112.6202,0.0
china_nc,35.4541,113.0045,0.0
china_nc,38.4242,113.2738,0.0
china_nc,38.4291,113.5161,0.0
china_nc,39.06,111.13,0.0
china_nc,39.4208,111.3,0.00039707182122761253
china_nc,39.58,111.43,0.0010740010818968138
china_nc,40.5048,116.9394,-0.016190908858942088
china_nc,40.6681,107.2681,0.0
china_nc,48.4928,124.5296,-0.024614775787627274
china_ne,40.35,124.73,0.5670568013669595
china_ne,41.1907,125.3408,0.14304345501529192
china_ne,41.2897,125.3975,0.11740735636733202
china_ne,42.95,127.13,-0.014375777298253567
china_ne,43.72,126.69,0.10077817984263904
china_ne,45.43,129.79,0.03343888708826559
china_nw,32.6,108.88,-0.02027878802865013
china_nw,32.83,108.28,0.0015159998141229813
china_nw,32.93,109.7,-0.07978540898534625
china_nw,33.0399,108.2249,-0.003339621060441611
china_nw,33.0527,107.9625,0.0
china_nw,33.3361,107.7569,0.0
china_nw,33.4148,107.193,0.0
china_nw,33.5733,107.2767,0.0
china_nw,33.7342,107.4269,0.0
china_nw,34.37,106.77,0.0
china_nw,34.6429,108.5832,0.0
china_nw,36.11,101.87,0.2666718554252139
china_nw,36.15,104.01,0.5153654880101115
china_nw,36.1707,103.474,0.0
china_nw,36.3063,104.1606,0.4592832125470103
china_nw,36.4,104.4,0.28155932683602636
china_nw,37.4467,105.0205,0.2844454876247209
china_nw,37.88,105.99,0.31658073011470833
china_sw,26.5736,101.6412,0.0006180971495952647
china_sw,28.5418,104.3127,0.0
china_sw,28.5747,103.7031,0.0
china_sw,28.7697,106.1511,0.0
china_sw,28.9092,103.5425,0.0
china_sw,28.9232,103.6743,0.0
china_sw,28.9239,106.6833,0.0
china_sw,29.0403,107.8367,0.0
china_sw,29.0853,103.7136,-0.006070159065270975
china_sw,29.1072,103.5789,0.0
china_sw,29.2,108.2,-0.005113320363456464
china_sw,29.24,107.89,-0.011009987253204012
china_sw,29.2531,92.4451,-0.001620023628882361
china_sw,29.26,103.63,-0.029787228238352448
china_sw,29.2645,90.6066,0.0
china_sw,29.3791,107.2369,0.0
china_sw,29.3936,107.5447,-0.00011141457402918942
china_sw,29.52,103.64,-0.028010578409025655
china_sw,29.665,103.6072,0.0
china_sw,29.8002,103.4862,0.0
china_sw,29.812,107.8681,0.0
china_sw,29.8697,103.0046,0.0
china_sw,29.8964,103.1846,0.0
china_sw,29.9036,106.3901,-0.03010031808323932
china_sw,29.9057,107.2486,0.02745561163376742
china_sw,29.97,91.877,-0.05866402302240026
china_sw,30.0004,103.0646,0.0
china_sw,30.025,102.8925,0.0
china_sw,30.0685,108.2234,0.0
china_sw,30.1001,102.7001,0.0
china_sw,30.133,102.9065,0.0
china_sw,30.18,91.352,-0.013117685267986956
china_sw,30.2564,102.8245,0.0
china_sw,30.29666667,106.26,0.0
china_sw,30.3175,108.5016667,0.0
china_sw,30.4018,105.7525,-0.008590200802841785
china_sw,30.4669,106.1446,0.000942474579445296
china_sw,30.46694444,102.7152778,0.0
china_sw,30.5258,102.6297,0.0
china_sw,30.5563,102.9507,0.0
china_sw,30.5801,105.5529,0.0
china_sw,30.6489,106.9078,0.0
china_sw,30.6772,106.0943,-0.04391483509928529
china_sw,30.7027,105.4222,-0.005962725747093778
china_sw,30.788,106.089,0.0
china_sw,30.95055556,106.1869444,-0.03946297044094793
china_sw,31.04,103.57,-0.0008366252082822045
china_sw,31.05333333,107.2944444,0.0
china_sw,31.098,105.1034,-0.016730444255979915
china_sw,31.12,103.49,0.0
china_sw,31.12,106.336,0.0
china_sw,31.23,103.49,0.0
china_sw,31.2625,107.2377,0.0
china_sw,31.31,106.2447,-0.030988230050767562
china_sw,31.3574,107.738,0.0
china_sw,31.38,103.52,0.0
china_sw,31.4081,104.8074,-0.00522032403804773
china_sw,31.4547,103.5521,0.0
china_sw,31.4667,103.1514,0.0
china_sw,31.4837,103.6032,0.0
china_sw,31.53,103.67,0.0
china_sw,31.5751,103.3547,0.0
china_sw,31.6726,103.8417,0.0
china_sw,31.7325,104.725,-0.004874681186483931
china_sw,31.7947,104.7525,-0.00486604304245386
china_sw,31.9179,104.7746,-0.012859740742130032
china_sw,31.9791,103.6686,-0.0006642182940600483
colombia,2.9435,-76.7079,-0.0077269266805742864
colombia,4.7247,-73.4831,-0.026320780568832802
colombia,6.5205,-75.2518,0.0
colombia,8.012,-76.2021,-0.028593384966158042
croatia,44.6895,15.2706,-0.016257730136324366
croatia,45.33499908,14.45199966,0.0
croatia,45.6143,15.4778,0.0
croatia,45.87102,15.67196,0.0
croatia,46.3113,16.4945,0.00029914314621382054
croatia,46.3205,16.7489,0.0
ecuador,-0.19611111,-78.42944444,0.0
finland,60.69833333,26.81611111,0.0
finland,60.76694444,26.77111111,0.0
finland,60.9075,26.64944444,0.0
finland,60.92694444,26.26805556,0.0
finland,61.210576,28.782635,0.010415087061861006
finland,61.27333333,22.355,0.00413694673031606
finland,61.32861111,22.84694444,0.00036964908678260855
finland,61.33777778,22.11555556,0.0059954845031326975
finland,61.462083,23.437917,0.0004041872755856657
finland,62.24472222,25.88722222,0.0
finland,62.37583333,25.9475,0.0
finland,62.66777778,25.26916667,0.0
finland,62.807917,30.179583,0.0
finland,63.04472222,28.30416667,0.0
finland,63.32638889,30.13805556,0.0
finland,63.3362,30.03768,0.0
finland,63.3725,27.98833333,0.0
finland,63.47,23.30638889,0.0
finland,63.54111111,28.95361111,0.0
finland,63.828,27.8391,0.0
finland,64.07555556,24.57944444,0.0
finland,64.09611111,28.97388889,0.0
finland,64.22333333,27.78444444,0.0
finland,64.45555556,27.88722222,0.0
finland,64.57875,26.76625,-0.01423683290127975
finland,64.59222222,28.41611111,0.0
finland,64.73638889,26.47777778,-0.012602317647642969
finland,64.82055556,26.01388889,-0.012346516328699986
finland,65.02166667,25.4825,-0.010785528974749381
finland,65.31083333,25.69361111,0.0
finland,65.33444444,25.41166667,0.0
finland,65.35833333,26.03833333,0.0
finland,65.35944444,25.91,0.0
finland,65.931,24.714001,0.00495471193428898
finland,66.155998,25.125,0.003923796020779191
finland,66.33972222,27.15361111,0.003642154013840937
finland,66.36875,26.689583,0.005042625042098736
finland,66.37861111,23.78416667,0.0
finland,66.40583333,27.33027778,0.0032431141358013615
finland,66.424004,25.540001,0.002831470247875556
finland,66.4925,26.12722222,0.0
finland,67.22305556,27.32111111,0.0
finland,67.285,26.72861111,0.0
finland,67.45555556,26.59833333,0.0
finland,67.5847,26.7453,0.0
finland,67.69611111,26.80444444,0.0
france,42.76298,1.47771,0.0
france,42.772,2.213,0.00650261376963801
france,42.804,0.56,-0.0002582208383707929
france,42.8567,0.3213,0.0
france,42.87024,-0.01209,0.0
france,42.887,-0.411,0.0025436671313840975
france,42.9332,1.1708,0.0
france,42.953,-0.069,0.0
france,42.955,0.565,0.0
france,42.9929,-0.0998,0.0
france,43.0911,0.6255,0.0
france,43.09666667,0.70083333,0.0
france,43.3858,-0.5879,0.0
france,43.5094649,-0.8416505,0.0
france,43.602,6.841,0.08054055069966004
france,43.60277778,1.4325,0.0
france,43.66361111,3.55722222,0.0
france,43.681,5.656,-0.02271761897199598
france,43.69049,5.38489,-0.017421314509403096
france,43.735,5.753,-0.0038597240486644147
france,43.73687,6.13423,-0.022631641218034737
france,43.82415,4.64349,-0.007024118376624422
france,43.878,6.538,-0.017876458033006748
france,43.97606,4.81721,-0.0030790724651694745
france,44.00166667,7.13694444,0.0
france,44.047,7.586,0.0
france,44.07,2.805,-0.00016741479264259507
france,44.09606,4.72329,-0.002079478491560316
france,44.1091231,0.8503732,0.0
france,44.17517,5.95215,-0.012774857535874595
france,44.42078,6.02016,-0.02020035145149346
france,44.47095,6.26967,-0.005475447030731551
france,44.4939,1.8384,-0.01809608552526676
france,44.499001,4.708,-0.0019504456166328232
france,44.502783,1.1732197,-0.015345650022741797
france,44.505,2.874,0.0006415390566280044
france,44.5079,0.9804,0.0
france,44.606,2.605,-0.0032634366781261193
france,44.662,2.583,-0.009641225011262966
france,44.672,6.65,0.0
france,44.67605,4.78827,-0.0020584829963787854
france,44.76793,2.68415,-0.0025249483801700334
france,44.79472222,6.55972222,0.0
france,44.817,5.908,-0.01704067875608617
france,44.82397,4.81049,-0.0016732825425029851
france,44.845,0.633,-0.0038473600485819937
france,44.87249,5.77319,-0.008574861171173787
france,44.891,3.003,0.0025732634613314653
france,44.9219,3.0745,0.0017952923780134578
france,44.96118,5.68874,-0.010882097580653172
france,44.96128,4.87221,-0.0017789882445726768
france,45.0397,5.8221,0.0
france,45.06,1.994,-0.026651600668058606
france,45.071,2.067,-0.017802693127647706
france,45.104,1.954,0.0029976338820665305
france,45.1171846,5.9590868,0.0
france,45.121,5.319,-0.00306875702413123
france,45.136,4.806,-8.117912545646533e-05
france,45.20856,5.65681,-0.002457107539782122
france,45.20992,6.47663,0.0
france,45.215,2.038,0.00415455236006157
france,45.24373,2.22483,0.004340263538122668
france,45.28424,6.35799,0.0
france,45.307,4.797,-8.394229433972278e-05
france,45.347,2.349,0.0029298854569895783
france,45.416,2.372,0.001855306467578366
france,45.467,4.248,-0.004099007499432372
france,45.495,4.826,-4.4083157762386804e-05
france,45.49667,6.51038,0.0
france,45.52711,6.31996,0.0
france,45.576,1.84,-0.020916775733604176
france,45.654,5.605,0.0
france,45.69389,6.40457,0.035555386324392924
france,45.702,4.842,-3.7479801946682656e-05
france,45.71916667,6.49861111,0.0
france,45.725,5.698,0.0
france,45.79,5.025,-0.00011952078538479682
france,45.8115,5.7724,0.0
france,45.846,5.418,0.0
france,45.8699,5.6901,0.0
france,45.879,5.811,0.0
france,45.971,5.834,2.5595966854807806e-05
france,45.9869,4.04938,0.002844487978345356
france,46.05271,5.81285,0.00033701685999798503
france,46.112,5.422,0.0057746422953612875
france,46.15987119,5.9753486,0.0
france,46.211,5.465,0.006069629700112378
france,46.2184,5.5632,0.0
france,46.294,5.592,0.005326873362011431
france,46.455,1.613,0.0007496130882660434
france,46.8153,0.5526,0.0
france,47.3471,6.7644,0.0
france,47.655,7.52,0.0
france,47.77399,7.52246,0.0
france,47.91466,7.57067,0.0
france,48.0203,7.57393,0.0
france,48.15371,7.5898,0.0
france,48.28412,7.67728,0.0
france,48.40385,7.72775,0.0
france,48.4943,2.7131,0.0
france,48.52561,7.79456,0.0
france,49.1198,6.154,0.0
france,49.1697841,1.3876834,0.0
france,49.3096743,1.2362412,0.0
germany,47.55986094,7.626364606,0.0
germany,47.5619736,7.95484645,0.0
germany,47.61777,8.1926,0.0
germany,47.63891024,8.601661178,0.0
germany,47.6413,12.1989,0.0
germany,47.651451,10.735525,-0.008900370968431215
germany,47.692726,10.797592,-0.00995397059680636
germany,47.739292,10.825702,-0.024702240253922536
germany,47.74444,12.1348886,0.0
germany,47.8001993,10.9026434,-0.025062299565743462
germany,47.83825,12.15333,0.0
germany,47.869845,10.181145,0.0
germany,47.96092,12.1561,0.0
germany,47.99629724,11.48542787,0.0
germany,48.00795,10.118537,0.0
germany,48.05699,12.22074,0.0
germany,48.0612649,10.1284379,0.0
germany,48.068,12.576,0.0
germany,48.084026,10.864936,-0.0170127967087339
germany,48.11222222,10.13277778,0.0
germany,48.11444444,12.27194444,0.0
germany,48.15395,12.31107,0.0
germany,48.154,12.652,0.0
germany,48.177714,12.381857,0.0
germany,48.180229,10.8833102,-0.017171391860264507
germany,48.237449,10.92718,-0.017379161121379383
germany,48.24932,12.86469,0.0
germany,48.2497963,12.69110217,0.0
germany,48.2518176,12.5873078,0.0
germany,48.26,10.8,0.0
germany,48.29463,9.830391,0.0
germany,48.473474,11.95481,0.0
germany,48.5152,12.101,0.0
germany,48.546994,10.86507,-0.011958156504825013
germany,48.5536,13.4371,0.0
germany,48.558394,10.411764,0.0
germany,48.5837,12.2186,0.0
germany,48.596746,10.8789,-0.012128865508611142
germany,48.603156,10.582724,0.0
germany,48.6039132,12.3023425,0.0
germany,48.622456,12.398037,0.0
germany,48.63404,12.48369,0.0
germany,48.646423,10.879086,-0.01226639938229912
germany,48.667862,12.660027,0.0
germany,48.682,7.919,0.0
germany,48.692383,10.897786,-0.016664957649884293
germany,48.6960722,12.7977619,0.0
germany,48.734459,11.14382,-0.002817256080341224
germany,48.735932,11.020923,-0.003790045814677123
germany,48.750317,11.412153,-0.002642961918297715
germany,48.750807,11.273237,-0.0028304585422858075
germany,48.76166667,12.87027778,0.0
germany,48.778103,11.60119,-0.00272092437741267
germany,48.83135,8.11216,0.0
germany,48.89659,12.55752,-0.0015351398014611384
germany,48.974806,12.344002,-0.0014570367396629091
germany,49.280578,9.156055,0.0
germany,49.566954,6.592348,0.0
germany,49.728029,6.624451,0.0
germany,49.810941,6.843882,0.0
germany,49.879784,6.948762,0.0
germany,49.90018,9.58676,0.0
germany,49.951074,7.023166,0.0
germany,49.97667,7.127777,0.0
germany,50.087362,7.135809,0.0
germany,50.123918,7.225915,0.0
germany,50.18416667,7.33277778,0.0
germany,50.274724,7.458957,0.0
germany,50.365855,7.58171,0.0
germany,50.628568,6.451776,0.0
germany,51.093173,7.86272,0.15854254517393918
germany,53.061134,8.864937,0.0
greece,37.75,21.8833333,-0.011113997006262477
greece,38.676,21.3233,0.2287959882843582
greece,38.7415,21.3642,0.17596419364524207
greece,38.890417,21.499583,0.5943843919202821
greece,39.3128,21.4131,0.0
greece,40.0966,21.8039,0.004969645636312525
greece,40.3305,22.1253,-0.003225523331203517
greece,40.4744,22.2439,0.5559236287194858
hungary,47.493163,20.514556,-0.0011206430750879681
hungary,48.025136,21.307715,0.0
india_east,21.2759,85.0355,0.04086953939837468
india_east,23.6815,86.7473,0.02953602718471071
india_east,23.7872,86.8284,0.06761546384748651
india_east,24.3249,85.5198,-0.028435273361273272
india_east,24.5125,83.6352,0.0
india_north,24.9174,75.5794,0.046996763062526536
india_north,25.0369,75.6778,0.030899067275574787
india_north,28.9232,80.0243,0.0
india_north,29.0057,80.0946,0.0
india_north,29.5169,78.7574,0.08167813090555687
india_north,30.1494,78.615,0.0
india_north,30.2313,78.7924,0.0
india_north,30.2594,78.4971,0.03752782170475277
india_north,30.3033,77.5684,0.0
india_north,30.3508,77.6017,0.0
india_north,30.3787,78.4795,0.020515121210747167
india_north,30.4289,77.6296,0.0
india_north,30.456266,77.736918,0.0
india_north,30.5085,77.8001,0.0
india_north,30.5245,77.8854,0.0
india_north,30.5559,77.7915,0.0
india_north,30.5669,79.5468,0.0
india_north,30.729652,78.423673,0.0
india_north,31.382,76.8761,-0.0020719071414072587
india_north,31.4,77.5927,0.0
india_north,31.4107,76.4328,-0.026787913891951454
india_south,9.9624,76.957,0.0
india_south,9.976,77.0309,0.0
india_south,10.0314,77.0548,0.0
india_south,10.0537,77.5905,0.011904253916262597
india_south,10.207,76.7137,-0.017338413112600426
india_south,10.3046,76.7305,-0.03681441372803407
india_south,10.3118,76.617,0.0
india_south,10.4547,77.0078,-0.015233086219235248
india_south,11.2425,76.76944444,-0.010263241795717915
india_south,11.2428,77.8659,-0.08662879811548185
india_south,11.28611111,76.65111111,-0.013794456493761098
india_south,11.331,77.758,-0.07697410706876928
india_south,11.3842,77.7145,-0.036303499275601725
india_south,11.6137,76.6919,0.0007153385067698581
india_south,11.6425,77.7583,-0.0630548207444186
india_south,11.8014,77.8085,-0.043799365487448894
india_south,12.2135,77.0225,0.0
india_south,12.3082,77.165,0.0
india_south,13.7008,75.6373,0.09385991023766183
india_south,14.1704,74.8388,-0.02420191869738786
india_south,14.2352,74.7673,-0.025725856345646947
india_south,15.2615,76.3379,-0.024978479670960785
india_south,15.2761,74.5268,-0.04432076413815933
india_south,15.3773,76.4591,-0.028659977435914974
india_south,16.0869,78.9007,0.018587070376323567
india_south,16.3125,77.7773,-0.042611992461975
india_south,16.3328,77.7036,-0.043552058310744046
india_south,16.5678,79.3442,0.11668061428288978
india_south,16.626,79.4909,0.1521200855539151
india_south,16.7739,80.0525,0.14223670483558837
india_west,18.909,81.3428,0.0
india_west,19.1463,81.3498,0.0
india_west,19.5132,73.4173,-0.05068356001441987
india_west,19.7674,73.502,-0.05246613622507412
india_west,21.2478,73.5866,-0.010046641739270501
india_west,21.8301,73.7501,-0.006909930606487258
india_west,22.2418,76.1619,-0.0274422408269146
india_west,22.2791,76.4728,-0.022871723663282717
india_west,22.5616,77.9635,3.9974143357601744e-05
india_west,22.604,82.5977,-0.03997601174660348
india_west,22.9417,79.925,-0.021635613992982694
india_west,24.1917,81.2875,0.07034949681075509
india_west,24.6997,75.5529,0.103626058012592
indonesia,-8.0657,111.9025,0.0
indonesia,-7.3927,109.6054,0.0005432944148467955
indonesia,-7.21611111,110.5013889,0.0
indonesia,-7.14111111,107.5536111,0.0
indonesia,-6.94972222,106.755,0.0
indonesia,-6.9126,107.3663,-0.008503005700641109
indonesia,-6.7004,107.3671,-0.2820976635989112
indonesia,-6.61694444,106.6436111,0.0
indonesia,-6.523,107.389,0.006220620845088787
indonesia,-5.2779,119.5817,-0.02642805386953473
indonesia,-4.9826,104.4797,0.0
indonesia,-3.5156,115.0074,0.03571654766302779
indonesia,-1.8284,115.9294,0.0
indonesia,-1.1978,121.5899,0.0
indonesia,0.2905,100.8814,0.0
indonesia,2.5196,99.2793,0.0209738348862748
ireland,51.89,-8.61,0.0
ireland,52.7056,-8.6128,0.0
ireland,54.5,-8.19,0.0
italy,39.599699,9.257067,-0.005101304311921129
italy,39.9896,15.8081,-0.004514137978266386
italy,40.889793,8.893944,0.004636253969803161
italy,41.099714,14.220126,0.0
italy,41.54571751,13.51472855,0.0
italy,41.961334,14.342717,-0.003996720316885027
italy,41.99383,13.803905,0.0
italy,42.20055556,12.61138889,0.013937313824556208
italy,42.213736,13.913504,0.0
italy,42.259328,12.745778,0.0
italy,42.5427,12.7208,0.0
italy,42.672832,12.21796,0.01672501364373613
italy,42.769944,13.410185,0.0
italy,42.85527778,13.56527778,0.0
italy,43.69076,12.812658,0.0
italy,43.822105,7.579253,0.0
italy,43.869813,7.549187,0.0
italy,44.12125,10.404598,-0.0007212595301563374
italy,44.314628,7.482432,0.0
italy,44.315526,7.298728,0.0
italy,44.42463,9.395171,0.0006304296375659879
italy,44.509523,7.912195,0.0
italy,44.56722222,7.3525,0.0
italy,44.58963,7.069818,0.0020781828571346805
italy,45.07972222,6.71055556,0.0036329374466913533
italy,45.12167,6.979784,0.0
italy,45.239148,7.375412,0.0
italy,45.372086,11.129292,-0.0035358620783936257
italy,45.40861111,7.48722222,0.0
italy,45.45,10.9333333,-0.0035297135716623185
italy,45.47833333,10.8425,-0.0019606187510019524
italy,45.529214,9.533849,0.00014109808457352102
italy,45.576941,9.535214,0.00014109808457352102
italy,45.595361,7.794514,0.0
italy,45.6317,8.6865,0.0
italy,45.640087,10.503473,-0.00034595348977828344
italy,45.6540043,9.4847369,0.0012623205317319197
italy,45.700913,7.193059,0.01825548029767554
italy,45.707963,7.67411,0.009635920400188791
italy,45.716877,6.945111,0.0
italy,45.73736,7.316601,0.0
italy,45.740261,7.466604,0.010039033047157364
italy,45.7425728,7.6221486,0.009559058068623782
italy,45.758995,11.000182,-0.002120316407509981
italy,45.882608,10.882742,-0.0011850484517338389
italy,45.921807,11.9315,-0.001060900340247084
italy,45.947196,10.62107,-0.00541563795541955
italy,45.983007,11.758295,0.0022609148864352058
italy,46.012976,8.260816,0.0
italy,46.060376,8.114612,0.0008889316629516752
italy,46.09518,8.28085,0.0
italy,46.131588,9.280837,0.0
italy,46.135091,9.551643,0.0
italy,46.1394444,12.0677778,0.0005285566807667896
italy,46.149311,11.789193,0.01806510853505605
italy,46.15,8.3,0.0
italy,46.150244,9.818459,0.0
italy,46.1597222,12.6594444,0.0
italy,46.1608,9.9238,0.0
italy,46.160817,10.086202,0.0
italy,46.164292,9.644944,0.0
italy,46.171791,9.430139,0.028173858167397592
italy,46.19600922,8.150604223,0.0
italy,46.2,11.6833333,0.0036677461187394345
italy,46.201029,12.302334,-0.0007578278808569872
italy,46.20668,8.252412,0.0
italy,46.2180556,12.7980556,0.0036803901977610076
italy,46.221592,9.449839,0.02423785413099666
italy,46.231495,10.14443839,0.0023359307547707875
italy,46.23777778,10.21527778,0.0
italy,46.24638889,8.33166667,0.0
italy,46.283001,10.259756,0.0
italy,46.290466,11.245401,0.0
italy,46.292293,9.365335,0.007915868315543362
italy,46.326132,11.063244,-0.02116301246604535
italy,46.34083333,12.20111111,0.0
italy,46.3420087,9.3687663,0.08737248238035322
italy,46.343237,13.067161,0.0005217005465887325
italy,46.348831,10.355053,0.0
italy,46.362907,10.672964,0.0
italy,46.392704,9.353384,0.00560076527052622
italy,46.494973,11.395485,0.0
italy,46.5041667,12.4736111,0.0
italy,46.597121,11.530879,0.0
italy,46.6073775,11.1613274,0.0
italy,46.616614,10.700159,0.0015414274545940687
italy,46.628316,10.906664,0.0
italy,46.651148,10.993403,0.0013999700646626367
italy,46.65261772,11.14545822,0.0
italy,46.71503251,11.65597916,0.0
italy,46.79343,11.983386,0.003033309124680028
italy,46.808317,10.542652,0.0
latvia,56.8514,24.272,0.0
latvia,56.94600412,24.10589218,0.0
lithuania,54.87414,24.0,0.0004717104408953343
malaysia_east,1.1472,111.8743,0.05756319725175174
malaysia_east,5.1333,115.95,0.0
malaysia_west,5.0229,102.9109,0.22510265100803462
malaysia_west,5.2153,101.098,0.08148649377014738
malaysia_west,5.407,101.301,0.11381342787874171
malaysia_west,5.4297,101.2092,0.12311811144150198
myanmar,17.96805556,96.93305556,0.020132122125545715
north_macedonia,41.9249,21.2647,0.02826767489787607
norway,58.222591,7.335344,0.0
norway,58.244885,7.515696,0.004974321593731013
norway,58.245048,8.1401,0.0
norway,58.253518,7.958415,0.004970624214608366
norway,58.300155,7.967539,0.004000995349979997
norway,58.348279,6.964348,0.0
norway,58.390377,7.894692,0.005011679337793229
norway,58.405782,7.523531,0.002117771233248744
norway,58.406049,8.636195,-0.0029929813944986616
norway,58.505942,7.417104,0.004944913643573967
norway,58.530183,8.334636,0.0025322897040368497
norway,58.543204,8.673748,-0.004616889837823601
norway,58.596229,8.716276,-0.0045941238957192265
norway,58.640929,6.08579,0.0005943926580831427
norway,58.658155,6.728166,0.0004863985355230138
norway,58.669051,7.450992,0.05375228019159439
norway,58.763639,7.51007,0.05047991991115519
norway,58.895751,9.337293,0.0
norway,58.951596,8.517097,-0.013922382468944394
norway,58.96678,9.313175,0.0
norway,59.052673,10.018279,-0.001232394137676729
norway,59.1262,6.270215,0.0
norway,59.128023,11.43825,0.016310499882447704
norway,59.1495,8.815056,0.0
norway,59.159053,6.612866,0.00279743265428245
norway,59.207785,9.528109,0.0009804995558884144
norway,59.242816,9.811942,0.0011181076580230043
norway,59.27644,11.133689,-0.001152765038223258
norway,59.30235,9.203938,-0.009526898900702463
norway,59.310502,9.045155,-0.014573893372064495
norway,59.321348,9.657249,0.0024051953181711827
norway,59.474488,10.004542,-0.036928098494146244
norway,59.54261,11.169893,-0.0010077040752682898
norway,59.568963,9.26405,0.0007082257424220195
norway,59.579898,11.100725,-0.0010077040752682898
norway,59.621986,9.667983,-0.04406295743890265
norway,59.624806,9.953291,0.029377140147661907
norway,59.636706,11.154443,-0.000977150514930969
norway,59.639354,6.298696,-0.003839136447125524
norway,59.658549,9.207749,0.0
norway,59.721147,9.594435,-0.0594061618297288
norway,59.733039,9.872011,0.011853878131452111
norway,59.787085,9.900813,-0.02949950258308931
norway,59.862852,9.384991,-0.04630847445845432
norway,59.87665,8.593622,0.040766688246567484
norway,59.885624,9.909036,-0.024513611064082008
norway,59.929771,8.748934,0.016058648414750465
norway,59.939501,9.339152,-0.04972623635765383
norway,59.947544,9.934564,-0.05475375607700972
norway,59.989813,8.700788,0.0
norway,59.989971,11.264708,-0.0010559321724972204
norway,60.027536,11.323332,-0.0008520318815827821
norway,60.033452,12.371142,0.0010313430463300133
norway,60.050395,9.19932,-0.0569024295924172
norway,60.084174,9.816174,-0.04996856710374398
norway,60.167127,11.529376,0.0
norway,60.202559,10.249582,-0.033009982871717636
norway,60.202822,11.892736,0.0
norway,60.20311,10.342111,3.0067676435319157e-06
norway,60.267223,8.959338,-0.049968053762894926
norway,60.280322,6.289923,0.0
norway,60.286995,11.194128,0.00858093065079557
norway,60.384643,5.806852,0.009298054668464562
norway,60.417901,9.375481,-0.06164110084531904
norway,60.418858,10.049833,-0.0479494395125033
norway,60.42073,10.384411,9.236584793759217e-05
norway,60.464284,5.915178,0.008755618621520966
norway,60.470494,9.22888,-0.05609551609899266
norway,60.553377,9.183276,0.0
norway,60.603565,6.362556,0.0
norway,60.62985,12.030383,0.0
norway,60.636289,5.963677,0.0
norway,60.646363,6.10383,0.0
norway,60.678333,10.352728,0.02587956353143095
norway,60.706254,11.791752,0.0
norway,60.720717,9.713376,-0.04713874669800733
norway,60.810641,10.135008,0.0
norway,60.827132,9.548789,-0.024884846081498324
norway,60.830494,11.611755,0.0
norway,60.83077,5.881864,0.0
norway,60.849199,6.722972,0.0
norway,60.900223,5.617947,0.0010595244916407065
norway,60.909193,11.525804,0.0
norway,60.97561,6.063749,0.0036309793825970438
norway,61.042128,7.767102,0.0
norway,61.066514,6.589224,-0.012190479678817812
norway,61.114006,10.671124,0.0
norway,61.219683,10.439034,-0.0009780619902044485
norway,61.355592,7.086449,0.0
norway,61.383113,11.142157,0.0
norway,61.387342,5.61457,0.0
norway,61.417,7.257286,0.0
norway,61.435682,5.915368,0.0
norway,61.445797,6.009602,0.0
norway,61.46122,7.03845,0.0
norway,61.487222,6.120527,0.0
norway,61.495152,9.278089,0.0
norway,61.524872,6.35634,0.0
norway,61.532876,10.141178,0.0
norway,61.564563,9.792926,-0.00012225419906197743
norway,61.599953,7.292476,0.0
norway,61.612472,6.548202,0.0
norway,61.683966,6.521126,0.0
norway,61.694729,6.373533,0.0
norway,61.733639,6.508575,0.0
norway,61.756715,6.245702,0.0
norway,61.792927,9.383549,-0.003133981696574306
norway,61.811303,11.114915,0.0
norway,61.846032,8.961143,-0.012415462658353582
norway,61.860793,9.408787,0.0
norway,61.899278,8.227095,-0.008362749135867764
norway,61.909997,6.698565,0.0
norway,61.92177,8.090528,-0.0189594810592848
norway,61.937434,7.886853,-0.02358256721718377
norway,62.08921,6.853629,0.0
norway,62.185692,10.611858,0.0010013823993679782
norway,62.195096,7.517685,0.0007269494103067098
norway,62.231331,10.342027,0.0
norway,62.246257,6.890173,0.0
norway,62.284418,6.67713,0.0
norway,62.345564,8.046513,0.04940997080963605
norway,62.427683,11.086361,0.0
norway,62.500671,7.776139,0.027127396222585975
norway,62.507535,11.263389,0.0
norway,62.621834,10.257691,-0.022803207835753958
norway,62.639218,8.730667,0.0
norway,62.662417,10.139673,-0.030576334562101404
norway,62.673965,11.454045,0.004769891531701043
norway,62.674848,8.430747,0.0
norway,62.679671,8.137279,0.0
norway,62.802846,11.370119,0.0
norway,62.802952,10.017076,-0.03558616618321242
norway,62.827032,8.701812,0.0
norway,62.933703,9.125257,-0.04480314087476811
norway,62.957739,12.098549,0.030778664455116733
norway,62.996363,11.826643,0.029217415187169915
norway,63.027127,11.70028,0.001031587211352436
norway,63.053018,11.489542,0.016205756206963184
norway,63.140481,10.968042,0.008453460270989921
norway,63.155303,11.235879,0.022779281036917176
norway,63.178053,9.772572,-0.008116557909167987
norway,63.192406,10.956678,0.007369143003665535
norway,63.279212,10.472662,0.1484864585354947
norway,63.293668,9.728589,0.0
norway,63.357887,10.447937,0.12234447922457348
norway,63.407563,11.776733,-0.03380250518413774
norway,63.438872,11.616029,-0.031372267750074956
norway,63.462784,11.512801,-0.031690421249950695
norway,63.637554,10.132666,0.08175315273640316
norway,63.986371,11.094741,0.09473264429328843
norway,64.038142,11.552689,0.0
norway,64.254483,12.545905,0.005337839912771591
norway,64.266277,12.294282,0.0
norway,64.543207,12.454644,-0.01250585612091859
norway,64.610022,12.578041,-0.009467157937217419
norway,64.677473,12.677895,-0.016784700313860257
norway,66.336842,14.166999,-0.022465184530256033
norway,66.40672,14.503245,0.0
norway,66.441763,14.259013,0.0
norway,66.442256,13.842201,0.0
norway,66.796875,14.000939,0.0037378356174045946
norway,66.923648,14.393596,0.0
norway,67.116045,16.067266,0.0
norway,67.19867,15.724273,0.00012412069568301654
peru,-12.8374,-75.9774,0.0
peru,-12.0306,-77.0819,0.0
philippines,7.2369,125.3954,0.0
philippines,8.4301,124.9824,0.0
philippines,16.1462,120.6837,-0.05090016204512604
philippines,16.5651,121.2596,0.0
philippines,16.7457,121.9869,0.0
philippines,16.8293,121.4537,-0.03291343519115497
philippines,16.85111111,120.5836111,0.0
philippines,17.4031,121.3892,0.0
philippines,17.7703,121.2969,0.0
poland,49.4099645,20.3267659,0.03729527063835236
poland,49.4311,22.4084,0.0017196899807343513
poland,49.7473,19.2075,0.02742330845825447
poland,49.7614,20.6631,0.026090519556351333
poland,49.8073,19.202,0.03440958470342881
poland,49.81,20.680556,0.05432999767929614
poland,50.7558,17.8332,0.0
poland,50.9374,17.3401,0.0
poland,50.964,15.645,0.017327266349151604
poland,51.1294,15.5766,0.017056542094376237
poland,51.2605,16.7656,0.0
poland,51.4739,20.0061,-0.0003727281973243679
poland,52.4883,20.9236,0.0012563513413068605
poland,52.6564,19.1339,0.0015026477978066222
poland,52.865,18.8558,0.0013586369168616663
poland,53.2753,17.9527,0.002220325714137439
poland,53.4999,18.3736,0.07159654071196764
poland,53.5613,18.354,0.09027248634699359
portugal,39.0152,-7.9756,0.10523581715230895
portugal,39.0542,-8.1766,0.1023902700414282
portugal,39.4795,-7.9979,-0.004097953429167633
portugal,39.5429,-8.3188,0.03740837308612932
portugal,39.5649,-7.8123,-0.02095523480898609
portugal,39.854,-8.2197,0.003220471365997235
portugal,39.91727,-8.13244,0.0029465056512156806
portugal,40.7604,-8.0438,0.0
portugal,40.8243,-7.0832,0.0
portugal,41.0716,-8.486,-5.855282461375566e-05
portugal,41.0849,-8.1306,-8.923876229416372e-05
portugal,41.5489,-8.5372,0.05304711516115157
romania,43.920417,24.625417,0.0006209153030625192
romania,44.045417,24.57125,0.0004493892550008205
romania,44.177917,24.48375,0.0005686105410606102
romania,44.26625,24.400417,0.0021712248585130656
romania,44.327175,25.946302,0.011191299302324875
romania,44.407917,24.354583,0.00020656093732240866
romania,44.449583,24.312917,0.00040884910246796746
romania,44.537083,24.325417,0.00142829584575066
romania,44.682917,24.292083,9.135263684179051e-05
romania,44.774583,24.27125,0.0012062538070717332
romania,44.807323,24.99551,0.011683861097736115
romania,44.821493,25.488923,0.021359360067328304
romania,44.845314,24.904656,0.011657110059700049
romania,44.857917,24.24625,-0.00017591732055000087
romania,44.91625,24.82125,0.0448583331656951
romania,44.920417,24.250417,-8.501289376339205e-05
romania,45.012083,24.29625,0.0006092662705864393
romania,45.156224,22.410357,0.0
romania,45.249583,25.735417,-0.00439694267398949
romania,45.254715,25.41247,0.045477861671685105
romania,45.272651,26.70468,-0.003186332297255623
romania,45.332917,25.987917,0.054232166429398765
romania,45.3942,25.0625,0.018641868667361727
romania,45.495417,26.250417,0.030386952522115207
romania,45.59125,22.95875,0.003933890394673956
romania,45.78295,27.341556,0.032799153655477475
romania,46.727083,23.29625,-0.003966250705210506
romania,46.749503,23.476444,-0.0028225203270811905
romania,47.059583,22.30375,0.020180042816621224
romania,47.069443,22.070452,0.23729909919117098
serbia,43.4224,19.9295,0.015530812961522034
serbia,43.5189,19.8115,0.014976914462080493
serbia,43.909,20.2327,0.0
serbia,44.1501,19.4718,0.011025489537168198
slovakia,48.02987,17.2254,0.0
slovakia,49.12796,19.0955,0.0
slovenia,46.18387,14.40805,0.0
slovenia,46.56087,15.67309,0.0
spain,36.914799,-4.771129,0.010778879344954362
spain,37.276001,-4.387,0.13263354533659566
spain,37.5586685,-7.520417,0.15951284319596198
spain,37.903,-5.207,0.1625969911080143
spain,38.356998,-2.921,0.09155093334005837
spain,38.78625,-6.270417,0.07967184828498247
spain,38.912998,-5.413,0.15532149082190672
spain,38.917,-5.479,0.07201096893529058
spain,38.986,-5.538,0.8218349957557556
spain,39.145417,-5.18625,0.09024073656802678
spain,39.25,-0.7667,-0.0031572754140332115
spain,39.373001,-5.016,0.11479959838633302
spain,39.852001,-4.474,-0.0031508613120038165
spain,40.333,-4.249,0.08356950547840092
spain,40.373001,-4.312,0.10545302289747538
spain,40.424999,-4.534,0.13345555238746643
spain,40.493,-2.75,0.023647964142708644
spain,41.041734,-6.805412,-0.002599602120564981
spain,41.2512192,0.4870597,-0.02420176527441842
spain,41.3009,-6.4699,-0.009451748487299128
spain,41.368999,0.274,-0.022897510569233948
spain,41.379,-6.3525,-0.00937102534748635
spain,41.4886,-6.2656,-0.014934279528294958
spain,41.491101,-6.084608,-0.008840172618055364
spain,41.5260254,-5.9845018,0.03380338932497018
spain,41.57079803,1.864241398,-0.0025240864400706275
spain,41.575401,-6.1872,-0.01333925321606455
spain,41.700183,0.735934,-0.0007093295150368828
spain,41.8749,0.8781,0.0027362525409801997
spain,41.93929,1.19562,-0.00031867729393020294
spain,41.944,-8.035,-0.004134822361818613
spain,41.96268329,1.605051744,-0.0019283843507353904
spain,41.96761928,2.414154641,-0.017539342996352736
spain,41.9781,-6.1404,-0.017394134376507053
spain,41.98538029,2.571035327,0.012980070323892257
spain,42.11826235,1.879835414,0.020554943021390937
spain,42.12055556,1.30694444,0.001886519858113167
spain,42.155998,-8.193,0.00023760032841790846
spain,42.164001,0.241,0.02442018279046798
spain,42.17969,0.91314,0.0029293623957039605
spain,42.2917,-8.1136,-0.004029924987536848
spain,42.317001,0.2,-0.022010455187654765
spain,42.34038429,2.83505879,0.08619266904447836
spain,42.3589,-7.851,-0.009154180364555842
spain,42.39305556,-7.08888889,0.008120269130072133
spain,42.414001,-7.6496,-0.0017445506409425882
spain,42.417,-6.832,0.01027703859177409
spain,42.465,-7.724,-0.021019744532513984
spain,42.471001,-6.813,0.007139162514999686
spain,42.478026,0.4360963,0.0
spain,42.570999,0.202,0.0
spain,42.57777778,-6.56083333,0.059002651715636234
spain,42.628502,-7.7122,-0.010943789570905804
spain,42.6325,-5.2025,0.0
spain,42.70888889,0.79722222,0.0
spain,42.76722222,-3.10027778,0.032139561866958655
spain,42.8368,-8.8498,0.0005553855484240477
spain,42.8427,-6.4701,-0.012407000121557377
spain,42.85138889,-5.86416667,0.1180666755891161
spain,42.855,-8.189,-0.01851889217292535
spain,42.974583,-4.04875,0.08978215392900235
spain,43.237,-6.847,-0.0038474395805765393
spain,43.33083333,-6.20333333,0.0
spain,43.387117,-6.825233,-0.009611203307846039
spain,43.477229,-6.730199,-0.007778147675498559
sweden,56.501729,13.11362,0.0
sweden,56.51083333,13.40027778,0.0006801961728167827
sweden,56.530556,13.183333,0.0
sweden,56.584337,13.756098,0.0
sweden,56.841854,13.008626,0.0009349081704639328
sweden,57.0025,13.26333333,0.0
sweden,57.0531,12.778165,0.0001550813904239723
sweden,58.1356,12.1199,-0.03323005800922707
sweden,58.2802,12.2785165,-0.023942060878429317
sweden,58.355556,12.374444,-0.024989550268720406
sweden,58.450011,15.491865,0.0
sweden,58.560479,15.082435,-0.022727907983687512
sweden,58.924253,12.307601,-0.0034417319459616458
sweden,58.986325,14.106716,-0.012384947498489396
sweden,59.52611111,13.49916667,0.004831020947489106
sweden,59.60805556,13.47583333,0.004162168048667425
sweden,59.6333333,16.2,0.0008566091690663802
sweden,59.7925,13.10166667,0.0
sweden,59.8386,13.5436,0.004969744880997773
sweden,59.95583333,13.525,0.0035181448715282393
sweden,60.15,16.1667,-0.006866920037830848
sweden,60.1749285,16.476273,-0.006473824994383204
sweden,60.398171,15.808669,-0.0050174402022467035
sweden,60.501506,14.964287,0.0
sweden,60.508889,15.436944,-0.006898402567222295
sweden,60.5636805,17.44205,-0.005896501022241818
sweden,60.668611,17.076944,0.0
sweden,60.9509665,12.545216,0.004220267957399382
sweden,61.083948,14.318083,-0.018760190907000762
sweden,61.146912,14.146147,-0.03463926540055284
sweden,61.25,16.6333333,0.0037897179653492152
sweden,61.341075,16.006847,0.0
sweden,61.381645,13.731379,-0.04624431254399397
sweden,61.4166667,16.4,0.024647454834139104
sweden,61.489482,16.381977,0.0021361894272446946
sweden,61.489883,14.709516,0.00979890688004037
sweden,61.937373,15.521949,0.0008196986978488141
sweden,62.01812,14.2453105,-0.012442696254893248
sweden,62.02166667,15.25638889,0.00035488594545851626
sweden,62.04222222,14.89805556,-0.005919558837219285
sweden,62.106128,14.995905,-0.005485019451762607
sweden,62.311094,17.172947,-0.019043438462214013
sweden,62.364099,16.962161,-0.01880124138308159
sweden,62.4333,16.4833,-0.02013314766524643
sweden,62.43472222,13.45027778,-0.007640697900178406
sweden,62.46055556,14.84527778,-0.012679081443854434
sweden,62.472822,16.325252,-0.00513769344963555
sweden,62.48861111,15.55444444,-0.011557418223697935
sweden,62.4891,14.6257,-0.006911863196440549
sweden,62.517539,15.691329,-0.011205188713806047
sweden,62.5193565,17.3850875,0.04728539762708106
sweden,62.532083,13.092083,0.01372275076216517
sweden,62.5418,15.8434,-0.019724044396284945
sweden,62.590859,16.40657,-0.032086242727951575
sweden,62.77138889,16.71027778,0.05123276580236791
sweden,62.80183,16.637707,0.039026365418247444
sweden,62.930266,12.151988,-0.0015071638410956156
sweden,62.950833,16.667778,0.03799302983897679
sweden,63.028896,16.569358,0.018669369205265074
sweden,63.112909,16.354573,0.01904843089269015
sweden,63.14623,16.0706,0.017497290373514662
sweden,63.1625,15.6245,-0.0057339888393470595
sweden,63.167911,17.277051,-0.03328338140815523
sweden,63.1837,17.0968,-0.020131106520080433
sweden,63.197917,13.50875,0.006938708749039235
sweden,63.22388889,13.67861111,0.01041478484243974
sweden,63.2411585,15.2339025,-0.002771129437672437
sweden,63.266912,17.204441,-0.04025998486387383
sweden,63.326439,14.579856,-0.0077071751102260055
sweden,63.331136,19.126693,0.0
sweden,63.36827,16.98765,-0.0494564419327479
sweden,63.40416667,16.55638889,-0.01901295533933256
sweden,63.40666667,19.05361111,0.0
sweden,63.44027778,16.88083333,-0.02775314791925254
sweden,63.541981,16.45496,-0.019056965653061475
sweden,63.555408,16.840305,-0.041633918219556865
sweden,63.6366335,16.78694,-0.03990870104125266
sweden,64.1023,19.5671,-0.04199561778681926
sweden,64.55,16.75,-0.02353380413079742
sweden,64.74194444,20.63055556,-0.018497699964786563
sweden,64.744883,20.863433,-0.020325572666804792
sweden,64.75,20.4666667,-0.020940467014667785
sweden,64.832573,20.223732,-0.031211065798270266
sweden,64.933513,20.046481,-0.02248806018217353
sweden,65.525764,21.183168,0.0
sweden,65.8078,21.6716,-0.022838878164386234
sweden,65.8460275,21.5538235,-0.022838878164386234
sweden,66.2682205,20.8259525,-0.03851401891041295
sweden,66.428961,20.653796,-0.03490808358579223
sweden,66.503203,20.380167,-0.011166765820251001
switzerland,46.109863,7.061907,-0.0003098774866255871
switzerland,46.16806361,9.016899527,0.0
switzerland,46.19139413,6.027357341,0.0056115035704566996
switzerland,46.20311975,6.134471586,0.0
switzerland,46.21444422,7.012962705,0.02094868463627053
switzerland,46.26598336,7.061717565,0.0
switzerland,46.33612447,6.881481154,0.016255223905246474
switzerland,46.48795246,7.048316905,0.0
switzerland,46.60985762,7.109306753,0.0
switzerland,46.71511341,8.277516982,0.00070296990696328
switzerland,46.7156914,8.610146972,0.0
switzerland,46.72028184,8.898568347,0.0
switzerland,46.75806217,9.071746229,0.0
switzerland,46.76899448,8.665904129,0.0
switzerland,46.77476376,9.195225579,0.0
switzerland,46.815254,9.348688,0.0
switzerland,46.82143519,8.174462349,0.002774404450917145
switzerland,46.83773371,9.447331014,-0.002784457322652978
switzerland,46.84043063,9.542505418,0.0
switzerland,46.87652924,8.663371668,0.0
switzerland,46.8827252,7.194219036,-0.0032761387525175323
switzerland,46.89920756,8.593407132,0.0
switzerland,46.91166368,8.393608875,0.0
switzerland,46.9218287,8.9996438,0.0
switzerland,46.96604977,9.035489525,0.0
switzerland,46.96844294,7.439421064,0.0
switzerland,46.9691475,7.284493974,0.0
switzerland,46.97709803,9.538658855,-0.0025718054477243957
switzerland,46.98284123,9.644863303,0.0
switzerland,46.98504265,9.153197541,0.0
switzerland,46.99621882,8.651244257,0.0
switzerland,47.0378524,7.271927211,-0.0033572298826103353
switzerland,47.05663848,9.049114634,0.012294902073959002
switzerland,47.05962457,7.178008446,-0.0033982091927207136
switzerland,47.0817754,8.314332515,0.0
switzerland,47.1191459,7.258099814,-0.00238118481445726
switzerland,47.15699679,9.467100771,-0.0013161791745015528
switzerland,47.22910691,7.589951686,-0.0027995880933540107
switzerland,47.22937261,7.732298272,-0.00364730806356528
switzerland,47.25625228,7.786083656,-0.003696397756416836
switzerland,47.31229156,7.877702174,-0.0029024140123339315
switzerland,47.34365443,8.345628025,0.0
switzerland,47.36942514,7.979454655,-0.0027994002235081084
switzerland,47.38701259,8.532321933,0.00041458405416849864
switzerland,47.39478173,8.035874583,-0.002806513534612254
switzerland,47.40190948,9.323640638,0.0
switzerland,47.41033996,8.407980194,0.00044244764884915355
switzerland,47.41179666,8.11477179,-0.002483138387918693
switzerland,47.45672815,8.32116358,0.00010976669366313807
switzerland,47.46884602,8.169881131,-0.0026317312222752243
switzerland,47.52398098,9.186791025,0.0
switzerland,47.53873,7.70768,-0.0008287525271386542
switzerland,47.55591338,8.049124537,-0.0005310242436751267
switzerland,47.57122,8.338716,-0.0005178073771363589
switzerland,47.57491614,8.473322087,0.0
switzerland,47.58629,8.13207,-0.001082063312605186
switzerland,47.58686194,7.83370777,-0.0009493265699251907
switzerland,47.5945791,8.225727733,-0.0015828278441807342
switzerland,47.69312439,8.63042746,-0.0008456084742749503
thailand,6.1555,101.273,0.02878187156316525
thailand,8.9723,98.807,0.08150106875170338
thailand,14.2336,99.2359,0.007427228515876516
thailand,14.407,99.1291,0.02261297736521739
thailand,17.2426,98.9723,0.06945693689878396
thailand,17.7634,100.5636,0.05388178509208008
turkey,36.8349,31.5174,-0.018361302410120794
turkey,37.509,28.1117,0.0
turkey,37.5724,28.524,-0.009334885178923225
turkey,38.1543,29.2068,0.15455416648946418
turkey,38.6029,28.2906,0.05861073007744455
turkey,38.9022,35.2708,0.0
turkey,39.2731,33.5184,0.04544673236658592
turkey,39.3968,33.4204,0.029177596200382516
turkey,39.7322,33.482,0.027118614176291356
turkey,39.9677,31.7389,0.0
turkey,40.0332,31.016,0.02357868564326282
turkey,40.04,31.4144,0.08646986677273394
turkey,40.6352,39.2311,0.002712488018285275
turkey,40.6398,30.3407,0.60516229949965
turkey,40.7702,34.7913,0.019029766611003973
turkey,41.1064,34.659,0.0204919572201816
united_kingdom,52.946,-3.9879,0.0
united_kingdom,55.10027778,-4.18527778,0.0
united_kingdom,55.165,-4.19,0.0
united_kingdom,56.33694444,-5.20444444,0.0
united_kingdom,56.401001,-4.122,0.0
united_kingdom,56.43972222,-5.21694444,0.0
united_kingdom,56.509998,-4.228,0.0
united_kingdom,56.6785,-4.5085,0.0
united_kingdom,56.699001,-4.408,0.0
united_kingdom,56.71694444,-3.7775,0.0027926178546195946
united_kingdom,56.889722,-4.673333,-0.0034401633367570073
united_kingdom,57.06305556,-5.12638889,0.0
united_kingdom,57.077999,-4.781,0.0
united_kingdom,57.132999,-4.683,0.00029015709619995
united_kingdom,57.155998,-4.936,0.0
united_kingdom,57.2016,-4.7213,0.0
united_kingdom,57.3272,-4.7946,0.0
united_kingdom,57.382,-4.881,0.0
united_kingdom,57.42555556,-4.7025,0.0
united_kingdom,57.4574,-4.5453,0.0
united_kingdom,57.5294,-4.5585,0.007716956515190332
united_kingdom,57.57444444,-4.68638889,-0.001441978921679743
united_kingdom,57.62194444,-4.82222222,0.0
united_kingdom,57.7633,-5.0392,0.0
united_kingdom,57.8235,-5.0553,0.0
united_kingdom,57.944,-4.417,-0.0029677438537358825
united_kingdom,58.02,-4.4151,0.01818057516446392
usa_caiso,32.725523,-114.722242,-5.7638582166230634e-05
usa_caiso,34.14526367,-117.0582123,0.0
usa_caiso,34.20650101,-117.8591995,0.1656883725179824
usa_caiso,34.29533386,-114.1402206,0.002851219101937641
usa_caiso,35.4338,-118.8075,0.0
usa_caiso,35.52830124,-118.6710968,0.0
usa_caiso,35.64429855,-118.4817963,0.0
usa_caiso,35.75899887,-120.8840027,0.1541690594690142
usa_caiso,35.9454,-118.478,0.0
usa_caiso,36.41550064,-119.0065002,0.07116356941846969
usa_caiso,36.83234024,-119.325592,0.030810848234125388
usa_caiso,36.8882,-119.1588,0.010739390274632665
usa_caiso,37.0,-119.6958008,-0.03378483037620916
usa_caiso,37.1283989,-119.5273972,-0.03769829612949582
usa_caiso,37.1446991,-119.4505997,-0.027438797231153167
usa_caiso,37.20299911,-119.2419968,0.09012175047275661
usa_caiso,37.20750046,-119.3305969,-0.029777816025052695
usa_caiso,37.20780182,-119.5073013,-0.03021141770484259
usa_caiso,37.27360153,-118.5730972,-0.0006809428087953817
usa_caiso,37.32310104,-119.3171997,-0.025113386983874553
usa_caiso,37.3237,-118.5009,0.017963270260300535
usa_caiso,37.41503906,-118.5239944,0.002648401721112581
usa_caiso,37.52099991,-120.3108978,0.13313195875739814
usa_caiso,37.58499908,-120.2702026,0.13405039174809974
usa_caiso,37.61759949,-120.597702,0.13165592559397854
usa_caiso,37.65050125,-120.4709015,0.12859608440764492
usa_caiso,37.70069885,-120.4220963,0.12639531102831358
usa_caiso,37.87609863,-120.6048965,0.1916990560923646
usa_caiso,37.94692612,-120.5282135,0.2808266132649375
usa_caiso,37.94791412,-119.7879333,-0.014593326490434766
usa_caiso,38.14479828,-120.3582993,0.025438494422940217
usa_caiso,38.19950104,-119.9893036,0.01916617964163214
usa_caiso,38.20349884,-120.0753021,0.05590264221446517
usa_caiso,38.22520065,-121.0224991,0.03693729545244073
usa_caiso,38.25709915,-120.8499985,0.007700290877535321
usa_caiso,38.3302002,-119.9613037,0.018823290400537096
usa_caiso,38.34780121,-120.6663971,-0.0038750877463905598
usa_caiso,38.45320129,-120.4781036,0.04686181997942651
usa_caiso,38.49829865,-120.2154999,0.09196828544865121
usa_caiso,38.51330185,-122.1036987,0.22322814047580258
usa_caiso,38.63735199,-121.2201996,-0.033172235270339745
usa_caiso,38.70674896,-121.1584396,-0.02527619372541945
usa_caiso,38.71820068,-123.0086975,0.1668281096812349
usa_caiso,38.76990128,-120.5859985,-0.001605461126206964
usa_caiso,38.77149963,-120.8127975,0.002238002095156011
usa_caiso,38.77320099,-120.6989975,0.0028834143084386366
usa_caiso,38.86650085,-120.4404984,0.021903159351779333
usa_caiso,38.91289902,-121.0842972,-0.001334744622184525
usa_caiso,39.02640152,-120.6032028,0.013586574710880317
usa_caiso,39.05009842,-121.3164978,0.0508022184700192
usa_caiso,39.07949829,-122.5360031,0.07474807674913103
usa_caiso,39.13560104,-120.9530029,0.02362835656580342
usa_caiso,39.19810104,-123.1830978,0.07289286800398143
usa_caiso,39.32709885,-120.6430969,0.016892854478608
usa_caiso,39.38610077,-123.1162033,0.01074086790528972
usa_caiso,39.39210129,-121.141098,0.12760151818906595
usa_caiso,39.52880096,-121.544899,0.4423222072321902
usa_caiso,39.53879929,-121.4854965,0.402374058418975
usa_caiso,39.55149841,-121.2095032,0.009088248551947675
usa_caiso,39.58620071,-122.5325012,0.08521810135746688
usa_caiso,39.80970001,-121.4318008,0.007970284995080679
usa_caiso,39.81420135,-122.3328018,0.0671566118866459
usa_caiso,39.88050079,-121.3702011,0.02225484968755076
usa_caiso,39.90119934,-121.228302,-0.005879608532900815
usa_caiso,39.9866,-121.2834,0.0035890595721457252
usa_caiso,40.07569885,-121.1612015,0.027687366983318196
usa_caiso,40.17440033,-121.0887985,0.037362770524129674
usa_caiso,40.36849976,-123.433197,0.03597828089281074
usa_caiso,40.413137,-122.11546,0.0
usa_caiso,40.4832,-121.8638,0.0
usa_caiso,40.59780121,-122.5390015,0.14408098527971847
usa_caiso,40.62811279,-122.4675064,0.022855267001010482
usa_caiso,40.717453,-122.4222717,0.022555993914376016
usa_caiso,40.84809875,-121.990303,0.004502179346693169
usa_caiso,40.85969925,-121.722702,0.0
usa_caiso,40.9222,-121.547,0.0
usa_caiso,40.92240143,-121.993103,0.004829107731253224
usa_caiso,40.9878006,-121.7692032,0.0008112711289627317
usa_caiso,40.99269867,-121.8691025,0.0
usa_caiso,41.02180099,-121.6766968,0.007439693573166761
usa_ercot,26.5585041,-99.1618576,0.24031819988544312
usa_ercot,28.8292,-100.5518,0.007844281367221262
usa_ercot,29.44995499,-101.0571518,0.014067777433337536
usa_ercot,29.59438324,-98.04083252,0.08008943126578205
usa_ercot,29.65410614,-98.06638336,0.05591524713111129
usa_ercot,29.87010002,-98.19480133,0.04723052056006338
usa_ercot,30.2942276,-97.78639984,0.4035051919449888
usa_ercot,30.39226532,-97.90725708,0.23907374611362187
usa_ercot,30.55544662,-98.33811951,0.052988952379100396
usa_ercot,30.55652428,-98.25670624,0.07954725747956592
usa_ercot,30.75126457,-98.41833496,0.08098563100808331
usa_ercot,31.86554718,-97.37220764,0.11065893442961627
usa_ercot,33.06819916,-96.96399689,0.0
usa_isone,42.1597,-72.5814,0.0009868036735103392
usa_isone,42.16189957,-72.50279999,0.0
usa_isone,42.16500092,-72.82939911,0.0
usa_isone,42.17739868,-72.40920258,0.0009146153644160604
usa_isone,42.21360779,-72.60233307,-0.002050230804037767
usa_isone,42.57300186,-72.70709991,0.02065068467129949
usa_isone,42.58739853,-72.57980347,-0.0014890391556461324
usa_isone,42.6198,-72.7453,0.044201211035043375
usa_isone,42.64810181,-71.30870056,0.0
usa_isone,42.6651978,-71.5757778,0.0
usa_isone,42.68529892,-72.97640228,0.045830208764553904
usa_isone,42.70059967,-71.16649628,0.0
usa_isone,42.7220993,-72.93939972,0.04739001995588643
usa_isone,42.75030136,-71.50550079,0.0
usa_isone,42.77109909,-72.51339722,-0.0013853798015235341
usa_isone,42.79240036,-72.91339874,0.06604980438130192
usa_isone,42.90179825,-72.95050049,0.2306500270832209
usa_isone,43.0021019,-71.47190094,0.0
usa_isone,43.01689911,-71.56860352,0.0
usa_isone,43.1292,-71.4508,0.0
usa_isone,43.13759995,-72.44719696,-0.001323105431136451
usa_isone,43.16550064,-71.51000214,0.0
usa_isone,43.2852,-71.5952,0.0
usa_isone,43.44070053,-71.59580231,0.0
usa_isone,43.44710159,-71.65840149,0.0
usa_isone,43.4957,-70.4468,0.0
usa_isone,43.57089996,-70.5585022,0.0
usa_isone,43.59769821,-71.7181015,0.00039648747736975576
usa_isone,43.6051,-72.3597,0.00638178721912519
usa_isone,43.6405,-72.4067,0.0
usa_isone,43.6635,-73.0342,0.0
usa_isone,43.66650009,-70.60369873,0.0
usa_isone,43.66680145,-72.30390167,-0.0010383047937208012
usa_isone,43.78010559,-70.45317841,0.0
usa_isone,43.85250092,-70.79759979,0.0
usa_isone,43.92060089,-69.96800232,-0.0007414878035469918
usa_isone,43.95679855,-70.02559662,-0.000725621259633602
usa_isone,43.9939003,-70.06359863,0.0011706945319183149
usa_isone,44.052,-73.1777,0.0
usa_isone,44.10129929,-70.22290039,0.00020899414028185959
usa_isone,44.15319824,-70.21070099,-0.006723086294387226
usa_isone,44.20830154,-72.05819702,-0.006091467259182304
usa_isone,44.25999832,-72.06020355,-0.006004573235244504
usa_isone,44.29240417,-72.68242645,0.008158098320138363
usa_isone,44.32490158,-72.001297,-0.0028152223279558353
usa_isone,44.3348999,-71.87580109,-0.004516675567201367
usa_isone,44.38219833,-72.76989746,-0.01601440401330012
usa_isone,44.4041481,-71.11567688,-0.004738487540797198
usa_isone,44.40819931,-71.19519806,-0.0104162717648828
usa_isone,44.4098,-71.7177,0.0
usa_isone,44.46929932,-71.17839813,-0.0025425238643841386
usa_isone,44.47859955,-70.20110321,-0.00756582013183138
usa_isone,44.48994064,-73.169487,-0.007459262040086401
usa_isone,44.54259872,-70.54650116,-0.005679538237552073
usa_isone,44.54439926,-68.43000031,0.0006834738889905934
usa_isone,44.5475,-69.7116,0.0
usa_isone,44.56389999,-69.62069702,-0.00455181797996751
usa_isone,44.5819,-69.5532,0.0
usa_isone,44.63090134,-69.58350372,-0.004438906752153304
usa_isone,44.6331,-71.2484,0.0012377140633361705
usa_isone,44.63669968,-73.11799622,0.0
usa_isone,44.65119934,-72.99069977,0.0
usa_isone,44.7635994,-69.71849823,-0.003466663907404799
usa_isone,44.78659821,-71.12490082,0.0015961824127821433
usa_isone,44.792099,-69.88670349,-0.003560250151111388
usa_isone,44.88444519,-68.66388702,0.0
usa_isone,44.9109,-72.974,0.0
usa_isone,44.93399811,-73.04799652,0.0007328471538369241
usa_isone,44.9408989,-68.64769745,-0.004338508925522344
usa_isone,44.94409943,-70.99759674,0.03338967936714976
usa_isone,44.9592,-69.8705,-0.001059402413634114
usa_isone,45.06969833,-69.90679932,-0.0023226772640864146
usa_isone,45.25009918,-68.64949799,-0.0058253873596538774
usa_isone,45.46030045,-69.86620331,0.00296918263787449
usa_isone,45.60739899,-68.54589844,-0.0008146323676221368
usa_isone,45.63249969,-68.60749817,0.0018116825618113008
usa_isone,45.63460159,-68.78130341,0.005968746181999607
usa_isone,45.66009903,-69.81340027,0.01524440060539134
usa_isone,45.88150024,-69.17669678,0.015357319630147748
usa_miso_central,37.89803696,-86.70417786,0.0
usa_miso_central,38.2030983,-92.62480164,0.004552306841053011
usa_miso_central,38.78329849,-84.96669769,0.0
usa_miso_central,38.8877,-90.1857,-0.00043044978624040553
usa_miso_central,39.52441788,-91.64394379,-0.007390170488788983
usa_miso_central,40.39590754,-91.3733699,0.0
usa_miso_central,40.65660095,-86.75330353,0.0
usa_miso_central,40.77999878,-86.76000214,0.0
usa_miso_central,41.66669846,-86.13169861,0.0
usa_miso_central,41.6917,-85.9583,0.0
usa_miso_central,42.95669937,-84.90329742,0.0
usa_miso_central,43.42169952,-85.80169678,-0.006958660268383321
usa_miso_central,43.487,-85.6291,-0.007540718286594417
usa_miso_central,43.6133,-85.4783,0.0
usa_miso_central,44.25830078,-85.93830109,0.0
usa_miso_central,44.36299896,-85.81999969,0.0
usa_miso_central,44.43500137,-83.44000244,-0.0021627641044806856
usa_miso_central,44.46390152,-83.72170258,0.0002917059852481918
usa_miso_central,44.47249985,-83.57170105,-0.003172418641880226
usa_miso_central,44.56190109,-83.80419922,0.0
usa_miso_central,44.66090012,-84.13169861,0.0
usa_miso_central,46.49738693,-84.33208466,0.0
usa_miso_north,41.01,-92.4067,0.06660729983187608
usa_miso_north,41.36949921,-92.9803009,0.06763618793916137
usa_miso_north,43.31010056,-89.72530365,0.0
usa_miso_north,43.62611111,-89.78083333,0.0
usa_miso_north,43.86330032,-89.95670319,-0.0021358116487195655
usa_miso_north,44.0929985,-94.10800171,0.003341251743060769
usa_miso_north,44.21426773,-92.47779846,0.012551833845157567
usa_miso_north,44.25348373,-88.41277444,0.005393324378297537
usa_miso_north,44.2772,-88.2678,-0.0006367717868155376
usa_miso_north,44.2798996,-88.33209991,0.0007342019590546034
usa_miso_north,44.31169891,-89.89330292,0.0
usa_miso_north,44.31639862,-88.19802094,-0.003924452689986868
usa_miso_north,44.35169983,-89.853302,0.0
usa_miso_north,44.39670181,-89.82170105,0.0
usa_miso_north,44.43500137,-89.77829742,0.0
usa_miso_north,44.4867,-89.5767,0.0
usa_miso_north,44.51670074,-92.9332962,0.01559922341488007
usa_miso_north,44.66329956,-89.65170288,0.0
usa_miso_north,44.7667,-92.8667,0.0
usa_miso_north,44.79000092,-89.69670105,0.0
usa_miso_north,44.82780075,-91.51110077,0.010741641044036854
usa_miso_north,44.91550064,-93.19979858,0.0
usa_miso_north,44.93790054,-91.34030151,0.004418242786511595
usa_miso_north,44.95669937,-89.63500214,0.0
usa_miso_north,44.98329926,-93.25,0.0
usa_miso_north,45.0605011,-91.26599884,-0.0003145386579079812
usa_miso_north,45.10749817,-87.66000366,0.0024042750632302656
usa_miso_north,45.16519928,-91.15789795,-0.002030035445591105
usa_miso_north,45.18830109,-89.75499725,0.0
usa_miso_north,45.22439957,-91.12779999,-0.0025067905439860594
usa_miso_north,45.31330109,-89.78500366,0.0
usa_miso_north,45.36240005,-87.65619659,0.0017095545088734454
usa_miso_north,45.41217804,-92.64694214,0.001304374770511596
usa_miso_north,45.44172287,-89.73019409,0.0005888042338094701
usa_miso_north,45.46480179,-91.08329773,-9.04333660978196e-05
usa_miso_north,45.51369858,-87.80180359,0.0019030680334795047
usa_miso_north,45.54759979,-94.14730072,0.0
usa_miso_north,45.55550003,-90.959198,-9.210725275721199e-05
usa_miso_north,45.61799622,-94.20078278,0.0
usa_miso_north,45.74160004,-87.8635025,0.0020060977196993957
usa_miso_north,45.77399826,-87.98899841,0.002431912510943768
usa_miso_north,45.795,-87.0783,0.0
usa_miso_north,45.8083,-88.1267,0.0024426231279068844
usa_miso_north,45.86,-94.3583,0.0
usa_miso_north,45.87277985,-88.0708313,0.002188617231939527
usa_miso_north,45.88830185,-91.07710266,-0.004964463596873747
usa_miso_north,45.9383,-90.445,0.0
usa_miso_north,45.9756012,-94.36779785,0.0
usa_miso_north,45.97999954,-88.20999908,0.006665267170041234
usa_miso_north,45.9801,-87.2689,0.0
usa_miso_north,46.13330078,-88.22499847,0.0
usa_miso_north,46.316,-87.5127,0.001607954216004459
usa_miso_north,46.37789917,-94.18309784,0.0
usa_miso_north,46.56000137,-87.55999756,0.058465339941007666
usa_miso_north,46.66500092,-92.29329681,0.0
usa_miso_north,46.66609955,-92.40660095,0.0003528908328481739
usa_miso_north,46.68619919,-89.22949982,0.0
usa_miso_north,46.7267,-92.4283,0.0
usa_miso_north,47.93320084,-91.76290131,-0.007738126057757921
usa_miso_north,48.6,-93.4,-0.0015684723945890156
usa_miso_south,30.79546738,-94.18012238,0.03362216650956995
usa_miso_south,31.06120872,-94.10622406,0.1150166130506245
usa_miso_south,31.08769989,-91.61889648,1.0398399319822005e-05
usa_miso_south,31.18569946,-93.56839752,0.1110521165418874
usa_miso_south,33.98899841,-91.31300354,0.0
usa_miso_south,34.22000122,-93.11000061,0.1548178022246791
usa_miso_south,34.42720032,-92.89389801,-0.07272576384374063
usa_miso_south,34.44279861,-93.02649689,-0.16471625982731375
usa_miso_south,34.57339096,-93.19515991,0.08375486817023248
usa_miso_south,34.79430008,-92.35780334,0.0
usa_miso_south,35.12519836,-92.78739929,0.0
usa_miso_south,35.24909973,-93.17077637,0.0
usa_miso_south,35.74444962,-91.76583099,0.6719609553664694
usa_miso_south,35.75667,-91.63667,0.22872695967523482
usa_miso_south,35.84333,-91.85,-0.17473192335595567
usa_miso_south,36.24824142,-92.23748779,0.39866803417792207
usa_miso_south,36.36624146,-92.57455444,0.16534000814483907
usa_northerngrid_east,42.02701187,-110.0639725,0.0
usa_northerngrid_east,42.2757988,-111.7489014,0.0
usa_northerngrid_east,42.63221,-114.537465,-0.04320056714075493
usa_northerngrid_east,42.64419937,-111.6956024,0.0
usa_northerngrid_east,42.648607,-114.659689,-0.03933172874573909
usa_northerngrid_east,42.669519,-114.777584,-0.05306784544884646
usa_northerngrid_east,42.74375,-114.840758,-0.09512988305677084
usa_northerngrid_east,42.76839828,-114.9147034,-0.04517944946584507
usa_northerngrid_east,42.77920151,-112.8748016,-0.006594955823578719
usa_northerngrid_east,42.84209824,-114.9042969,-0.06215061373403952
usa_northerngrid_east,42.9131012,-115.0686035,-0.04802648452987324
usa_northerngrid_east,42.9469986,-115.9758987,-0.0023845816955271326
usa_northerngrid_east,43.24309921,-116.3785019,-0.04827137722062602
usa_northerngrid_east,43.25469971,-114.3569031,0.007084433076804508
usa_northerngrid_east,43.33485031,-111.2057495,-0.007478548042285205
usa_northerngrid_east,43.3422,-116.6001,-0.06797037325883082
usa_northerngrid_east,43.35706711,-115.4515152,0.03015024301552993
usa_northerngrid_east,43.4219017,-112.1019974,-0.004760875506669926
usa_northerngrid_east,43.469,-112.0607,-0.004760875506669926
usa_northerngrid_east,43.54669952,-116.0550003,0.04076400659219015
usa_northerngrid_east,43.59542084,-115.9225006,0.03691953297340966
usa_northerngrid_east,43.907493,-111.284564,0.0
usa_northerngrid_east,43.9094,-116.1881,0.012160776779894245
usa_northerngrid_east,43.93046188,-116.4371719,0.01160631645669774
usa_northerngrid_east,44.0178566,-111.5833206,0.011665369592277264
usa_northerngrid_east,44.0667,-111.2167,0.0
usa_northerngrid_east,44.41899872,-111.3960037,0.06203223197190988
usa_northerngrid_east,44.50816727,-109.1706619,0.0019093248206917268
usa_northerngrid_east,44.52479935,-116.0477982,0.08195782597368995
usa_northerngrid_east,44.97090149,-116.8346024,-0.015233697185383477
usa_northerngrid_east,45.30740738,-107.9575119,-0.02918591053295594
usa_northerngrid_east,45.47000122,-111.6373978,0.0
usa_northerngrid_east,46.12009811,-111.4073029,0.00023709365349278144
usa_northerngrid_east,46.22061157,-113.2880554,0.005612599408116203
usa_northerngrid_east,46.64902496,-111.7278748,-0.011951577484178744
usa_northerngrid_east,46.76490021,-111.8862991,-0.020104274379323606
usa_northerngrid_east,46.99129868,-112.0035019,-0.02902680626974452
usa_northerngrid_east,47.5196991,-111.2624969,-0.020498870244495704
usa_northerngrid_east,47.67739868,-114.2331009,-0.004804810460117825
usa_northerngrid_south,37.18545151,-113.3583832,0.0
usa_northerngrid_south,39.46289825,-119.0658035,0.1271230523832384
usa_northerngrid_south,39.52388,-119.980545,0.0920739922665702
usa_northerngrid_south,40.4043541,-111.52845,0.11620317080508002
usa_northerngrid_south,40.59660339,-111.4235916,0.1817034290415891
usa_northerngrid_south,40.91464615,-109.4216614,0.08441659372507604
usa_northerngrid_south,40.96459961,-111.433403,0.036512746136379115
usa_northerngrid_south,40.972373,-121.251771,0.0
usa_northerngrid_south,41.23462677,-111.9246597,0.01658188106387226
usa_northerngrid_south,41.28219986,-122.3284988,0.0
usa_northerngrid_south,41.29925919,-111.5875168,0.04252249472810343
usa_northerngrid_south,41.81669998,-111.9499969,-0.005088321141142771
usa_northerngrid_south,41.93420029,-122.4348984,0.0016047198263076101
usa_northerngrid_south,41.97940063,-122.3333969,0.0008515483305964189
usa_northerngrid_west,42.12260056,-122.0470963,0.0032725074989523595
usa_northerngrid_west,42.2344,-121.8004,-0.002028751444198673
usa_northerngrid_west,42.47516632,-122.7576904,0.004742619770863987
usa_northerngrid_west,42.67370987,-122.6743317,0.0
usa_northerngrid_west,42.7062,-122.3873,0.0
usa_northerngrid_west,42.742,-122.5128,0.0
usa_northerngrid_west,43.2567,-122.32,0.0
usa_northerngrid_west,43.2642,-122.4194,0.0005272445648299984
usa_northerngrid_west,43.3030014,-122.4936981,0.0
usa_northerngrid_west,43.32260132,-122.1933975,0.00939232519661648
usa_northerngrid_west,43.64199829,-117.2410965,0.005482571098706757
usa_northerngrid_west,43.70833969,-122.4236603,0.009574058728826107
usa_northerngrid_west,43.78681946,-122.9562302,0.019364817138981416
usa_northerngrid_west,43.91491318,-122.7515488,-0.01017536685471676
usa_northerngrid_west,44.0177,-121.3501,0.0
usa_northerngrid_west,44.07,-122.835,-0.002131044441561536
usa_northerngrid_west,44.12738419,-122.243576,0.023869913553403843
usa_northerngrid_west,44.137616,-122.611801,-0.0021675008721699918
usa_northerngrid_west,44.3801,-122.3511,0.0
usa_northerngrid_west,44.41491699,-122.6698761,0.0020215435698451856
usa_northerngrid_west,44.45025253,-122.548996,0.0002674040242673925
usa_northerngrid_west,44.490042,-121.298955,0.0
usa_northerngrid_west,44.60419846,-121.2769012,-0.011793361923802204
usa_northerngrid_west,44.69440079,-121.2303009,-0.007394529274271422
usa_northerngrid_west,44.72190475,-122.249794,-0.02019235246903639
usa_northerngrid_west,44.83679962,-116.9005966,-0.0047559864190314105
usa_northerngrid_west,45.2439003,-122.2802963,0.0
usa_northerngrid_west,45.35139847,-122.6166992,-0.01007195047118914
usa_northerngrid_west,45.4817009,-122.081398,-0.012561631614933733
usa_northerngrid_west,45.61399841,-121.1329269,0.0
usa_northerngrid_west,45.64440086,-121.9404097,-0.01825175277205693
usa_northerngrid_west,45.71524048,-120.6918793,-0.02366869215280598
usa_northerngrid_west,45.93674088,-119.2973328,-0.016809875511422323
usa_northerngrid_west,45.95500183,-122.5569992,-0.025128686146654644
usa_northerngrid_west,45.96500015,-122.3330002,-0.028419401595544347
usa_northerngrid_west,46.0594,-122.2594,-0.027600620295194833
usa_northerngrid_west,46.25003433,-118.8797073,-0.0016517345168560738
usa_northerngrid_west,46.26678026,-119.5898213,0.0
usa_northerngrid_west,46.46670151,-122.1166992,0.0
usa_northerngrid_west,46.50329971,-122.5971985,-0.014083268356792633
usa_northerngrid_west,46.53509903,-122.4233017,0.0005464792858850265
usa_northerngrid_west,46.56285858,-118.5430984,-0.001715848908002915
usa_northerngrid_west,46.58543015,-118.0268402,-0.0016597815566896656
usa_northerngrid_west,46.64609909,-119.9057999,-0.021957087041221346
usa_northerngrid_west,46.65998077,-117.4267807,-0.0016584859491167725
usa_northerngrid_west,46.74906077,-120.4668247,0.0
usa_northerngrid_west,46.7901001,-122.2866974,0.0
usa_northerngrid_west,46.87310028,-119.9702988,-0.024091871796288356
usa_northerngrid_west,46.974956,-122.635725,0.0
usa_northerngrid_west,47.34159966,-120.0948386,-0.026774628738177153
usa_northerngrid_west,47.41220856,-121.7526016,0.01032937919712984
usa_northerngrid_west,47.5417,-121.8367,-0.002006440866098802
usa_northerngrid_west,47.606052,-121.710446,0.0
usa_northerngrid_west,47.6616,-117.4236,0.0
usa_northerngrid_west,47.6869,-117.345,0.0
usa_northerngrid_west,47.70690155,-121.8067017,0.02428706432697969
usa_northerngrid_west,47.77510071,-117.5430984,0.0
usa_northerngrid_west,47.83000946,-117.918396,0.0
usa_northerngrid_west,47.83470154,-120.013298,-0.005415232363946365
usa_northerngrid_west,47.83710098,-117.8386993,-0.0013221488523792457
usa_northerngrid_west,47.9483,-119.8783,-0.0524972054458428
usa_northerngrid_west,47.9575119,-118.9773254,-0.01614241259183502
usa_northerngrid_west,47.99642563,-119.6335754,-0.0295699532555469
usa_northerngrid_west,48.54779816,-121.7394028,-0.0010867167822423696
usa_northerngrid_west,48.6756897,-121.2404709,-0.00864628427332148
usa_northerngrid_west,48.72999954,-121.146698,-0.02093259530331948
usa_northerngrid_west,48.74829865,-121.0667038,-0.011528059705905314
usa_northerngrid_west,48.7806015,-117.4092026,0.0
usa_northerngrid_west,48.98669815,-117.3463974,-0.0002131016606958802
usa_nyiso,41.479599,-74.75589752,0.0
usa_nyiso,41.57210159,-74.78289795,0.0
usa_nyiso,41.82600784,-74.63941956,0.021167216440985737
usa_nyiso,41.8297,-74.133,0.0
usa_nyiso,41.84822083,-74.04502869,0.0
usa_nyiso,41.8531,-74.5141,0.0
usa_nyiso,41.94929886,-74.20629883,0.0
usa_nyiso,42.07890701,-74.96516418,0.061993383984095485
usa_nyiso,42.3591,-73.7315,0.0
usa_nyiso,42.72119904,-73.67690277,0.0010284363203549862
usa_nyiso,42.7969017,-73.71379852,0.003511409489764583
usa_nyiso,42.80479813,-73.84549713,0.0
usa_nyiso,42.89360046,-73.58869934,0.0
usa_nyiso,42.91230011,-73.67919922,-0.0013245586369321494
usa_nyiso,42.91970062,-73.50839996,0.0
usa_nyiso,43.02437592,-74.74383545,0.0016478664806679477
usa_nyiso,43.0363884,-74.52333069,0.002923306685139959
usa_nyiso,43.03720093,-74.86470032,0.0
usa_nyiso,43.0951004,-73.58509827,0.005601749219958374
usa_nyiso,43.14220047,-79.04019928,0.0
usa_nyiso,43.16149902,-73.58360291,0.0
usa_nyiso,43.1763,-77.6282,0.0
usa_nyiso,43.22779846,-76.30149841,0.0
usa_nyiso,43.23460007,-73.75740051,0.0010284112451732774
usa_nyiso,43.24919891,-73.82089996,0.0
usa_nyiso,43.27299881,-73.72029877,0.0003795474693494283
usa_nyiso,43.28559875,-75.15299988,-0.00044994478656068537
usa_nyiso,43.29669952,-73.88600159,0.0012493700761287974
usa_nyiso,43.2969017,-73.59259796,0.0
usa_nyiso,43.3234,-76.4202,0.0
usa_nyiso,43.39979935,-76.47239685,0.0
usa_nyiso,43.44029999,-75.20619965,0.0
usa_nyiso,43.44329834,-76.49590302,0.0
usa_nyiso,43.4829,-73.7989,0.0
usa_nyiso,43.54449844,-75.91950226,-0.029813601016531854
usa_nyiso,43.5453,-75.3251,0.0
usa_nyiso,43.6216,-75.3125,0.0
usa_nyiso,43.83729935,-73.42960358,0.0
usa_nyiso,43.88769913,-75.10980225,0.0004570760406261698
usa_nyiso,43.8972,-75.664,0.0
usa_nyiso,43.9191,-75.2429,0.0014742521315850299
usa_nyiso,43.92480087,-75.37349701,0.0006531751183656009
usa_nyiso,43.9767,-75.9069,0.0
usa_nyiso,43.9817,-75.6204,0.0
usa_nyiso,43.9998,-75.9619,0.0
usa_nyiso,44.0042,-75.8069,0.0
usa_nyiso,44.005,-76.0441,0.0
usa_nyiso,44.0269,-75.6789,0.0
usa_nyiso,44.21269989,-75.03700256,0.0011308839010051308
usa_nyiso,44.23310089,-74.56539917,-0.00436663300507667
usa_nyiso,44.26649857,-75.19210052,0.0007025047613542501
usa_nyiso,44.2972,-75.3663,0.0
usa_nyiso,44.45330048,-74.76319885,0.0
usa_nyiso,44.50230026,-74.7460022,0.0
usa_nyiso,44.50719833,-73.91619873,0.0
usa_nyiso,44.51649857,-74.82109833,0.0
usa_nyiso,44.5165,-75.1877,0.0
usa_nyiso,44.52330017,-73.45960236,0.0
usa_nyiso,44.5304985,-74.93199921,0.0002267088523695282
usa_nyiso,44.61180115,-74.97499847,0.0
usa_nyiso,44.6273,-73.7579,0.0
usa_nyiso,44.6367,-74.8429,3.2722617237412877e-05
usa_nyiso,44.63830185,-75.4910965,0.0
usa_nyiso,44.66930008,-73.50779724,0.0
usa_nyiso,44.69219971,-75.49340057,0.0
usa_nyiso,44.7018013,-73.6053009,0.0
usa_nyiso,44.704,-75.0078,0.0
usa_nyiso,44.7454,-74.2233,0.0
usa_nyiso,44.80220032,-74.9905014,0.0
usa_pjm_east,36.5778,-79.4339,2.6961762923161103e-05
usa_pjm_east,36.59851074,-78.29914856,-0.012463922680273631
usa_pjm_east,36.7137,-80.9867,0.0
usa_pjm_east,36.78135681,-80.02768707,0.04549351090202214
usa_pjm_east,36.78580093,-80.93360138,0.0
usa_pjm_east,36.96149826,-84.26769257,0.12866072945122642
usa_pjm_east,37.07529831,-80.58529663,0.0
usa_pjm_east,37.09280014,-79.40249634,0.005942265169193384
usa_pjm_east,37.25490189,-79.875,0.0
usa_pjm_east,37.46340179,-79.18569946,0.0
usa_pjm_east,37.5913,-79.3812,0.0
usa_pjm_east,37.78546524,-84.70378876,0.13131903764291586
usa_pjm_east,37.83110046,-84.72389984,0.00442182797983981
usa_pjm_east,38.11899948,-81.1309967,0.0
usa_pjm_east,38.1507988,-81.21309662,0.0007738453610657281
usa_pjm_east,38.1927,-81.3721,0.014455685976798582
usa_pjm_east,38.22230148,-80.88999939,0.015263963436145
usa_pjm_east,38.2541008,-81.56980133,0.005783325129944394
usa_pjm_east,38.28229904,-85.7806015,-0.0007137954423019899
usa_pjm_east,38.52510071,-81.91200256,0.0023623498550691124
usa_pjm_east,38.64659882,-82.854599,0.0007238307183516923
usa_pjm_east,38.79463577,-84.17211914,0.0006983837903282719
usa_pjm_east,38.9153,-81.9082,0.0024712868438931945
usa_pjm_east,39.11899948,-81.73819733,0.0026054263009862577
usa_pjm_east,39.26879883,-77.78230286,0.0
usa_pjm_east,39.35816956,-81.31795502,0.002697500376531936
usa_pjm_east,39.3917,-84.5717,0.0
usa_pjm_east,39.5095787,-79.39096832,0.10734701671317415
usa_pjm_east,39.6609993,-76.17350006,0.001076961272351129
usa_pjm_east,39.66699982,-80.86440277,0.001552547559820372
usa_pjm_east,39.7195015,-79.85720062,0.0031122160022080125
usa_pjm_east,39.79719925,-79.37110138,0.09495303143168199
usa_pjm_east,40.1151,-76.713,-0.00039364957028320546
usa_pjm_east,40.15390015,-83.12560272,0.01147882100884512
usa_pjm_east,40.43379974,-78.00460052,0.09211444829743376
usa_pjm_east,40.4673996,-79.36540221999999,0.0
usa_pjm_east,40.68310165,-79.66519928,0.0
usa_pjm_east,40.71649933,-79.57700348,0.0
usa_pjm_east,40.7333,-80.3158,0.0
usa_pjm_east,40.89699936,-79.47869873,0.0
usa_pjm_east,40.9562,-79.551,0.0
usa_pjm_east,41.19179916,-79.43399811,0.0
usa_pjm_east,41.45909882,-75.18579865,0.045369287487483145
usa_pjm_west,41.32419968,-88.98549652,0.0
usa_pjm_west,41.3899,-88.7874,0.0
usa_pjm_west,41.8391,-86.3512,0.0
usa_pjm_west,41.8463,-89.481,0.0
usa_sertp,30.70845032,-84.86547089,0.005324063239538823
usa_sertp,31.36100006,-86.5184021,0.0
usa_sertp,31.364,-86.0936,0.019694869652152835
usa_sertp,31.6026,-84.137,0.0
usa_sertp,31.62578583,-85.06389618,0.008881625990847075
usa_sertp,32.1009903,-87.39958954,-0.014432663789644806
usa_sertp,32.32438278,-86.78387451,-0.015251907279859367
usa_sertp,32.51549911,-85.00039673,0.023013493643574856
usa_sertp,32.53499985,-85.88829803,0.012803830677076244
usa_sertp,32.60960007,-85.07949829,0.02408666807129567
usa_sertp,32.61869812,-86.25830078,-0.008354900245434838
usa_sertp,32.6629982,-85.09079742,0.02402163338784913
usa_sertp,32.68000031,-85.91169739,0.020624743765199516
usa_sertp,32.80500031,-86.44670105,-0.0032890377226872936
usa_sertp,32.91831589,-85.18766785,0.021289007021209616
usa_sertp,32.96369934,-86.51709747,-0.0036215164947248635
usa_sertp,33.14049911,-83.20179749,0.0
usa_sertp,33.25500107,-87.44999695,0.02000479621192519
usa_sertp,33.25849915,-85.61299896,0.02569491052021078
usa_sertp,33.3205986,-83.84149933,0.000640843496358845
usa_sertp,33.42670059,-86.33830261,-0.004444680514360755
usa_sertp,33.45429993,-80.16439819,-0.004262866183079472
usa_sertp,33.45859909,-87.35600281,0.029331412332580298
usa_sertp,33.48509979,-81.99120331,0.06251752555281653
usa_sertp,33.56389999,-82.04910278,0.06085724782851387
usa_sertp,33.5704,-83.8965,0.0
usa_sertp,33.66107178,-82.20130157,0.0600691828498634
usa_sertp,33.78329849,-86.05329895,-0.0016032534660144204
usa_sertp,33.94169998,-87.10829926,0.1131758240702746
usa_sertp,33.9681015,-84.38410187,0.04440319892378397
usa_sertp,34.0333,-81.0667,0.0010471419453175201
usa_sertp,34.05279922,-81.21859741,0.03202065192801129
usa_sertp,34.16279221,-84.07548523,0.07567792254146755
usa_sertp,34.16386032,-84.72763824,0.010250399759626938
usa_sertp,34.1692009,-81.90249634,0.031226026954237707
usa_sertp,34.17210007,-85.75389862,2.408210822490986e-05
usa_sertp,34.25770187,-82.60949707,-0.001997101548729452
usa_sertp,34.26100159,-81.33209991,0.0008289862546768667
usa_sertp,34.33670044,-80.70149994,0.0
usa_sertp,34.35796738,-82.82145691,0.029982218739067923
usa_sertp,34.4039,-82.245,0.0
usa_sertp,34.42612076,-86.3914032,0.0031302734717775227
usa_sertp,34.52943721,-82.37730705,0.002329598432937119
usa_sertp,34.61629868,-82.44779968,0.0
usa_sertp,34.6653,-81.4477,0.0004248473578660761
usa_sertp,34.6814003,-83.34249878,0.017383489682958886
usa_sertp,34.73920059,-83.39579773,0.041595697677760834
usa_sertp,34.75490189,-83.50119781,0.038635104771801765
usa_sertp,34.7786,-81.4561,0.0003455109741483664
usa_sertp,34.79370117,-83.54029846,0.035840991521639
usa_sertp,34.80484772,-87.62656403,-0.00046439798884501116
usa_sertp,34.81356812,-87.3826828,-0.00013705284713838584
usa_sertp,34.85247803,-82.48448944,0.0009582228255201608
usa_sertp,34.88100052,-84.27999878,0.010490399514115567
usa_sertp,34.9587059,-84.08958435,0.04157249437336896
usa_sertp,34.98799896,-79.87979889,-0.00686705782562802
usa_sertp,35.00167084,-85.62167358,0.0
usa_sertp,35.01800156,-83.79100037,0.002946442783436587
usa_sertp,35.02109909,-81.00810242,0.0
usa_sertp,35.03269958,-81.49490356,0.0009217370397178737
usa_sertp,35.04066849,-84.46677399,-0.003936986916734275
usa_sertp,35.06380081,-81.54840088,0.000890404010111201
usa_sertp,35.06999969,-88.25,0.004691169197764022
usa_sertp,35.08332825,-84.4916687,-0.0039675738081135226
usa_sertp,35.09500122,-84.64833069,0.0006959010980163161
usa_sertp,35.10619736,-85.22802734,0.0030376878859286194
usa_sertp,35.13809967,-81.59790039,0.00011671842655480713
usa_sertp,35.15200043,-84.1780014,-0.004633793892689142
usa_sertp,35.16999817,-84.29499817,0.03272635203488439
usa_sertp,35.19620132,-83.15249634,0.03899819647187186
usa_sertp,35.19919968,-83.65380096,0.010553993949222074
usa_sertp,35.20199966,-86.27799988,0.09961526931587372
usa_sertp,35.20669937,-80.06580353,-0.006832772498765349
usa_sertp,35.21360016,-83.00229645,0.0271419836866984
usa_sertp,35.24140167,-83.07240295,0.02579223269590858
usa_sertp,35.33547211,-82.18738556,0.004329513811419994
usa_sertp,35.33589935,-80.98519897,0.0
usa_sertp,35.37720108,-83.87670135,0.03579686832884066
usa_sertp,35.41970062,-80.0931015,-0.00604249826322989
usa_sertp,35.42586899,-82.18419647,0.04282538179124662
usa_sertp,35.44839859,-83.93659973,-0.008479187189366133
usa_sertp,35.45275879,-83.80457306,-0.0014704074981007897
usa_sertp,35.48509979,-80.17639923,-0.0060498485050641815
usa_sertp,35.49219894,-83.97940063,-0.0035831072394831853
usa_sertp,35.54700089,-84.05010223,-0.0012904230153263363
usa_sertp,35.60070038,-80.23490143,-0.00580655128923957
usa_sertp,35.61999893,-84.78333282,0.002963695058890492
usa_sertp,35.6333,-82.6,0.0006229097648103865
usa_sertp,35.6543045,-79.06757355,0.0
usa_sertp,35.69490051,-83.05059814,7.150788701093536e-05
usa_sertp,35.75749969,-81.09079742,0.0
usa_sertp,35.77420044,-81.43810272,0.0
usa_sertp,35.79085159,-84.24256134,0.010954707165652833
usa_sertp,35.79309845,-82.71060181,0.0
usa_sertp,35.80189514,-85.62216949,0.00383296243407516
usa_sertp,35.82139969,-81.19219971,0.0
usa_sertp,35.88586426,-84.29984283,-0.038838942805183185
usa_sertp,35.96113586,-83.53826904,0.0397839389857334
usa_sertp,36.09763718,-85.82579803,-0.004684869339692255
usa_sertp,36.15607071,-86.61865997,0.008539945534409621
usa_sertp,36.1663208,-83.49847412,-0.001151167524734431
usa_sertp,36.22433472,-84.09259796,-0.02169262429187946
usa_sertp,36.29040527,-85.94368744,0.17910370517554997
usa_sertp,36.2966423,-86.6558609,0.011149498087584586
usa_sertp,36.31980101,-87.22242771,0.006354884102424574
usa_sertp,36.32260132,-82.12249756,0.0497288920014094
usa_sertp,36.44018173,-82.43785858,0.06674820213515809
usa_sertp,36.4817009,-77.6733017,-0.0014040586813877098
usa_sertp,36.49799347,-82.50875092,0.07080331143204865
usa_sertp,36.50189972,-77.81099701,-0.002855933397922006
usa_sertp,36.52430725,-82.08815002,0.20318016824138196
usa_sertp,36.53713989,-85.4511261,0.005796127901563863
usa_sertp,36.86867905,-85.14743042,0.07250086885554607
usa_sertp,37.01423645,-88.26406097,0.024904671080042906
usa_sertp,37.16647339,-88.42800903,0.0
usa_spp_north,41.23669815,-101.6667023,0.06870112773468551
usa_spp_north,42.84860229,-97.48159027,0.20324755758170898
usa_spp_north,43.06499863,-98.55500031,0.15536961017341078
usa_spp_north,44.03875732,-99.44658661,0.04846855668780892
usa_spp_north,44.45573425,-100.3922729,0.057636331435374166
usa_spp_north,47.50167084,-101.4317017,0.0589760644782541
usa_spp_south,33.83332825,-96.56667328,0.09788389961406407
usa_spp_south,34.14552689,-94.68422699,0.15267418504553276
usa_spp_south,34.14876175,-93.71560669,0.2706361763976486
usa_spp_south,35.30669785,-95.35837555,0.06571878148232335
usa_spp_south,35.34734344,-94.77817535,0.02424436042876499
usa_spp_south,35.35,-94.2976,0.005169195328778464
usa_spp_south,35.47211838,-93.81459808,0.0901759097343211
usa_spp_south,35.52113342,-91.99346161,0.03576692253921343
usa_spp_south,35.55415344,-95.16908264,0.012716619623264425
usa_spp_south,35.59695816,-95.04942322,0.1532837735302709
usa_spp_south,35.8698616,-95.23121643,0.10215348879895236
usa_spp_south,36.14995193,-96.25307465,0.04178221332489318
usa_spp_south,36.23419952,-95.18240356,0.4398251275582883
usa_spp_south,36.42108154,-93.84817505,0.08550820855066066
usa_spp_south,36.4681015,-95.04170227,0.06573268336876126
usa_spp_south,36.59607697,-93.31124878,-0.005480868738037548
usa_spp_south,36.65912247,-93.12438202,-0.07339810774730693
usa_spp_south,36.69979858,-96.92720032,0.0
usa_spp_south,37.69124603,-93.76002502,0.0
usa_spp_south,38.26320267,-93.40498352,0.09911269482116658
usa_spp_south,38.97169876,-95.23999786,0.0
usa_westconnect_north,37.37179947,-107.5793991,0.07276809668980866
usa_westconnect_north,38.2366,-107.7585,0.07499489773053847
usa_westconnect_north,38.28390121,-104.7300034,0.059922787252867926
usa_westconnect_north,38.45175171,-107.539299,0.04490868026063821
usa_westconnect_north,38.45318985,-107.3374863,0.09327829656425357
usa_westconnect_north,38.51057434,-107.6253357,0.04339174771759313
usa_westconnect_north,39.10139084,-108.345726,0.009197291448043377
usa_westconnect_north,39.87880707,-106.3327255,0.060088481339146016
usa_westconnect_north,40.03530121,-106.2050018,0.09360520073705442
usa_westconnect_north,40.10749817,-108.7132034,0.0
usa_westconnect_north,40.18330002,-105.1333008,0.0
usa_westconnect_north,42.15612793,-106.9084854,0.1764450589412132
usa_westconnect_north,42.2898674,-104.7606354,0.4339256229586326
usa_westconnect_north,42.46725464,-104.9555283,0.36132196423864515
usa_westconnect_north,42.4682579,-106.8521805,0.2229035421025315
usa_westconnect_north,42.54841232,-106.7175369,0.21495001381631895
usa_westconnect_south,33.15335846,-107.1919708,0.10756809594097116
usa_westconnect_south,33.439188,-111.945885,0.010971977536387234
usa_westconnect_south,33.56690979,-111.5346832,0.09429317633244194
usa_westconnect_south,33.59055328,-111.3439102,0.13616161410031635
usa_westconnect_south,33.67136002,-111.1607666,0.16696764928718488
usa_westconnect_south,34.16878891,-114.276825,0.15062015095070724
usa_westconnect_south,35.19704437,-114.5706711,0.12715383793086432
usa_westconnect_south,36.01551056,-114.7380066,0.12284215486147376
usa_westconnect_south,36.23970032,-106.4233017,0.0
usa_westconnect_south,36.80580139,-107.6137009,0.0
usa_westconnect_south,36.93661499,-111.4838715,0.040387253464508666
vietnam,11.1048,106.9848,-0.0388863125144423
vietnam,14.0148,108.6796,0.0
vietnam,14.1847,108.1064,0.0
vietnam,15.8077,107.7472,0.0
vietnam,20.8082,105.3233,-0.05234320935983039
