region,year,m1,m2,m3,m4,m5,m6,m7,m8,m9,m10,m11,m12
brazil_nordeste,2027,100.0,100.0,100.0,100.0,100.0,100.0,100.0,100.0,100.0,100.0,100.0,100.0
brazil_nordeste,2028,100.0,100.0,100.0,100.0,100.0,100.0,100.0,100.0,100.0,100.0,100.0,100.0
brazil_nordeste,2029,100.0,100.0,100.0,100.0,100.0,100.0,100.0,100.0,100.0,100.0,100.0,100.0
brazil_nordeste,2030,100.0,100.0,100.0,100.0,100.0,100.0,100.0,100.0,100.0,100.0,100.0,100.0
brazil_nordeste,2031,100.0,100.0,100.0,100.0,100.0,100.0,100.0,100.0,100.0,100.0,100.0,100.0
brazil_nordeste,2032,100.0,100.0,100.0,100.0,100.0,100.0,100.0,100.0,100.0,100.0,100.0,100.0
brazil_nordeste,2033,100.0,100.0,100.0,100.0,100.0,100.0,100.0,100.0,100.0,100.0,100.0,100.0
brazil_nordeste,2034,100.0,100.0,100.0,100.0,100.0,100.0,100.0,100.0,100.0,100.0,100.0,100.0
brazil_nordeste,2035,100.0,100.0,100.0,100.0,100.0,100.0,100.0,100.0,100.0,100.0,100.0,100.0
brazil_nordeste,2036,100.0,100.0,100.0,100.0,100.0,100.0,100.0,100.0,100.0,100.0,100.0,100.0
brazil_nordeste,2037,100.0,100.0,100.0,100.0,100.0,100.0,100.0,100.0,100.0,100.0,100.0,100.0
brazil_nordeste,2038,100.0,100.0,100.0,100.0,100.0,100.0,100.0,100.0,100.0,100.0,100.0,100.0
brazil_nordeste,2039,100.0,100.0,100.0,100.0,100.0,100.0,100.0,100.0,100.0,100.0,100.0,100.0
brazil_nordeste,2040,100.0,100.0,100.0,100.0,100.0,100.0,100.0,100.0,100.0,100.0,100.0,100.0
brazil_sudeste,2027,100.0,100.0,100.0,100.0,100.0,100.0,100.0,100.0,100.0,100.0,100.0,100.0
brazil_sudeste,2028,100.0,100.0,100.0,100.0,100.0,100.0,100.0,100.0,100.0,100.0,100.0,100.0
brazil_sudeste,2029,100.0,100.0,100.0,100.0,100.0,100.0,100.0,100.0,100.0,100.0,100.0,100.0
brazil_sudeste,2030,100.0,100.0,100.0,100.0,100.0,100.0,100.0,100.0,100.0,100.0,100.0,100.0
brazil_sudeste,2031,100.0,100.0,100.0,100.0,100.0,100.0,100.0,100.0,100.0,100.0,100.0,100.0
brazil_sudeste,2032,100.0,100.0,100.0,100.0,100.0,100.0,100.0,100.0,100.0,100.0,100.0,100.0
brazil_sudeste,2033,100.0,100.0,100.0,100.0,100.0,100.0,100.0,100.0,100.0,100.0,100.0,100.0
brazil_sudeste,2034,100.0,100.0,100.0,100.0,100.0,100.0,100.0,100.0,100.0,100.0,100.0,100.0
brazil_sudeste,2035,100.0,100.0,100.0,100.0,100.0,100.0,100.0,100.0,100.0,100.0,100.0,100.0
brazil_sudeste,2036,100.0,100.0,100.0,100.0,100.0,100.0,100.0,100.0,100.0,100.0,100.0,100.0
brazil_sudeste,2037,100.0,100.0,100.0,100.0,100.0,100.0,100.0,100.0,100.0,100.0,100.0,100.0
brazil_sudeste,2038,100.0,100.0,100.0,100.0,100.0,100.0,100.0,100.0,100.0,100.0,100.0,100.0
brazil_sudeste,2039,100.0,100.0,100.0,100.0,100.0,100.0,100.0,100.0,100.0,100.0,100.0,100.0
brazil_sudeste,2040,100.0,100.0,100.0,100.0,100.0,100.0,100.0,100.0,100.0,100.0,100.0,100.0
brazil_sul,2027,100.0,100.0,100.0,100.0,100.0,100.0,100.0,100.0,100.0,100.0,100.0,100.0
brazil_sul,2028,100.0,100.0,100.0,100.0,100.0,100.0,100.0,100.0,100.0,100.0,100.0,100.0
brazil_sul,2029,100.0,100.0,100.0,100.0,100.0,100.0,100.0,100.0,100.0,100.0,100.0,100.0
brazil_sul,2030,100.0,100.0,100.0,100.0,100.0,100.0,100.0,100.0,100.0,100.0,100.0,100.0
brazil_sul,2031,100.0,100.0,100.0,100.0,100.0,100.0,100.0,100.0,100.0,100.0,100.0,100.0
brazil_sul,2032,100.0,100.0,100.0,100.0,100.0,100.0,100.0,100.0,100.0,100.0,100.0,100.0
brazil_sul,2033,100.0,100.0,100.0,100.0,100.0,100.0,100.0,100.0,100.0,100.0,100.0,100.0
brazil_sul,2034,100.0,100.0,100.0,100.0,100.0,100.0,100.0,100.0,100.0,100.0,100.0,100.0
brazil_sul,2035,100.0,100.0,100.0,100.0,100.0,100.0,100.0,100.0,100.0,100.0,100.0,100.0
brazil_sul,2036,100.0,100.0,100.0,100.0,100.0,100.0,100.0,100.0,100.0,100.0,100.0,100.0
brazil_sul,2037,100.0,100.0,100.0,100.0,100.0,100.0,100.0,100.0,100.0,100.0,100.0,100.0
brazil_sul,2038,100.0,100.0,100.0,100.0,100.0,100.0,100.0,100.0,100.0,100.0,100.0,100.0
brazil_sul,2039,100.0,100.0,100.0,100.0,100.0,100.0,100.0,100.0,100.0,100.0,100.0,100.0
brazil_sul,2040,100.0,100.0,100.0,100.0,100.0,100.0,100.0,100.0,100.0,100.0,100.0,100.0
canada_atlantic,2027,100.0,100.0,100.0,100.0,100.0,100.0,100.0,100.0,100.0,100.0,100.0,100.0
canada_atlantic,2028,100.0,100.0,100.0,100.0,100.0,100.0,100.0,100.0,100.0,100.0,100.0,100.0
canada_atlantic,2029,100.0,100.0,100.0,100.0,100.0,100.0,100.0,100.0,100.0,100.0,100.0,100.0
canada_atlantic,2030,100.0,100.0,100.0,100.0,100.0,100.0,100.0,100.0,100.0,100.0,100.0,100.0
canada_atlantic,2031,100.0,100.0,100.0,100.0,100.0,100.0,100.0,100.0,100.0,100.0,100.0,100.0
canada_atlantic,2032,100.0,100.0,100.0,100.0,100.0,100.0,100.0,100.0,100.0,100.0,100.0,100.0
canada_atlantic,2033,100.0,100.0,100.0,100.0,100.0,100.0,100.0,100.0,100.0,100.0,100.0,100.0
canada_atlantic,2034,100.0,100.0,100.0,100.0,100.0,100.0,100.0,100.0,100.0,100.0,100.0,100.0
canada_atlantic,2035,100.0,100.0,100.0,100.0,100.0,100.0,100.0,100.0,100.0,100.0,100.0,100.0
canada_atlantic,2036,100.0,100.0,100.0,100.0,100.0,100.0,100.0,100.0,100.0,100.0,100.0,100.0
canada_atlantic,2037,100.0,100.0,100.0,100.0,100.0,100.0,100.0,100.0,100.0,100.0,100.0,100.0
canada_atlantic,2038,100.0,100.0,100.0,100.0,100.0,100.0,100.0,100.0,100.0,100.0,100.0,100.0
canada_atlantic,2039,100.0,100.0,100.0,100.0,100.0,100.0,100.0,100.0,100.0,100.0,100.0,100.0
canada_atlantic,2040,100.0,100.0,100.0,100.0,100.0,100.0,100.0,100.0,100.0,100.0,100.0,100.0
canada_bc,2027,100.0,100.0,100.0,100.0,100.0,100.0,100.0,100.0,100.0,100.0,100.0,100.0
canada_bc,2028,100.0,100.0,100.0,100.0,100.0,100.0,100.0,100.0,100.0,100.0,100.0,100.0
canada_bc,2029,100.0,100.0,100.0,100.0,100.0,100.0,100.0,100.0,100.0,100.0,100.0,100.0
canada_bc,2030,100.0,100.0,100.0,100.0,100.0,100.0,100.0,100.0,100.0,100.0,100.0,100.0
canada_bc,2031,100.0,100.0,100.0,100.0,100.0,100.0,100.0,100.0,100.0,100.0,100.0,100.0
canada_bc,2032,100.0,100.0,100.0,100.0,100.0,100.0,100.0,100.0,100.0,100.0,100.0,100.0
canada_bc,2033,100.0,100.0,100.0,100.0,100.0,100.0,100.0,100.0,100.0,100.0,100.0,100.0
canada_bc,2034,100.0,100.0,100.0,100.0,100.0,100.0,100.0,100.0,100.0,100.0,100.0,100.0
canada_bc,2035,100.0,100.0,100.0,100.0,100.0,100.0,100.0,100.0,100.0,100.0,100.0,100.0
canada_bc,2036,100.0,100.0,100.0,100.0,100.0,100.0,100.0,100.0,100.0,100.0,100.0,100.0
canada_bc,2037,100.0,100.0,100.0,100.0,100.0,100.0,100.0,100.0,100.0,100.0,100.0,100.0
canada_bc,2038,100.0,100.0,100.0,100.0,100.0,100.0,100.0,100.0,100.0,100.0,100.0,100.0
canada_bc,2039,100.0,100.0,100.0,100.0,100.0,100.0,100.0,100.0,100.0,100.0,100.0,100.0
canada_bc,2040,100.0,100.0,100.0,100.0,100.0,100.0,100.0,100.0,100.0,100.0,100.0,100.0
canada_ontario,2027,100.0,100.0,100.0,100.0,100.0,100.0,100.0,100.0,100.0,100.0,100.0,100.0
canada_ontario,2028,100.0,100.0,100.0,100.0,100.0,100.0,100.0,100.0,100.0,100.0,100.0,100.0
canada_ontario,2029,100.0,100.0,100.0,100.0,100.0,100.0,100.0,100.0,100.0,100.0,100.0,100.0
canada_ontario,2030,100.0,100.0,100.0,100.0,100.0,100.0,100.0,100.0,100.0,100.0,100.0,100.0
canada_ontario,2031,100.0,100.0,100.0,100.0,100.0,100.0,100.0,100.0,100.0,100.0,100.0,100.0
canada_ontario,2032,100.0,100.0,100.0,100.0,100.0,100.0,100.0,100.0,100.0,100.0,100.0,100.0
canada_ontario,2033,100.0,100.0,100.0,100.0,100.0,100.0,100.0,100.0,100.0,100.0,100.0,100.0
canada_ontario,2034,100.0,100.0,100.0,100.0,100.0,100.0,100.0,100.0,100.0,100.0,100.0,100.0
canada_ontario,2035,100.0,100.0,100.0,100.0,100.0,100.0,100.0,100.0,100.0,100.0,100.0,100.0
canada_ontario,2036,100.0,100.0,100.0,100.0,100.0,100.0,100.0,100.0,100.0,100.0,100.0,100.0
canada_ontario,2037,100.0,100.0,100.0,100.0,100.0,100.0,100.0,100.0,100.0,100.0,100.0,100.0
canada_ontario,2038,100.0,100.0,100.0,100.0,100.0,100.0,100.0,100.0,100.0,100.0,100.0,100.0
canada_ontario,2039,100.0,100.0,100.0,100.0,100.0,100.0,100.0,100.0,100.0,100.0,100.0,100.0
canada_ontario,2040,100.0,100.0,100.0,100.0,100.0,100.0,100.0,100.0,100.0,100.0,100.0,100.0
canada_prairies,2027,100.0,100.0,100.0,100.0,100.0,100.0,100.0,100.0,100.0,100.0,100.0,100.0
canada_prairies,2028,100.0,100.0,100.0,100.0,100.0,100.0,100.0,100.0,100.0,100.0,100.0,100.0
canada_prairies,2029,100.0,100.0,100.0,100.0,100.0,100.0,100.0,100.0,100.0,100.0,100.0,100.0
canada_prairies,2030,100.0,100.0,100.0,100.0,100.0,100.0,100.0,100.0,100.0,100.0,100.0,100.0
canada_prairies,2031,100.0,100.0,100.0,100.0,100.0,100.0,100.0,100.0,100.0,100.0,100.0,100.0
canada_prairies,2032,100.0,100.0,100.0,100.0,100.0,100.0,100.0,100.0,100.0,100.0,100.0,100.0
canada_prairies,2033,100.0,100.0,100.0,100.0,100.0,100.0,100.0,100.0,100.0,100.0,100.0,100.0
canada_prairies,2034,100.0,100.0,100.0,100.0,100.0,100.0,100.0,100.0,100.0,100.0,100.0,100.0
canada_prairies,2035,100.0,100.0,100.0,100.0,100.0,100.0,100.0,100.0,100.0,100.0,100.0,100.0
canada_prairies,2036,100.0,100.0,100.0,100.0,100.0,100.0,100.0,100.0,100.0,100.0,100.0,100.0
canada_prairies,2037,100.0,100.0,100.0,100.0,100.0,100.0,100.0,100.0,100.0,100.0,100.0,100.0
canada_prairies,2038,100.0,100.0,100.0,100.0,100.0,100.0,100.0,100.0,100.0,100.0,100.0,100.0
canada_prairies,2039,100.0,100.0,100.0,100.0,100.0,100.0,100.0,100.0,100.0,100.0,100.0,100.0
canada_prairies,2040,100.0,100.0,100.0,100.0,100.0,100.0,100.0,100.0,100.0,100.0,100.0,100.0
canada_quebec,2027,100.0,100.0,100.0,100.0,100.0,100.0,100.0,100.0,100.0,100.0,100.0,100.0
canada_quebec,2028,100.0,100.0,100.0,100.0,100.0,100.0,100.0,100.0,100.0,100.0,100.0,100.0
canada_quebec,2029,100.0,100.0,100.0,100.0,100.0,100.0,100.0,100.0,100.0,100.0,100.0,100.0
canada_quebec,2030,100.0,100.0,100.0,100.0,100.0,100.0,100.0,100.0,100.0,100.0,100.0,100.0
canada_quebec,2031,100.0,100.0,100.0,100.0,100.0,100.0,100.0,100.0,100.0,100.0,100.0,100.0
canada_quebec,2032,100.0,100.0,100.0,100.0,100.0,100.0,100.0,100.0,100.0,100.0,100.0,100.0
canada_quebec,2033,100.0,100.0,100.0,100.0,100.0,100.0,100.0,100.0,100.0,100.0,100.0,100.0
canada_quebec,2034,100.0,100.0,100.0,100.0,100.0,100.0,100.0,100.0,100.0,100.0,100.0,100.0
canada_quebec,2035,100.0,100.0,100.0,100.0,100.0,100.0,100.0,100.0,100.0,100.0,100.0,100.0
canada_quebec,2036,100.0,100.0,100.0,100.0,100.0,100.0,100.0,100.0,100.0,100.0,100.0,100.0
canada_quebec,2037,100.0,100.0,100.0,100.0,100.0,100.0,100.0,100.0,100.0,100.0,100.0,100.0
canada_quebec,2038,100.0,100.0,100.0,100.0,100.0,100.0,100.0,100.0,100.0,100.0,100.0,100.0
canada_quebec,2039,100.0,100.0,100.0,100.0,100.0,100.0,100.0,100.0,100.0,100.0,100.0,100.0
canada_quebec,2040,100.0,100.0,100.0,100.0,100.0,100.0,100.0,100.0,100.0,100.0,100.0,100.0
china_cc,2027,100.0,100.0,100.0,100.0,100.0,100.0,100.0,100.0,100.0,100.0,100.0,100.0
china_cc,2028,100.0,100.0,100.0,100.0,100.0,100.0,100.0,100.0,100.0,100.0,100.0,100.0
china_cc,2029,100.0,100.0,100.0,100.0,100.0,100.0,100.0,100.0,100.0,100.0,100.0,100.0
china_cc,2030,100.0,100.0,100.0,100.0,100.0,100.0,100.0,100.0,100.0,100.0,100.0,100.0
china_cc,2031,100.0,100.0,100.0,100.0,100.0,100.0,100.0,100.0,100.0,100.0,100.0,100.0
china_cc,2032,100.0,100.0,100.0,100.0,100.0,100.0,100.0,100.0,100.0,100.0,100.0,100.0
china_cc,2033,100.0,100.0,100.0,100.0,100.0,100.0,100.0,100.0,100.0,100.0,100.0,100.0
china_cc,2034,100.0,100.0,100.0,100.0,100.0,100.0,100.0,100.0,100.0,100.0,100.0,100.0
china_cc,2035,100.0,100.0,100.0,100.0,100.0,100.0,100.0,100.0,100.0,100.0,100.0,100.0
china_cc,2036,100.0,100.0,100.0,100.0,100.0,100.0,100.0,100.0,100.0,100.0,100.0,100.0
china_cc,2037,100.0,100.0,100.0,100.0,100.0,100.0,100.0,100.0,100.0,100.0,100.0,100.0
china_cc,2038,100.0,100.0,100.0,100.0,100.0,100.0,100.0,100.0,100.0,100.0,100.0,100.0
china_cc,2039,100.0,100.0,100.0,100.0,100.0,100.0,100.0,100.0,100.0,100.0,100.0,100.0
china_cc,2040,100.0,100.0,100.0,100.0,100.0,100.0,100.0,100.0,100.0,100.0,100.0,100.0
china_csg,2027,100.0,100.0,100.0,100.0,100.0,100.0,100.0,100.0,100.0,100.0,100.0,100.0
china_csg,2028,100.0,100.0,100.0,100.0,100.0,100.0,100.0,100.0,100.0,100.0,100.0,100.0
china_csg,2029,100.0,100.0,100.0,100.0,100.0,100.0,100.0,100.0,100.0,100.0,100.0,100.0
china_csg,2030,100.0,100.0,100.0,100.0,100.0,100.0,100.0,100.0,100.0,100.0,100.0,100.0
china_csg,2031,100.0,100.0,100.0,100.0,100.0,100.0,100.0,100.0,100.0,100.0,100.0,100.0
china_csg,2032,100.0,100.0,100.0,100.0,100.0,100.0,100.0,100.0,100.0,100.0,100.0,100.0
china_csg,2033,100.0,100.0,100.0,100.0,100.0,100.0,100.0,100.0,100.0,100.0,100.0,100.0
china_csg,2034,100.0,100.0,100.0,100.0,100.0,100.0,100.0,100.0,100.0,100.0,100.0,100.0
china_csg,2035,100.0,100.0,100.0,100.0,100.0,100.0,100.0,100.0,100.0,100.0,100.0,100.0
china_csg,2036,100.0,100.0,100.0,100.0,100.0,100.0,100.0,100.0,100.0,100.0,100.0,100.0
china_csg,2037,100.0,100.0,100.0,100.0,100.0,100.0,100.0,100.0,100.0,100.0,100.0,100.0
china_csg,2038,100.0,100.0,100.0,100.0,100.0,100.0,100.0,100.0,100.0,100.0,100.0,100.0
china_csg,2039,100.0,100.0,100.0,100.0,100.0,100.0,100.0,100.0,100.0,100.0,100.0,100.0
china_csg,2040,100.0,100.0,100.0,100.0,100.0,100.0,100.0,100.0,100.0,100.0,100.0,100.0
china_ec,2027,44.25,75.44,70.21,57.48,63.85,67.96,55.31,49.94,44.28,34.53,31.67,30.93
china_ec,2028,32.5,31.79,31.76,34.13,46.05,51.91,55.15,48.24,38.66,32.8,31.44,31.37
china_ec,2029,32.64,38.38,50.02,48.57,57.35,56.47,54.3,49.62,48.7,34.66,39.32,35.7
china_ec,2030,32.1,31.71,36.75,57.0,53.07,52.68,43.95,49.96,42.98,32.22,33.41,30.66
china_ec,2031,32.61,31.88,37.81,39.69,39.02,46.56,42.92,42.69,46.92,41.76,34.33,32.08
china_ec,2032,33.18,37.77,43.02,43.59,47.02,47.88,53.99,57.42,53.36,45.63,42.8,39.99
china_ec,2033,37.15,46.62,68.92,53.3,62.38,62.38,51.39,52.3,64.11,57.29,47.12,35.85
china_ec,2034,53.29,62.4,55.44,62.11,57.37,59.98,59.85,50.92,48.6,36.07,36.84,31.76
china_ec,2035,33.03,35.78,35.52,52.28,56.83,58.46,57.44,47.93,44.93,35.51,34.44,35.58
china_ec,2036,34.55,48.36,57.85,59.4,64.26,63.14,63.57,60.7,51.04,40.57,37.52,38.01
china_ec,2037,41.95,38.28,54.38,68.93,59.92,53.03,49.66,55.03,54.24,42.74,35.58,33.17
china_ec,2038,34.24,36.9,41.53,55.83,59.78,63.59,58.0,57.86,56.82,44.03,41.73,34.48
china_ec,2039,33.84,34.16,39.91,57.27,57.05,61.89,52.23,49.33,52.28,44.1,39.18,31.72
china_ec,2040,32.63,46.96,49.14,54.88,56.73,58.75,50.09,48.99,51.29,36.45,33.14,33.21
china_nc,2027,17.34,12.55,7.73,4.53,4.35,4.89,10.3,12.96,14.43,15.95,18.32,18.44
china_nc,2028,18.16,13.16,8.18,4.44,4.12,4.68,8.78,11.53,13.25,14.92,17.17,18.05
china_nc,2029,17.8,12.65,7.17,4.26,4.14,5.75,10.13,11.88,13.0,14.49,16.41,16.81
china_nc,2030,17.71,16.87,15.54,14.35,12.9,10.14,10.94,13.09,14.78,16.1,18.06,18.59
china_nc,2031,19.34,14.78,9.03,5.67,4.45,6.06,8.59,12.72,13.96,15.5,17.84,18.17
china_nc,2032,18.82,12.32,7.01,5.61,5.64,8.84,13.9,14.61,15.71,17.08,18.64,19.53
china_nc,2033,19.73,18.43,15.96,14.0,11.07,10.75,13.86,15.56,16.89,17.85,19.85,19.86
china_nc,2034,20.38,18.74,16.48,14.96,14.54,14.26,14.8,15.94,16.67,18.49,20.34,19.77
china_nc,2035,20.27,16.31,10.54,7.24,6.56,9.87,13.47,15.68,16.59,17.8,20.06,19.87
china_nc,2036,20.14,15.56,8.97,5.87,5.22,9.2,14.94,15.72,16.52,17.79,19.85,20.42
china_nc,2037,20.43,18.82,16.59,14.32,11.1,13.4,15.5,16.16,16.75,18.13,19.52,19.79
china_nc,2038,20.24,19.01,16.74,14.2,10.22,9.15,15.41,15.93,16.43,17.32,19.57,19.58
china_nc,2039,20.06,17.54,14.18,10.22,6.7,9.48,14.57,15.41,16.49,18.2,19.69,19.75
china_nc,2040,20.3,15.19,9.22,5.44,5.55,10.34,15.23,15.63,16.69,17.9,19.89,20.47
china_ne,2027,100.0,100.0,100.0,100.0,100.0,100.0,100.0,100.0,100.0,100.0,100.0,100.0
china_ne,2028,100.0,100.0,100.0,100.0,100.0,100.0,100.0,100.0,100.0,100.0,100.0,100.0
china_ne,2029,100.0,100.0,100.0,100.0,100.0,100.0,100.0,100.0,100.0,100.0,100.0,100.0
china_ne,2030,100.0,100.0,100.0,100.0,100.0,100.0,100.0,100.0,100.0,100.0,100.0,100.0
china_ne,2031,100.0,100.0,100.0,100.0,100.0,100.0,100.0,100.0,100.0,100.0,100.0,100.0
china_ne,2032,100.0,100.0,100.0,100.0,100.0,100.0,100.0,100.0,100.0,100.0,100.0,100.0
china_ne,2033,100.0,100.0,100.0,100.0,100.0,100.0,100.0,100.0,100.0,100.0,100.0,100.0
china_ne,2034,100.0,100.0,100.0,100.0,100.0,100.0,100.0,100.0,100.0,100.0,100.0,100.0
china_ne,2035,100.0,100.0,100.0,100.0,100.0,100.0,100.0,100.0,100.0,100.0,100.0,100.0
china_ne,2036,100.0,100.0,100.0,100.0,100.0,100.0,100.0,100.0,100.0,100.0,100.0,100.0
china_ne,2037,100.0,100.0,100.0,100.0,100.0,100.0,100.0,100.0,100.0,100.0,100.0,100.0
china_ne,2038,100.0,100.0,100.0,100.0,100.0,100.0,100.0,100.0,100.0,100.0,100.0,100.0
china_ne,2039,100.0,100.0,100.0,100.0,100.0,100.0,100.0,100.0,100.0,100.0,100.0,100.0
china_ne,2040,100.0,100.0,100.0,100.0,100.0,100.0,100.0,100.0,100.0,100.0,100.0,100.0
china_sw,2027,100.0,100.0,100.0,100.0,100.0,100.0,100.0,100.0,100.0,100.0,100.0,100.0
china_sw,2028,100.0,100.0,100.0,100.0,100.0,100.0,100.0,100.0,100.0,100.0,100.0,100.0
china_sw,2029,100.0,100.0,100.0,100.0,100.0,100.0,100.0,100.0,100.0,100.0,100.0,100.0
china_sw,2030,100.0,100.0,100.0,100.0,100.0,100.0,100.0,100.0,100.0,100.0,100.0,100.0
china_sw,2031,100.0,100.0,100.0,100.0,100.0,100.0,100.0,100.0,100.0,100.0,100.0,100.0
china_sw,2032,100.0,100.0,100.0,100.0,100.0,100.0,100.0,100.0,100.0,100.0,100.0,100.0
china_sw,2033,100.0,100.0,100.0,100.0,100.0,100.0,100.0,100.0,100.0,100.0,100.0,100.0
china_sw,2034,100.0,100.0,100.0,100.0,100.0,100.0,100.0,100.0,100.0,100.0,100.0,100.0
china_sw,2035,100.0,100.0,100.0,100.0,100.0,100.0,100.0,100.0,100.0,100.0,100.0,100.0
china_sw,2036,100.0,100.0,100.0,100.0,100.0,100.0,100.0,100.0,100.0,100.0,100.0,100.0
china_sw,2037,100.0,100.0,100.0,100.0,100.0,100.0,100.0,100.0,100.0,100.0,100.0,100.0
china_sw,2038,100.0,100.0,100.0,100.0,100.0,100.0,100.0,100.0,100.0,100.0,100.0,100.0
china_sw,2039,100.0,100.0,100.0,100.0,100.0,100.0,100.0,100.0,100.0,100.0,100.0,100.0
china_sw,2040,100.0,100.0,100.0,100.0,100.0,100.0,100.0,100.0,100.0,100.0,100.0,100.0
latvia,2027,100.0,100.0,100.0,100.0,100.0,100.0,100.0,100.0,100.0,100.0,100.0,100.0
latvia,2028,100.0,100.0,100.0,100.0,100.0,100.0,100.0,100.0,100.0,100.0,100.0,100.0
latvia,2029,100.0,100.0,100.0,100.0,100.0,100.0,100.0,100.0,100.0,100.0,100.0,100.0
latvia,2030,100.0,100.0,100.0,100.0,100.0,100.0,100.0,100.0,100.0,100.0,100.0,100.0
latvia,2031,100.0,100.0,100.0,100.0,100.0,100.0,100.0,100.0,100.0,100.0,100.0,100.0
latvia,2032,100.0,100.0,100.0,100.0,100.0,100.0,100.0,100.0,100.0,100.0,100.0,100.0
latvia,2033,100.0,100.0,100.0,100.0,100.0,100.0,100.0,100.0,100.0,100.0,100.0,100.0
latvia,2034,100.0,100.0,100.0,100.0,100.0,100.0,100.0,100.0,100.0,100.0,100.0,100.0
latvia,2035,100.0,100.0,100.0,100.0,100.0,100.0,100.0,100.0,100.0,100.0,100.0,100.0
latvia,2036,100.0,100.0,100.0,100.0,100.0,100.0,100.0,100.0,100.0,100.0,100.0,100.0
latvia,2037,100.0,100.0,100.0,100.0,100.0,100.0,100.0,100.0,100.0,100.0,100.0,100.0
latvia,2038,100.0,100.0,100.0,100.0,100.0,100.0,100.0,100.0,100.0,100.0,100.0,100.0
latvia,2039,100.0,100.0,100.0,100.0,100.0,100.0,100.0,100.0,100.0,100.0,100.0,100.0
latvia,2040,100.0,100.0,100.0,100.0,100.0,100.0,100.0,100.0,100.0,100.0,100.0,100.0
lithuania,2027,100.0,100.0,100.0,100.0,100.0,100.0,100.0,100.0,100.0,100.0,100.0,100.0
lithuania,2028,100.0,100.0,100.0,100.0,100.0,100.0,100.0,100.0,100.0,100.0,100.0,100.0
lithuania,2029,100.0,100.0,100.0,100.0,100.0,100.0,100.0,100.0,100.0,100.0,100.0,100.0
lithuania,2030,100.0,100.0,100.0,100.0,100.0,100.0,100.0,100.0,100.0,100.0,100.0,100.0
lithuania,2031,100.0,100.0,100.0,100.0,100.0,100.0,100.0,100.0,100.0,100.0,100.0,100.0
lithuania,2032,100.0,100.0,100.0,100.0,100.0,100.0,100.0,100.0,100.0,100.0,100.0,100.0
lithuania,2033,100.0,100.0,100.0,100.0,100.0,100.0,100.0,100.0,100.0,100.0,100.0,100.0
lithuania,2034,100.0,100.0,100.0,100.0,100.0,100.0,100.0,100.0,100.0,100.0,100.0,100.0
lithuania,2035,100.0,100.0,100.0,100.0,100.0,100.0,100.0,100.0,100.0,100.0,100.0,100.0
lithuania,2036,100.0,100.0,100.0,100.0,100.0,100.0,100.0,100.0,100.0,100.0,100.0,100.0
lithuania,2037,100.0,100.0,100.0,100.0,100.0,100.0,100.0,100.0,100.0,100.0,100.0,100.0
lithuania,2038,100.0,100.0,100.0,100.0,100.0,100.0,100.0,100.0,100.0,100.0,100.0,100.0
lithuania,2039,100.0,100.0,100.0,100.0,100.0,100.0,100.0,100.0,100.0,100.0,100.0,100.0
lithuania,2040,100.0,100.0,100.0,100.0,100.0,100.0,100.0,100.0,100.0,100.0,100.0,100.0
austria,2027,100.0,100.0,100.0,100.0,100.0,100.0,100.0,100.0,100.0,100.0,100.0,100.0
austria,2028,100.0,100.0,100.0,100.0,100.0,100.0,100.0,100.0,100.0,100.0,100.0,100.0
austria,2029,100.0,100.0,100.0,100.0,100.0,100.0,100.0,100.0,100.0,100.0,100.0,100.0
austria,2030,100.0,100.0,100.0,100.0,100.0,100.0,100.0,100.0,100.0,100.0,100.0,100.0
austria,2031,100.0,100.0,100.0,100.0,100.0,100.0,100.0,100.0,100.0,100.0,100.0,100.0
austria,2032,100.0,100.0,100.0,100.0,100.0,100.0,100.0,100.0,100.0,100.0,100.0,100.0
austria,2033,100.0,100.0,100.0,100.0,100.0,100.0,100.0,100.0,100.0,100.0,100.0,100.0
austria,2034,100.0,100.0,100.0,100.0,100.0,100.0,100.0,100.0,100.0,100.0,100.0,100.0
austria,2035,100.0,100.0,100.0,100.0,100.0,100.0,100.0,100.0,100.0,100.0,100.0,100.0
austria,2036,100.0,100.0,100.0,100.0,100.0,100.0,100.0,100.0,100.0,100.0,100.0,100.0
austria,2037,100.0,100.0,100.0,100.0,100.0,100.0,100.0,100.0,100.0,100.0,100.0,100.0
austria,2038,100.0,100.0,100.0,100.0,100.0,100.0,100.0,100.0,100.0,100.0,100.0,100.0
austria,2039,100.0,100.0,100.0,100.0,100.0,100.0,100.0,100.0,100.0,100.0,100.0,100.0
austria,2040,100.0,100.0,100.0,100.0,100.0,100.0,100.0,100.0,100.0,100.0,100.0,100.0
germany,2027,63.85,67.34,72.77,76.19,67.45,68.59,59.82,60.64,61.94,62.24,60.34,62.06
germany,2028,61.11,66.29,70.78,68.25,63.51,58.0,56.72,59.35,57.88,62.98,72.65,77.64
germany,2029,71.3,59.63,62.69,64.1,64.24,58.42,57.06,55.48,65.02,65.82,67.72,64.28
germany,2030,72.0,65.87,68.62,70.45,65.96,59.05,56.68,53.04,59.82,55.15,67.28,71.8
germany,2031,59.62,54.8,63.47,65.21,58.12,55.57,53.48,55.43,61.46,62.94,73.1,62.61
germany,2032,63.94,62.52,71.73,66.23,61.41,60.81,56.25,56.15,59.39,59.79,56.66,59.68
germany,2033,66.7,67.09,73.34,64.49,64.49,58.47,55.47,58.9,60.9,61.99,65.97,64.78
germany,2034,74.78,70.12,70.47,70.26,64.56,62.59,59.04,57.05,63.9,61.69,63.25,63.7
germany,2035,67.27,71.03,73.91,72.65,69.77,59.91,58.11,50.63,55.13,63.1,69.26,63.85
germany,2036,64.26,60.27,64.94,75.42,64.03,62.26,58.42,58.08,54.0,59.9,67.7,62.72
germany,2037,63.81,65.61,65.03,63.33,60.31,61.82,61.55,56.26,61.68,61.56,70.07,73.15
germany,2038,68.0,61.98,67.67,70.29,67.17,63.92,56.51,50.3,49.49,53.48,59.18,62.71
germany,2039,72.66,68.72,67.87,64.19,64.04,61.59,54.37,53.31,54.6,53.74,64.21,69.05
germany,2040,72.12,68.83,63.0,57.67,58.73,56.12,53.86,55.71,61.36,59.5,70.0,72.82
hungary,2027,68.5,58.78,74.74,91.86,61.34,49.51,41.85,26.36,18.97,23.61,29.36,41.65
hungary,2028,43.92,44.5,57.82,63.38,45.21,52.68,41.74,30.45,26.2,28.14,59.54,80.94
hungary,2029,91.28,87.95,65.71,53.17,50.94,40.24,32.67,36.33,25.66,19.48,38.78,59.97
hungary,2030,64.22,69.95,72.69,63.16,50.64,42.57,30.91,27.61,20.07,20.45,24.22,40.44
hungary,2031,45.75,43.54,46.03,48.64,47.6,45.62,34.69,24.49,20.71,26.49,34.4,45.24
hungary,2032,50.78,53.52,54.19,51.47,46.08,45.9,33.46,31.96,22.76,21.23,24.19,37.62
hungary,2033,43.46,59.05,54.38,53.56,45.59,42.21,31.0,25.46,20.18,19.91,27.54,38.69
hungary,2034,44.85,59.92,62.43,58.93,52.52,45.98,37.33,26.94,25.12,25.04,28.48,37.83
hungary,2035,50.21,61.91,65.58,55.78,48.95,42.21,36.81,24.52,20.12,23.31,34.82,47.0
hungary,2036,53.21,55.9,44.24,39.9,39.94,37.8,30.73,23.8,20.45,22.95,40.42,53.26
hungary,2037,49.71,55.62,55.6,49.79,42.52,36.42,30.62,27.22,22.23,23.83,30.12,46.95
hungary,2038,64.16,71.11,56.7,57.46,48.62,45.53,36.61,27.4,20.22,21.11,35.13,45.09
hungary,2039,46.92,63.01,60.67,53.64,49.7,45.42,42.53,39.31,30.25,23.96,32.62,51.15
hungary,2040,65.49,73.52,73.24,50.55,35.68,31.96,27.29,21.56,20.66,20.7,30.8,47.05
poland,2027,74.95,88.16,100.0,100.0,99.52,90.27,74.14,52.79,41.22,34.58,36.16,59.57
poland,2028,54.61,84.36,100.0,100.0,87.8,72.91,57.23,61.34,60.8,48.72,60.96,61.25
poland,2029,52.95,66.16,78.25,73.32,60.61,50.73,45.53,41.48,46.35,45.15,65.7,63.04
poland,2030,68.11,93.05,100.0,100.0,92.68,66.23,51.74,46.4,49.63,51.98,67.15,85.55
poland,2031,63.99,90.46,100.0,100.0,85.47,57.66,49.45,40.17,40.9,67.53,72.97,63.21
poland,2032,69.14,85.93,100.0,96.28,64.28,72.03,47.39,50.06,41.8,38.85,38.37,46.16
poland,2033,73.2,89.7,100.0,100.0,79.74,74.09,51.8,45.45,40.02,38.81,47.87,51.93
poland,2034,71.53,84.0,100.0,100.0,100.0,72.66,54.67,69.93,64.11,49.95,52.13,49.98
poland,2035,56.71,80.92,100.0,100.0,89.67,57.3,49.65,37.23,40.05,39.44,52.89,73.69
poland,2036,77.43,60.96,74.59,92.07,90.1,63.63,48.89,46.04,41.62,66.3,75.92,57.51
poland,2037,76.01,100.0,100.0,100.0,84.8,63.78,49.34,41.02,51.19,46.2,48.78,68.17
poland,2038,79.58,71.01,100.0,100.0,84.4,94.94,62.07,43.23,36.42,35.54,42.21,45.08
poland,2039,68.64,90.05,100.0,100.0,90.27,70.44,67.99,45.44,38.0,34.76,38.28,55.11
poland,2040,69.33,75.82,95.76,68.48,55.57,45.82,44.3,41.27,47.22,35.49,51.13,77.26
slovakia,2027,100.0,100.0,100.0,100.0,100.0,100.0,100.0,100.0,100.0,100.0,100.0,100.0
slovakia,2028,100.0,100.0,100.0,100.0,100.0,100.0,100.0,100.0,100.0,100.0,100.0,100.0
slovakia,2029,100.0,100.0,100.0,100.0,100.0,100.0,100.0,100.0,100.0,100.0,100.0,100.0
slovakia,2030,100.0,100.0,100.0,100.0,100.0,100.0,100.0,100.0,100.0,100.0,100.0,100.0
slovakia,2031,100.0,100.0,100.0,100.0,100.0,100.0,100.0,100.0,100.0,100.0,100.0,100.0
slovakia,2032,100.0,100.0,100.0,100.0,100.0,100.0,100.0,100.0,100.0,100.0,100.0,100.0
slovakia,2033,100.0,100.0,100.0,100.0,100.0,100.0,100.0,100.0,100.0,100.0,100.0,100.0
slovakia,2034,100.0,100.0,100.0,100.0,100.0,100.0,100.0,100.0,100.0,100.0,100.0,100.0
slovakia,2035,100.0,100.0,100.0,100.0,100.0,100.0,100.0,100.0,100.0,100.0,100.0,100.0
slovakia,2036,100.0,100.0,100.0,100.0,100.0,100.0,100.0,100.0,100.0,100.0,100.0,100.0
slovakia,2037,100.0,100.0,100.0,100.0,100.0,100.0,100.0,100.0,100.0,100.0,100.0,100.0
slovakia,2038,100.0,100.0,100.0,100.0,100.0,100.0,100.0,100.0,100.0,100.0,100.0,100.0
slovakia,2039,100.0,100.0,100.0,100.0,100.0,100.0,100.0,100.0,100.0,100.0,100.0,100.0
slovakia,2040,100.0,100.0,100.0,100.0,100.0,100.0,100.0,100.0,100.0,100.0,100.0,100.0
slovenia,2027,100.0,100.0,100.0,100.0,100.0,100.0,100.0,100.0,100.0,100.0,100.0,100.0
slovenia,2028,100.0,100.0,100.0,100.0,100.0,100.0,100.0,100.0,100.0,100.0,100.0,100.0
slovenia,2029,100.0,100.0,100.0,100.0,100.0,100.0,100.0,100.0,100.0,100.0,100.0,100.0
slovenia,2030,100.0,100.0,100.0,100.0,100.0,100.0,100.0,100.0,100.0,100.0,100.0,100.0
slovenia,2031,100.0,100.0,100.0,100.0,100.0,100.0,100.0,100.0,100.0,100.0,100.0,100.0
slovenia,2032,100.0,100.0,100.0,100.0,100.0,100.0,100.0,100.0,100.0,100.0,100.0,100.0
slovenia,2033,100.0,100.0,100.0,100.0,100.0,100.0,100.0,100.0,100.0,100.0,100.0,100.0
slovenia,2034,100.0,100.0,100.0,100.0,100.0,100.0,100.0,100.0,100.0,100.0,100.0,100.0
slovenia,2035,100.0,100.0,100.0,100.0,100.0,100.0,100.0,100.0,100.0,100.0,100.0,100.0
slovenia,2036,100.0,100.0,100.0,100.0,100.0,100.0,100.0,100.0,100.0,100.0,100.0,100.0
slovenia,2037,100.0,100.0,100.0,100.0,100.0,100.0,100.0,100.0,100.0,100.0,100.0,100.0
slovenia,2038,100.0,100.0,100.0,100.0,100.0,100.0,100.0,100.0,100.0,100.0,100.0,100.0
slovenia,2039,100.0,100.0,100.0,100.0,100.0,100.0,100.0,100.0,100.0,100.0,100.0,100.0
slovenia,2040,100.0,100.0,100.0,100.0,100.0,100.0,100.0,100.0,100.0,100.0,100.0,100.0
switzerland,2027,100.0,100.0,100.0,100.0,100.0,100.0,100.0,100.0,100.0,100.0,100.0,100.0
switzerland,2028,100.0,100.0,100.0,100.0,100.0,100.0,100.0,100.0,100.0,100.0,100.0,100.0
switzerland,2029,100.0,100.0,100.0,100.0,100.0,100.0,100.0,100.0,100.0,100.0,100.0,100.0
switzerland,2030,100.0,100.0,100.0,100.0,100.0,100.0,100.0,100.0,100.0,100.0,100.0,100.0
switzerland,2031,100.0,100.0,100.0,100.0,100.0,100.0,100.0,100.0,100.0,100.0,100.0,100.0
switzerland,2032,100.0,100.0,100.0,100.0,100.0,100.0,100.0,100.0,100.0,100.0,100.0,100.0
switzerland,2033,100.0,100.0,100.0,100.0,100.0,100.0,100.0,100.0,100.0,100.0,100.0,100.0
switzerland,2034,100.0,100.0,100.0,100.0,100.0,100.0,100.0,100.0,100.0,100.0,100.0,100.0
switzerland,2035,100.0,100.0,100.0,100.0,100.0,100.0,100.0,100.0,100.0,100.0,100.0,100.0
switzerland,2036,100.0,100.0,100.0,100.0,100.0,100.0,100.0,100.0,100.0,100.0,100.0,100.0
switzerland,2037,100.0,100.0,100.0,100.0,100.0,100.0,100.0,100.0,100.0,100.0,100.0,100.0
switzerland,2038,100.0,100.0,100.0,100.0,100.0,100.0,100.0,100.0,100.0,100.0,100.0,100.0
switzerland,2039,100.0,100.0,100.0,100.0,100.0,100.0,100.0,100.0,100.0,100.0,100.0,100.0
switzerland,2040,100.0,100.0,100.0,100.0,100.0,100.0,100.0,100.0,100.0,100.0,100.0,100.0
finland,2027,100.0,100.0,100.0,100.0,100.0,100.0,100.0,100.0,100.0,100.0,100.0,100.0
finland,2028,100.0,100.0,100.0,100.0,100.0,100.0,100.0,100.0,100.0,100.0,100.0,100.0
finland,2029,100.0,100.0,100.0,100.0,100.0,100.0,100.0,100.0,100.0,100.0,100.0,100.0
finland,2030,100.0,100.0,100.0,100.0,100.0,100.0,100.0,100.0,100.0,100.0,100.0,100.0
finland,2031,100.0,100.0,100.0,100.0,100.0,100.0,100.0,100.0,100.0,100.0,100.0,100.0
finland,2032,100.0,100.0,100.0,100.0,100.0,100.0,100.0,100.0,100.0,100.0,100.0,100.0
finland,2033,100.0,100.0,100.0,100.0,100.0,100.0,100.0,100.0,100.0,100.0,100.0,100.0
finland,2034,100.0,100.0,100.0,100.0,100.0,100.0,100.0,100.0,100.0,100.0,100.0,100.0
finland,2035,100.0,100.0,100.0,100.0,100.0,100.0,100.0,100.0,100.0,100.0,100.0,100.0
finland,2036,100.0,100.0,100.0,100.0,100.0,100.0,100.0,100.0,100.0,100.0,100.0,100.0
finland,2037,100.0,100.0,100.0,100.0,100.0,100.0,100.0,100.0,100.0,100.0,100.0,100.0
finland,2038,100.0,100.0,100.0,100.0,100.0,100.0,100.0,100.0,100.0,100.0,100.0,100.0
finland,2039,100.0,100.0,100.0,100.0,100.0,100.0,100.0,100.0,100.0,100.0,100.0,100.0
finland,2040,100.0,100.0,100.0,100.0,100.0,100.0,100.0,100.0,100.0,100.0,100.0,100.0
norway,2027,100.0,100.0,100.0,100.0,100.0,100.0,100.0,100.0,100.0,100.0,100.0,100.0
norway,2028,100.0,100.0,100.0,100.0,100.0,100.0,100.0,100.0,100.0,100.0,100.0,100.0
norway,2029,100.0,100.0,100.0,100.0,100.0,100.0,100.0,100.0,100.0,100.0,100.0,100.0
norway,2030,100.0,100.0,100.0,100.0,100.0,100.0,100.0,100.0,100.0,100.0,100.0,100.0
norway,2031,100.0,100.0,100.0,100.0,100.0,100.0,100.0,100.0,100.0,100.0,100.0,100.0
norway,2032,100.0,100.0,100.0,100.0,100.0,100.0,100.0,100.0,100.0,100.0,100.0,100.0
norway,2033,100.0,100.0,100.0,100.0,100.0,100.0,100.0,100.0,100.0,100.0,100.0,100.0
norway,2034,100.0,100.0,100.0,100.0,100.0,100.0,100.0,100.0,100.0,100.0,100.0,100.0
norway,2035,100.0,100.0,100.0,100.0,100.0,100.0,100.0,100.0,100.0,100.0,100.0,100.0
norway,2036,100.0,100.0,100.0,100.0,100.0,100.0,100.0,100.0,100.0,100.0,100.0,100.0
norway,2037,100.0,100.0,100.0,100.0,100.0,100.0,100.0,100.0,100.0,100.0,100.0,100.0
norway,2038,100.0,100.0,100.0,100.0,100.0,100.0,100.0,100.0,100.0,100.0,100.0,100.0
norway,2039,100.0,100.0,100.0,100.0,100.0,100.0,100.0,100.0,100.0,100.0,100.0,100.0
norway,2040,100.0,100.0,100.0,100.0,100.0,100.0,100.0,100.0,100.0,100.0,100.0,100.0
sweden,2027,100.0,100.0,100.0,100.0,100.0,100.0,100.0,100.0,100.0,100.0,100.0,100.0
sweden,2028,100.0,100.0,100.0,100.0,100.0,100.0,100.0,100.0,100.0,100.0,100.0,100.0
sweden,2029,100.0,100.0,100.0,100.0,100.0,100.0,100.0,100.0,100.0,100.0,100.0,100.0
sweden,2030,100.0,100.0,100.0,100.0,100.0,100.0,100.0,100.0,100.0,100.0,100.0,100.0
sweden,2031,100.0,100.0,100.0,100.0,100.0,100.0,100.0,100.0,100.0,100.0,100.0,100.0
sweden,2032,100.0,100.0,100.0,100.0,100.0,100.0,100.0,100.0,100.0,100.0,100.0,100.0
sweden,2033,100.0,100.0,100.0,100.0,100.0,100.0,100.0,100.0,100.0,100.0,100.0,100.0
sweden,2034,100.0,100.0,100.0,100.0,100.0,100.0,100.0,100.0,100.0,100.0,100.0,100.0
sweden,2035,100.0,100.0,100.0,100.0,100.0,100.0,100.0,100.0,100.0,100.0,100.0,100.0
sweden,2036,100.0,100.0,100.0,100.0,100.0,100.0,100.0,100.0,100.0,100.0,100.0,100.0
sweden,2037,100.0,100.0,100.0,100.0,100.0,100.0,100.0,100.0,100.0,100.0,100.0,100.0
sweden,2038,100.0,100.0,100.0,100.0,100.0,100.0,100.0,100.0,100.0,100.0,100.0,100.0
sweden,2039,100.0,100.0,100.0,100.0,100.0,100.0,100.0,100.0,100.0,100.0,100.0,100.0
sweden,2040,100.0,100.0,100.0,100.0,100.0,100.0,100.0,100.0,100.0,100.0,100.0,100.0
albania,2027,100.0,100.0,100.0,100.0,100.0,100.0,100.0,100.0,100.0,100.0,100.0,100.0
albania,2028,100.0,100.0,100.0,100.0,100.0,100.0,100.0,100.0,100.0,100.0,100.0,100.0
albania,2029,100.0,100.0,100.0,100.0,100.0,100.0,100.0,100.0,100.0,100.0,100.0,100.0
albania,2030,100.0,100.0,100.0,100.0,100.0,100.0,100.0,100.0,100.0,100.0,100.0,100.0
albania,2031,100.0,100.0,100.0,100.0,100.0,100.0,100.0,100.0,100.0,100.0,100.0,100.0
albania,2032,100.0,100.0,100.0,100.0,100.0,100.0,100.0,100.0,100.0,100.0,100.0,100.0
albania,2033,100.0,100.0,100.0,100.0,100.0,100.0,100.0,100.0,100.0,100.0,100.0,100.0
albania,2034,100.0,100.0,100.0,100.0,100.0,100.0,100.0,100.0,100.0,100.0,100.0,100.0
albania,2035,100.0,100.0,100.0,100.0,100.0,100.0,100.0,100.0,100.0,100.0,100.0,100.0
albania,2036,100.0,100.0,100.0,100.0,100.0,100.0,100.0,100.0,100.0,100.0,100.0,100.0
albania,2037,100.0,100.0,100.0,100.0,100.0,100.0,100.0,100.0,100.0,100.0,100.0,100.0
albania,2038,100.0,100.0,100.0,100.0,100.0,100.0,100.0,100.0,100.0,100.0,100.0,100.0
albania,2039,100.0,100.0,100.0,100.0,100.0,100.0,100.0,100.0,100.0,100.0,100.0,100.0
albania,2040,100.0,100.0,100.0,100.0,100.0,100.0,100.0,100.0,100.0,100.0,100.0,100.0
bulgaria,2027,100.0,100.0,100.0,100.0,100.0,100.0,100.0,100.0,100.0,100.0,100.0,100.0
bulgaria,2028,100.0,100.0,100.0,100.0,100.0,100.0,100.0,100.0,100.0,100.0,100.0,100.0
bulgaria,2029,100.0,100.0,100.0,100.0,100.0,100.0,100.0,100.0,100.0,100.0,100.0,100.0
bulgaria,2030,100.0,100.0,100.0,100.0,100.0,100.0,100.0,100.0,100.0,100.0,100.0,100.0
bulgaria,2031,100.0,100.0,100.0,100.0,100.0,100.0,100.0,100.0,100.0,100.0,100.0,100.0
bulgaria,2032,100.0,100.0,100.0,100.0,100.0,100.0,100.0,100.0,100.0,100.0,100.0,100.0
bulgaria,2033,100.0,100.0,100.0,100.0,100.0,100.0,100.0,100.0,100.0,100.0,100.0,100.0
bulgaria,2034,100.0,100.0,100.0,100.0,100.0,100.0,100.0,100.0,100.0,100.0,100.0,100.0
bulgaria,2035,100.0,100.0,100.0,100.0,100.0,100.0,100.0,100.0,100.0,100.0,100.0,100.0
bulgaria,2036,100.0,100.0,100.0,100.0,100.0,100.0,100.0,100.0,100.0,100.0,100.0,100.0
bulgaria,2037,100.0,100.0,100.0,100.0,100.0,100.0,100.0,100.0,100.0,100.0,100.0,100.0
bulgaria,2038,100.0,100.0,100.0,100.0,100.0,100.0,100.0,100.0,100.0,100.0,100.0,100.0
bulgaria,2039,100.0,100.0,100.0,100.0,100.0,100.0,100.0,100.0,100.0,100.0,100.0,100.0
bulgaria,2040,100.0,100.0,100.0,100.0,100.0,100.0,100.0,100.0,100.0,100.0,100.0,100.0
croatia,2027,100.0,100.0,100.0,100.0,100.0,100.0,100.0,100.0,100.0,100.0,100.0,100.0
croatia,2028,100.0,100.0,100.0,100.0,100.0,100.0,100.0,100.0,100.0,100.0,100.0,100.0
croatia,2029,100.0,100.0,100.0,100.0,100.0,100.0,100.0,100.0,100.0,100.0,100.0,100.0
croatia,2030,100.0,100.0,100.0,100.0,100.0,100.0,100.0,100.0,100.0,100.0,100.0,100.0
croatia,2031,100.0,100.0,100.0,100.0,100.0,100.0,100.0,100.0,100.0,100.0,100.0,100.0
croatia,2032,100.0,100.0,100.0,100.0,100.0,100.0,100.0,100.0,100.0,100.0,100.0,100.0
croatia,2033,100.0,100.0,100.0,100.0,100.0,100.0,100.0,100.0,100.0,100.0,100.0,100.0
croatia,2034,100.0,100.0,100.0,100.0,100.0,100.0,100.0,100.0,100.0,100.0,100.0,100.0
croatia,2035,100.0,100.0,100.0,100.0,100.0,100.0,100.0,100.0,100.0,100.0,100.0,100.0
croatia,2036,100.0,100.0,100.0,100.0,100.0,100.0,100.0,100.0,100.0,100.0,100.0,100.0
croatia,2037,100.0,100.0,100.0,100.0,100.0,100.0,100.0,100.0,100.0,100.0,100.0,100.0
croatia,2038,100.0,100.0,100.0,100.0,100.0,100.0,100.0,100.0,100.0,100.0,100.0,100.0
croatia,2039,100.0,100.0,100.0,100.0,100.0,100.0,100.0,100.0,100.0,100.0,100.0,100.0
croatia,2040,100.0,100.0,100.0,100.0,100.0,100.0,100.0,100.0,100.0,100.0,100.0,100.0
greece,2027,100.0,100.0,100.0,100.0,100.0,100.0,100.0,100.0,100.0,100.0,100.0,100.0
greece,2028,100.0,100.0,100.0,100.0,100.0,100.0,100.0,100.0,100.0,100.0,100.0,100.0
greece,2029,100.0,100.0,100.0,100.0,100.0,100.0,100.0,100.0,100.0,100.0,100.0,100.0
greece,2030,100.0,100.0,100.0,100.0,100.0,100.0,100.0,100.0,100.0,100.0,100.0,100.0
greece,2031,100.0,100.0,100.0,100.0,100.0,100.0,100.0,100.0,100.0,100.0,100.0,100.0
greece,2032,100.0,100.0,100.0,100.0,100.0,100.0,100.0,100.0,100.0,100.0,100.0,100.0
greece,2033,100.0,100.0,100.0,100.0,100.0,100.0,100.0,100.0,100.0,100.0,100.0,100.0
greece,2034,100.0,100.0,100.0,100.0,100.0,100.0,100.0,100.0,100.0,100.0,100.0,100.0
greece,2035,100.0,100.0,100.0,100.0,100.0,100.0,100.0,100.0,100.0,100.0,100.0,100.0
greece,2036,100.0,100.0,100.0,100.0,100.0,100.0,100.0,100.0,100.0,100.0,100.0,100.0
greece,2037,100.0,100.0,100.0,100.0,100.0,100.0,100.0,100.0,100.0,100.0,100.0,100.0
greece,2038,100.0,100.0,100.0,100.0,100.0,100.0,100.0,100.0,100.0,100.0,100.0,100.0
greece,2039,100.0,100.0,100.0,100.0,100.0,100.0,100.0,100.0,100.0,100.0,100.0,100.0
greece,2040,100.0,100.0,100.0,100.0,100.0,100.0,100.0,100.0,100.0,100.0,100.0,100.0
italy,2027,100.0,100.0,100.0,100.0,100.0,100.0,100.0,100.0,100.0,100.0,100.0,100.0
italy,2028,100.0,100.0,100.0,100.0,100.0,100.0,100.0,100.0,100.0,100.0,100.0,100.0
italy,2029,100.0,100.0,100.0,100.0,100.0,100.0,100.0,100.0,100.0,100.0,100.0,100.0
italy,2030,100.0,100.0,100.0,100.0,100.0,100.0,100.0,100.0,100.0,100.0,100.0,100.0
italy,2031,100.0,100.0,100.0,100.0,100.0,100.0,100.0,100.0,100.0,100.0,100.0,100.0
italy,2032,100.0,100.0,100.0,100.0,100.0,100.0,100.0,100.0,100.0,100.0,100.0,100.0
italy,2033,100.0,100.0,100.0,100.0,100.0,100.0,100.0,100.0,100.0,100.0,100.0,100.0
italy,2034,100.0,100.0,100.0,100.0,100.0,100.0,100.0,100.0,100.0,100.0,100.0,100.0
italy,2035,100.0,100.0,100.0,100.0,100.0,100.0,100.0,100.0,100.0,100.0,100.0,100.0
italy,2036,100.0,100.0,100.0,100.0,100.0,100.0,100.0,100.0,100.0,100.0,100.0,100.0
italy,2037,100.0,100.0,100.0,100.0,100.0,100.0,100.0,100.0,100.0,100.0,100.0,100.0
italy,2038,100.0,100.0,100.0,100.0,100.0,100.0,100.0,100.0,100.0,100.0,100.0,100.0
italy,2039,100.0,100.0,100.0,100.0,100.0,100.0,100.0,100.0,100.0,100.0,100.0,100.0
italy,2040,100.0,100.0,100.0,100.0,100.0,100.0,100.0,100.0,100.0,100.0,100.0,100.0
north_macedonia,2027,100.0,100.0,100.0,100.0,100.0,100.0,100.0,100.0,100.0,100.0,100.0,100.0
north_macedonia,2028,100.0,100.0,100.0,100.0,100.0,100.0,100.0,100.0,100.0,100.0,100.0,100.0
north_macedonia,2029,100.0,100.0,100.0,100.0,100.0,100.0,100.0,100.0,100.0,100.0,100.0,100.0
north_macedonia,2030,100.0,100.0,100.0,100.0,100.0,100.0,100.0,100.0,100.0,100.0,100.0,100.0
north_macedonia,2031,100.0,100.0,100.0,100.0,100.0,100.0,100.0,100.0,100.0,100.0,100.0,100.0
north_macedonia,2032,100.0,100.0,100.0,100.0,100.0,100.0,100.0,100.0,100.0,100.0,100.0,100.0
north_macedonia,2033,100.0,100.0,100.0,100.0,100.0,100.0,100.0,100.0,100.0,100.0,100.0,100.0
north_macedonia,2034,100.0,100.0,100.0,100.0,100.0,100.0,100.0,100.0,100.0,100.0,100.0,100.0
north_macedonia,2035,100.0,100.0,100.0,100.0,100.0,100.0,100.0,100.0,100.0,100.0,100.0,100.0
north_macedonia,2036,100.0,100.0,100.0,100.0,100.0,100.0,100.0,100.0,100.0,100.0,100.0,100.0
north_macedonia,2037,100.0,100.0,100.0,100.0,100.0,100.0,100.0,100.0,100.0,100.0,100.0,100.0
north_macedonia,2038,100.0,100.0,100.0,100.0,100.0,100.0,100.0,100.0,100.0,100.0,100.0,100.0
north_macedonia,2039,100.0,100.0,100.0,100.0,100.0,100.0,100.0,100.0,100.0,100.0,100.0,100.0
north_macedonia,2040,100.0,100.0,100.0,100.0,100.0,100.0,100.0,100.0,100.0,100.0,100.0,100.0
portugal,2027,100.0,100.0,100.0,100.0,100.0,100.0,100.0,100.0,100.0,100.0,100.0,100.0
portugal,2028,100.0,100.0,100.0,100.0,100.0,100.0,100.0,100.0,100.0,100.0,100.0,100.0
portugal,2029,100.0,100.0,100.0,100.0,100.0,100.0,100.0,100.0,100.0,100.0,100.0,100.0
portugal,2030,100.0,100.0,100.0,100.0,100.0,100.0,100.0,100.0,100.0,100.0,100.0,100.0
portugal,2031,100.0,100.0,100.0,100.0,100.0,100.0,100.0,100.0,100.0,100.0,100.0,100.0
portugal,2032,100.0,100.0,100.0,100.0,100.0,100.0,100.0,100.0,100.0,100.0,100.0,100.0
portugal,2033,100.0,100.0,100.0,100.0,100.0,100.0,100.0,100.0,100.0,100.0,100.0,100.0
portugal,2034,100.0,100.0,100.0,100.0,100.0,100.0,100.0,100.0,100.0,100.0,100.0,100.0
portugal,2035,100.0,100.0,100.0,100.0,100.0,100.0,100.0,100.0,100.0,100.0,100.0,100.0
portugal,2036,100.0,100.0,100.0,100.0,100.0,100.0,100.0,100.0,100.0,100.0,100.0,100.0
portugal,2037,100.0,100.0,100.0,100.0,100.0,100.0,100.0,100.0,100.0,100.0,100.0,100.0
portugal,2038,100.0,100.0,100.0,100.0,100.0,100.0,100.0,100.0,100.0,100.0,100.0,100.0
portugal,2039,100.0,100.0,100.0,100.0,100.0,100.0,100.0,100.0,100.0,100.0,100.0,100.0
portugal,2040,100.0,100.0,100.0,100.0,100.0,100.0,100.0,100.0,100.0,100.0,100.0,100.0
romania,2027,100.0,100.0,100.0,100.0,100.0,100.0,100.0,100.0,100.0,100.0,100.0,100.0
romania,2028,100.0,100.0,100.0,100.0,100.0,100.0,100.0,100.0,100.0,100.0,100.0,100.0
romania,2029,100.0,100.0,100.0,100.0,100.0,100.0,100.0,100.0,100.0,100.0,100.0,100.0
romania,2030,100.0,100.0,100.0,100.0,100.0,100.0,100.0,100.0,100.0,100.0,100.0,100.0
romania,2031,100.0,100.0,100.0,100.0,100.0,100.0,100.0,100.0,100.0,100.0,100.0,100.0
romania,2032,100.0,100.0,100.0,100.0,100.0,100.0,100.0,100.0,100.0,100.0,100.0,100.0
romania,2033,100.0,100.0,100.0,100.0,100.0,100.0,100.0,100.0,100.0,100.0,100.0,100.0
romania,2034,100.0,100.0,100.0,100.0,100.0,100.0,100.0,100.0,100.0,100.0,100.0,100.0
romania,2035,100.0,100.0,100.0,100.0,100.0,100.0,100.0,100.0,100.0,100.0,100.0,100.0
romania,2036,100.0,100.0,100.0,100.0,100.0,100.0,100.0,100.0,100.0,100.0,100.0,100.0
romania,2037,100.0,100.0,100.0,100.0,100.0,100.0,100.0,100.0,100.0,100.0,100.0,100.0
romania,2038,100.0,100.0,100.0,100.0,100.0,100.0,100.0,100.0,100.0,100.0,100.0,100.0
romania,2039,100.0,100.0,100.0,100.0,100.0,100.0,100.0,100.0,100.0,100.0,100.0,100.0
romania,2040,100.0,100.0,100.0,100.0,100.0,100.0,100.0,100.0,100.0,100.0,100.0,100.0
serbia,2027,100.0,100.0,100.0,100.0,100.0,100.0,100.0,100.0,100.0,100.0,100.0,100.0
serbia,2028,100.0,100.0,100.0,100.0,100.0,100.0,100.0,100.0,100.0,100.0,100.0,100.0
serbia,2029,100.0,100.0,100.0,100.0,100.0,100.0,100.0,100.0,100.0,100.0,100.0,100.0
serbia,2030,100.0,100.0,100.0,100.0,100.0,100.0,100.0,100.0,100.0,100.0,100.0,100.0
serbia,2031,100.0,100.0,100.0,100.0,100.0,100.0,100.0,100.0,100.0,100.0,100.0,100.0
serbia,2032,100.0,100.0,100.0,100.0,100.0,100.0,100.0,100.0,100.0,100.0,100.0,100.0
serbia,2033,100.0,100.0,100.0,100.0,100.0,100.0,100.0,100.0,100.0,100.0,100.0,100.0
serbia,2034,100.0,100.0,100.0,100.0,100.0,100.0,100.0,100.0,100.0,100.0,100.0,100.0
serbia,2035,100.0,100.0,100.0,100.0,100.0,100.0,100.0,100.0,100.0,100.0,100.0,100.0
serbia,2036,100.0,100.0,100.0,100.0,100.0,100.0,100.0,100.0,100.0,100.0,100.0,100.0
serbia,2037,100.0,100.0,100.0,100.0,100.0,100.0,100.0,100.0,100.0,100.0,100.0,100.0
serbia,2038,100.0,100.0,100.0,100.0,100.0,100.0,100.0,100.0,100.0,100.0,100.0,100.0
serbia,2039,100.0,100.0,100.0,100.0,100.0,100.0,100.0,100.0,100.0,100.0,100.0,100.0
serbia,2040,100.0,100.0,100.0,100.0,100.0,100.0,100.0,100.0,100.0,100.0,100.0,100.0
spain,2027,100.0,100.0,100.0,100.0,100.0,100.0,100.0,100.0,100.0,100.0,100.0,100.0
spain,2028,100.0,100.0,100.0,100.0,100.0,100.0,100.0,100.0,100.0,100.0,100.0,100.0
spain,2029,100.0,100.0,100.0,100.0,100.0,100.0,100.0,100.0,100.0,100.0,100.0,100.0
spain,2030,100.0,100.0,100.0,100.0,100.0,100.0,100.0,100.0,100.0,100.0,100.0,100.0
spain,2031,100.0,100.0,100.0,100.0,100.0,100.0,100.0,100.0,100.0,100.0,100.0,100.0
spain,2032,100.0,100.0,100.0,100.0,100.0,100.0,100.0,100.0,100.0,100.0,100.0,100.0
spain,2033,100.0,100.0,100.0,100.0,100.0,100.0,100.0,100.0,100.0,100.0,100.0,100.0
spain,2034,100.0,100.0,100.0,100.0,100.0,100.0,100.0,100.0,100.0,100.0,100.0,100.0
spain,2035,100.0,100.0,100.0,100.0,100.0,100.0,100.0,100.0,100.0,100.0,100.0,100.0
spain,2036,100.0,100.0,100.0,100.0,100.0,100.0,100.0,100.0,100.0,100.0,100.0,100.0
spain,2037,100.0,100.0,100.0,100.0,100.0,100.0,100.0,100.0,100.0,100.0,100.0,100.0
spain,2038,100.0,100.0,100.0,100.0,100.0,100.0,100.0,100.0,100.0,100.0,100.0,100.0
spain,2039,100.0,100.0,100.0,100.0,100.0,100.0,100.0,100.0,100.0,100.0,100.0,100.0
spain,2040,100.0,100.0,100.0,100.0,100.0,100.0,100.0,100.0,100.0,100.0,100.0,100.0
belgium,2027,20.05,27.97,28.72,26.52,19.68,14.88,13.94,12.44,11.43,24.11,28.48,26.86
belgium,2028,35.33,36.37,32.78,23.25,17.49,12.27,11.0,8.71,7.15,6.53,6.57,23.89
belgium,2029,34.72,33.7,26.55,22.93,15.88,10.15,8.81,7.07,12.35,16.21,10.94,17.4
belgium,2030,35.44,36.68,34.12,29.01,22.51,14.62,11.69,8.55,8.72,6.98,14.99,22.14
belgium,2031,24.98,21.33,25.76,26.53,17.65,10.95,9.29,12.06,10.8,8.82,16.24,15.74
belgium,2032,32.79,35.0,27.79,17.96,13.18,12.35,10.47,8.85,9.41,8.71,9.03,18.61
belgium,2033,29.7,34.92,31.48,22.89,18.18,12.93,9.61,7.99,9.33,7.52,13.11,18.74
belgium,2034,34.95,35.28,31.77,25.28,19.84,17.22,13.59,12.55,9.53,10.69,22.76,33.6
belgium,2035,36.03,36.4,36.12,28.57,20.08,12.68,11.93,7.46,10.09,6.95,12.37,21.33
belgium,2036,33.4,33.27,30.3,28.52,18.8,14.32,8.48,8.4,6.84,9.36,11.78,18.68
belgium,2037,25.03,29.76,27.29,18.65,16.07,12.63,10.58,7.28,12.62,11.08,16.72,31.44
belgium,2038,35.41,35.49,34.51,30.28,24.64,19.98,10.78,7.35,6.06,8.34,12.63,15.01
belgium,2039,30.82,35.28,32.43,26.0,17.44,11.48,8.96,7.18,6.22,9.28,12.6,28.27
belgium,2040,32.98,34.64,28.98,20.33,11.89,9.15,11.94,7.99,11.95,11.37,21.28,24.78
france,2027,100.0,100.0,100.0,100.0,100.0,100.0,100.0,100.0,100.0,100.0,100.0,100.0
france,2028,100.0,100.0,100.0,100.0,100.0,100.0,100.0,100.0,100.0,100.0,100.0,100.0
france,2029,100.0,100.0,100.0,100.0,100.0,100.0,100.0,100.0,100.0,100.0,100.0,100.0
france,2030,100.0,100.0,100.0,100.0,100.0,100.0,100.0,100.0,100.0,100.0,100.0,100.0
france,2031,100.0,100.0,100.0,100.0,100.0,100.0,100.0,100.0,100.0,100.0,100.0,100.0
france,2032,100.0,100.0,100.0,100.0,100.0,100.0,100.0,100.0,100.0,100.0,100.0,100.0
france,2033,100.0,100.0,100.0,100.0,100.0,100.0,100.0,100.0,100.0,100.0,100.0,100.0
france,2034,100.0,100.0,100.0,100.0,100.0,100.0,100.0,100.0,100.0,100.0,100.0,100.0
france,2035,100.0,100.0,100.0,100.0,100.0,100.0,100.0,100.0,100.0,100.0,100.0,100.0
france,2036,100.0,100.0,100.0,100.0,100.0,100.0,100.0,100.0,100.0,100.0,100.0,100.0
france,2037,100.0,100.0,100.0,100.0,100.0,100.0,100.0,100.0,100.0,100.0,100.0,100.0
france,2038,100.0,100.0,100.0,100.0,100.0,100.0,100.0,100.0,100.0,100.0,100.0,100.0
france,2039,100.0,100.0,100.0,100.0,100.0,100.0,100.0,100.0,100.0,100.0,100.0,100.0
france,2040,100.0,100.0,100.0,100.0,100.0,100.0,100.0,100.0,100.0,100.0,100.0,100.0
ireland,2027,11.08,11.7,11.4,10.64,10.98,10.48,9.66,9.88,10.74,10.92,11.15,11.38
ireland,2028,11.65,11.54,11.38,10.78,10.61,9.93,10.03,10.31,10.29,10.9,11.08,12.06
ireland,2029,11.62,11.17,11.35,10.69,10.43,10.22,9.47,9.96,10.48,11.59,10.57,10.59
ireland,2030,11.97,11.77,11.01,10.94,11.04,10.64,10.08,10.18,10.67,10.34,11.59,10.99
ireland,2031,10.66,10.41,11.39,10.84,7.7,6.64,2.96,3.12,5.54,8.79,11.72,11.94
ireland,2032,13.09,10.98,10.06,7.8,3.97,2.85,2.18,1.73,2.29,8.06,11.29,10.93
ireland,2033,12.91,12.92,11.67,7.37,3.85,2.84,1.98,2.26,1.56,2.41,8.11,10.5
ireland,2034,9.46,9.38,9.68,6.97,5.24,3.16,2.02,1.79,1.93,5.76,11.69,12.11
ireland,2035,12.32,12.36,11.25,8.84,4.01,2.39,2.57,1.58,3.25,2.81,7.07,10.33
ireland,2036,11.3,10.45,8.56,6.36,2.22,1.86,1.5,2.36,4.19,7.13,11.25,12.06
ireland,2037,12.16,11.63,10.55,7.64,4.46,2.7,1.71,1.86,3.04,7.52,9.67,11.08
ireland,2038,11.15,11.92,10.65,7.11,3.85,3.14,2.16,3.37,4.3,9.05,7.9,10.48
ireland,2039,12.73,11.67,10.88,7.68,3.33,1.81,1.84,3.02,1.99,5.12,8.0,8.77
ireland,2040,7.9,9.64,7.58,4.87,1.98,1.24,1.62,2.49,3.15,5.56,11.55,11.22
luxembourg,2027,0.0,0.0,0.0,0.0,0.0,0.0,0.0,0.0,0.0,0.0,0.0,0.0
luxembourg,2028,0.0,0.0,0.0,0.0,0.0,0.0,0.0,0.0,0.0,0.0,0.0,0.0
luxembourg,2029,0.0,0.0,0.0,0.0,0.0,0.0,0.0,0.0,0.0,0.0,0.0,0.0
luxembourg,2030,0.0,0.0,0.0,0.0,0.0,0.0,0.0,0.0,0.0,0.0,0.0,0.0
luxembourg,2031,0.0,0.0,0.0,0.0,0.0,0.0,0.0,0.0,0.0,0.0,0.0,0.0
luxembourg,2032,0.0,0.0,0.0,0.0,0.0,0.0,0.0,0.0,0.0,0.0,0.0,0.0
luxembourg,2033,0.0,0.0,0.0,0.0,0.0,0.0,0.0,0.0,0.0,0.0,0.0,0.0
luxembourg,2034,0.0,0.0,0.0,0.0,0.0,0.0,0.0,0.0,0.0,0.0,0.0,0.0
luxembourg,2035,0.0,0.0,0.0,0.0,0.0,0.0,0.0,0.0,0.0,0.0,0.0,0.0
luxembourg,2036,0.0,0.0,0.0,0.0,0.0,0.0,0.0,0.0,0.0,0.0,0.0,0.0
luxembourg,2037,0.0,0.0,0.0,0.0,0.0,0.0,0.0,0.0,0.0,0.0,0.0,0.0
luxembourg,2038,0.0,0.0,0.0,0.0,0.0,0.0,0.0,0.0,0.0,0.0,0.0,0.0
luxembourg,2039,0.0,0.0,0.0,0.0,0.0,0.0,0.0,0.0,0.0,0.0,0.0,0.0
luxembourg,2040,0.0,0.0,0.0,0.0,0.0,0.0,0.0,0.0,0.0,0.0,0.0,0.0
united_kingdom,2027,9.47,14.24,13.17,9.8,10.42,6.57,3.91,3.91,5.67,8.79,10.21,11.09
united_kingdom,2028,11.48,14.7,14.28,12.17,8.68,6.69,3.54,3.66,4.5,6.18,6.78,10.74
united_kingdom,2029,12.3,12.95,13.96,12.09,8.98,5.9,3.05,3.86,5.15,9.27,9.34,9.97
united_kingdom,2030,11.36,12.54,11.9,10.36,10.28,7.57,4.59,4.52,7.0,6.69,13.1,13.27
united_kingdom,2031,14.51,14.34,14.51,11.88,8.27,5.27,3.72,3.95,6.52,12.81,14.59,14.15
united_kingdom,2032,13.81,8.54,10.26,10.25,9.07,5.63,4.33,3.39,5.14,10.07,12.69,14.43
united_kingdom,2033,15.16,14.81,14.14,10.85,9.28,7.16,5.37,3.78,4.96,6.75,11.89,13.67
united_kingdom,2034,12.91,9.68,11.19,11.12,8.62,5.01,4.47,4.28,4.51,10.07,12.56,14.35
united_kingdom,2035,15.37,13.67,12.95,11.32,9.75,6.23,5.6,2.94,5.3,5.74,7.56,9.86
united_kingdom,2036,10.48,8.7,10.49,10.94,7.97,6.34,4.35,4.83,8.5,11.16,12.38,13.4
united_kingdom,2037,12.23,10.76,12.21,11.47,8.48,6.26,3.89,3.66,5.11,10.88,12.49,13.22
united_kingdom,2038,14.36,13.29,13.28,11.71,9.1,5.32,3.37,5.35,8.69,12.18,12.59,12.04
united_kingdom,2039,11.2,12.15,13.71,11.29,8.36,6.27,4.46,5.37,5.75,10.2,11.58,8.69
united_kingdom,2040,7.34,11.83,11.08,9.45,8.14,6.17,4.87,5.69,6.36,10.38,14.3,14.94
india_east,2027,100.0,100.0,100.0,100.0,100.0,100.0,100.0,100.0,100.0,100.0,100.0,100.0
india_east,2028,100.0,100.0,100.0,100.0,100.0,100.0,100.0,100.0,100.0,100.0,100.0,100.0
india_east,2029,100.0,100.0,100.0,100.0,100.0,100.0,100.0,100.0,100.0,100.0,100.0,100.0
india_east,2030,100.0,100.0,100.0,100.0,100.0,100.0,100.0,100.0,100.0,100.0,100.0,100.0
india_east,2031,100.0,100.0,100.0,100.0,100.0,100.0,100.0,100.0,100.0,100.0,100.0,100.0
india_east,2032,100.0,100.0,100.0,100.0,100.0,100.0,100.0,100.0,100.0,100.0,100.0,100.0
india_east,2033,100.0,100.0,100.0,100.0,100.0,100.0,100.0,100.0,100.0,100.0,100.0,100.0
india_east,2034,100.0,100.0,100.0,100.0,100.0,100.0,100.0,100.0,100.0,100.0,100.0,100.0
india_east,2035,100.0,100.0,100.0,100.0,100.0,100.0,100.0,100.0,100.0,100.0,100.0,100.0
india_east,2036,100.0,100.0,100.0,100.0,100.0,100.0,100.0,100.0,100.0,100.0,100.0,100.0
india_east,2037,100.0,100.0,100.0,100.0,100.0,100.0,100.0,100.0,100.0,100.0,100.0,100.0
india_east,2038,100.0,100.0,100.0,100.0,100.0,100.0,100.0,100.0,100.0,100.0,100.0,100.0
india_east,2039,100.0,100.0,100.0,100.0,100.0,100.0,100.0,100.0,100.0,100.0,100.0,100.0
india_east,2040,100.0,100.0,100.0,100.0,100.0,100.0,100.0,100.0,100.0,100.0,100.0,100.0
india_north,2027,100.0,100.0,100.0,100.0,100.0,100.0,100.0,100.0,100.0,100.0,100.0,100.0
india_north,2028,100.0,100.0,100.0,100.0,100.0,100.0,100.0,100.0,100.0,100.0,100.0,100.0
india_north,2029,100.0,100.0,100.0,100.0,100.0,100.0,100.0,100.0,100.0,100.0,100.0,100.0
india_north,2030,100.0,100.0,100.0,100.0,100.0,100.0,100.0,100.0,100.0,100.0,100.0,100.0
india_north,2031,100.0,100.0,100.0,100.0,100.0,100.0,100.0,100.0,100.0,100.0,100.0,100.0
india_north,2032,100.0,100.0,100.0,100.0,100.0,100.0,100.0,100.0,100.0,100.0,100.0,100.0
india_north,2033,100.0,100.0,100.0,100.0,100.0,100.0,100.0,100.0,100.0,100.0,100.0,100.0
india_north,2034,100.0,100.0,100.0,100.0,100.0,100.0,100.0,100.0,100.0,100.0,100.0,100.0
india_north,2035,100.0,100.0,100.0,100.0,100.0,100.0,100.0,100.0,100.0,100.0,100.0,100.0
india_north,2036,100.0,100.0,100.0,100.0,100.0,100.0,100.0,100.0,100.0,100.0,100.0,100.0
india_north,2037,100.0,100.0,100.0,100.0,100.0,100.0,100.0,100.0,100.0,100.0,100.0,100.0
india_north,2038,100.0,100.0,100.0,100.0,100.0,100.0,100.0,100.0,100.0,100.0,100.0,100.0
india_north,2039,100.0,100.0,100.0,100.0,100.0,100.0,100.0,100.0,100.0,100.0,100.0,100.0
india_north,2040,100.0,100.0,100.0,100.0,100.0,100.0,100.0,100.0,100.0,100.0,100.0,100.0
india_south,2027,100.0,100.0,100.0,100.0,100.0,100.0,100.0,100.0,100.0,100.0,100.0,100.0
india_south,2028,100.0,100.0,100.0,100.0,100.0,100.0,100.0,100.0,100.0,100.0,100.0,100.0
india_south,2029,100.0,100.0,100.0,100.0,100.0,100.0,100.0,100.0,100.0,100.0,100.0,100.0
india_south,2030,100.0,100.0,100.0,100.0,100.0,100.0,100.0,100.0,100.0,100.0,100.0,100.0
india_south,2031,100.0,100.0,100.0,100.0,100.0,100.0,100.0,100.0,100.0,100.0,100.0,100.0
india_south,2032,100.0,100.0,100.0,100.0,100.0,100.0,100.0,100.0,100.0,100.0,100.0,100.0
india_south,2033,100.0,100.0,100.0,100.0,100.0,100.0,100.0,100.0,100.0,100.0,100.0,100.0
india_south,2034,100.0,100.0,100.0,100.0,100.0,100.0,100.0,100.0,100.0,100.0,100.0,100.0
india_south,2035,100.0,100.0,100.0,100.0,100.0,100.0,100.0,100.0,100.0,100.0,100.0,100.0
india_south,2036,100.0,100.0,100.0,100.0,100.0,100.0,100.0,100.0,100.0,100.0,100.0,100.0
india_south,2037,100.0,100.0,100.0,100.0,100.0,100.0,100.0,100.0,100.0,100.0,100.0,100.0
india_south,2038,100.0,100.0,100.0,100.0,100.0,100.0,100.0,100.0,100.0,100.0,100.0,100.0
india_south,2039,100.0,100.0,100.0,100.0,100.0,100.0,100.0,100.0,100.0,100.0,100.0,100.0
india_south,2040,100.0,100.0,100.0,100.0,100.0,100.0,100.0,100.0,100.0,100.0,100.0,100.0
india_west,2027,47.22,37.0,34.44,33.18,33.59,38.07,89.95,100.0,100.0,100.0,58.33,39.6
india_west,2028,35.56,34.11,33.29,33.05,35.71,38.82,73.86,100.0,100.0,100.0,71.76,46.13
india_west,2029,35.62,33.9,33.08,32.9,33.78,47.56,100.0,100.0,100.0,100.0,78.19,48.24
india_west,2030,40.4,36.07,34.34,33.29,34.02,38.2,100.0,100.0,100.0,100.0,80.39,46.94
india_west,2031,40.55,35.9,33.97,33.72,34.03,41.39,82.08,83.49,94.73,63.43,41.81,34.22
india_west,2032,34.07,33.81,33.38,33.18,33.74,38.83,44.22,86.44,100.0,75.03,57.02,38.23
india_west,2033,34.68,33.79,33.73,33.74,34.12,39.47,76.2,100.0,100.0,100.0,63.99,44.38
india_west,2034,38.5,35.74,34.51,34.36,35.27,41.51,70.68,100.0,100.0,98.35,57.78,43.45
india_west,2035,36.74,34.39,33.56,34.61,34.55,37.32,100.0,100.0,100.0,100.0,85.8,49.54
india_west,2036,40.41,36.33,33.97,33.48,33.63,40.23,98.51,100.0,100.0,100.0,69.03,48.4
india_west,2037,39.14,35.63,34.11,34.96,33.94,37.9,85.5,100.0,100.0,100.0,55.48,40.23
india_west,2038,36.08,34.66,33.68,33.23,34.98,41.92,75.9,100.0,100.0,100.0,69.01,46.55
india_west,2039,39.64,36.1,34.29,33.27,34.22,37.23,96.45,100.0,100.0,100.0,64.81,44.42
india_west,2040,39.81,35.25,33.53,33.31,33.4,37.52,73.96,100.0,83.08,56.65,40.53,37.17
argentina,2027,100.0,100.0,100.0,100.0,100.0,100.0,100.0,100.0,100.0,100.0,100.0,100.0
argentina,2028,100.0,100.0,100.0,100.0,100.0,100.0,100.0,100.0,100.0,100.0,100.0,100.0
argentina,2029,100.0,100.0,100.0,100.0,100.0,100.0,100.0,100.0,100.0,100.0,100.0,100.0
argentina,2030,100.0,100.0,100.0,100.0,100.0,100.0,100.0,100.0,100.0,100.0,100.0,100.0
argentina,2031,100.0,100.0,100.0,100.0,100.0,100.0,100.0,100.0,100.0,100.0,100.0,100.0
argentina,2032,100.0,100.0,100.0,100.0,100.0,100.0,100.0,100.0,100.0,100.0,100.0,100.0
argentina,2033,100.0,100.0,100.0,100.0,100.0,100.0,100.0,100.0,100.0,100.0,100.0,100.0
argentina,2034,100.0,100.0,100.0,100.0,100.0,100.0,100.0,100.0,100.0,100.0,100.0,100.0
argentina,2035,100.0,100.0,100.0,100.0,100.0,100.0,100.0,100.0,100.0,100.0,100.0,100.0
argentina,2036,100.0,100.0,100.0,100.0,100.0,100.0,100.0,100.0,100.0,100.0,100.0,100.0
argentina,2037,100.0,100.0,100.0,100.0,100.0,100.0,100.0,100.0,100.0,100.0,100.0,100.0
argentina,2038,100.0,100.0,100.0,100.0,100.0,100.0,100.0,100.0,100.0,100.0,100.0,100.0
argentina,2039,100.0,100.0,100.0,100.0,100.0,100.0,100.0,100.0,100.0,100.0,100.0,100.0
argentina,2040,100.0,100.0,100.0,100.0,100.0,100.0,100.0,100.0,100.0,100.0,100.0,100.0
chile,2027,100.0,100.0,100.0,100.0,100.0,100.0,100.0,100.0,100.0,100.0,100.0,100.0
chile,2028,100.0,100.0,100.0,100.0,100.0,100.0,100.0,100.0,100.0,100.0,100.0,100.0
chile,2029,100.0,100.0,100.0,100.0,100.0,100.0,100.0,100.0,100.0,100.0,100.0,100.0
chile,2030,100.0,100.0,100.0,100.0,100.0,100.0,100.0,100.0,100.0,100.0,100.0,100.0
chile,2031,100.0,100.0,100.0,100.0,100.0,100.0,100.0,100.0,100.0,100.0,100.0,100.0
chile,2032,100.0,100.0,100.0,100.0,100.0,100.0,100.0,100.0,100.0,100.0,100.0,100.0
chile,2033,100.0,100.0,100.0,100.0,100.0,100.0,100.0,100.0,100.0,100.0,100.0,100.0
chile,2034,100.0,100.0,100.0,100.0,100.0,100.0,100.0,100.0,100.0,100.0,100.0,100.0
chile,2035,100.0,100.0,100.0,100.0,100.0,100.0,100.0,100.0,100.0,100.0,100.0,100.0
chile,2036,100.0,100.0,100.0,100.0,100.0,100.0,100.0,100.0,100.0,100.0,100.0,100.0
chile,2037,100.0,100.0,100.0,100.0,100.0,100.0,100.0,100.0,100.0,100.0,100.0,100.0
chile,2038,100.0,100.0,100.0,100.0,100.0,100.0,100.0,100.0,100.0,100.0,100.0,100.0
chile,2039,100.0,100.0,100.0,100.0,100.0,100.0,100.0,100.0,100.0,100.0,100.0,100.0
chile,2040,100.0,100.0,100.0,100.0,100.0,100.0,100.0,100.0,100.0,100.0,100.0,100.0
colombia,2027,100.0,100.0,100.0,100.0,100.0,100.0,100.0,100.0,100.0,100.0,100.0,100.0
colombia,2028,100.0,100.0,100.0,100.0,100.0,100.0,100.0,100.0,100.0,100.0,100.0,100.0
colombia,2029,100.0,100.0,100.0,100.0,100.0,100.0,100.0,100.0,100.0,100.0,100.0,100.0
colombia,2030,100.0,100.0,100.0,100.0,100.0,100.0,100.0,100.0,100.0,100.0,100.0,100.0
colombia,2031,100.0,100.0,100.0,100.0,100.0,100.0,100.0,100.0,100.0,100.0,100.0,100.0
colombia,2032,100.0,100.0,100.0,100.0,100.0,100.0,100.0,100.0,100.0,100.0,100.0,100.0
colombia,2033,100.0,100.0,100.0,100.0,100.0,100.0,100.0,100.0,100.0,100.0,100.0,100.0
colombia,2034,100.0,100.0,100.0,100.0,100.0,100.0,100.0,100.0,100.0,100.0,100.0,100.0
colombia,2035,100.0,100.0,100.0,100.0,100.0,100.0,100.0,100.0,100.0,100.0,100.0,100.0
colombia,2036,100.0,100.0,100.0,100.0,100.0,100.0,100.0,100.0,100.0,100.0,100.0,100.0
colombia,2037,100.0,100.0,100.0,100.0,100.0,100.0,100.0,100.0,100.0,100.0,100.0,100.0
colombia,2038,100.0,100.0,100.0,100.0,100.0,100.0,100.0,100.0,100.0,100.0,100.0,100.0
colombia,2039,100.0,100.0,100.0,100.0,100.0,100.0,100.0,100.0,100.0,100.0,100.0,100.0
colombia,2040,100.0,100.0,100.0,100.0,100.0,100.0,100.0,100.0,100.0,100.0,100.0,100.0
ecuador,2027,100.0,100.0,100.0,100.0,100.0,100.0,100.0,100.0,100.0,100.0,100.0,100.0
ecuador,2028,100.0,100.0,100.0,100.0,100.0,100.0,100.0,100.0,100.0,100.0,100.0,100.0
ecuador,2029,100.0,100.0,100.0,100.0,100.0,100.0,100.0,100.0,100.0,100.0,100.0,100.0
ecuador,2030,100.0,100.0,100.0,100.0,100.0,100.0,100.0,100.0,100.0,100.0,100.0,100.0
ecuador,2031,100.0,100.0,100.0,100.0,100.0,100.0,100.0,100.0,100.0,100.0,100.0,100.0
ecuador,2032,100.0,100.0,100.0,100.0,100.0,100.0,100.0,100.0,100.0,100.0,100.0,100.0
ecuador,2033,100.0,100.0,100.0,100.0,100.0,100.0,100.0,100.0,100.0,100.0,100.0,100.0
ecuador,2034,100.0,100.0,100.0,100.0,100.0,100.0,100.0,100.0,100.0,100.0,100.0,100.0
ecuador,2035,100.0,100.0,100.0,100.0,100.0,100.0,100.0,100.0,100.0,100.0,100.0,100.0
ecuador,2036,100.0,100.0,100.0,100.0,100.0,100.0,100.0,100.0,100.0,100.0,100.0,100.0
ecuador,2037,100.0,100.0,100.0,100.0,100.0,100.0,100.0,100.0,100.0,100.0,100.0,100.0
ecuador,2038,100.0,100.0,100.0,100.0,100.0,100.0,100.0,100.0,100.0,100.0,100.0,100.0
ecuador,2039,100.0,100.0,100.0,100.0,100.0,100.0,100.0,100.0,100.0,100.0,100.0,100.0
ecuador,2040,100.0,100.0,100.0,100.0,100.0,100.0,100.0,100.0,100.0,100.0,100.0,100.0
peru,2027,100.0,100.0,100.0,100.0,100.0,100.0,100.0,100.0,100.0,100.0,100.0,100.0
peru,2028,100.0,100.0,100.0,100.0,100.0,100.0,100.0,100.0,100.0,100.0,100.0,100.0
peru,2029,100.0,100.0,100.0,100.0,100.0,100.0,100.0,100.0,100.0,100.0,100.0,100.0
peru,2030,100.0,100.0,100.0,100.0,100.0,100.0,100.0,100.0,100.0,100.0,100.0,100.0
peru,2031,100.0,100.0,100.0,100.0,100.0,100.0,100.0,100.0,100.0,100.0,100.0,100.0
peru,2032,100.0,100.0,100.0,100.0,100.0,100.0,100.0,100.0,100.0,100.0,100.0,100.0
peru,2033,100.0,100.0,100.0,100.0,100.0,100.0,100.0,100.0,100.0,100.0,100.0,100.0
peru,2034,100.0,100.0,100.0,100.0,100.0,100.0,100.0,100.0,100.0,100.0,100.0,100.0
peru,2035,100.0,100.0,100.0,100.0,100.0,100.0,100.0,100.0,100.0,100.0,100.0,100.0
peru,2036,100.0,100.0,100.0,100.0,100.0,100.0,100.0,100.0,100.0,100.0,100.0,100.0
peru,2037,100.0,100.0,100.0,100.0,100.0,100.0,100.0,100.0,100.0,100.0,100.0,100.0
peru,2038,100.0,100.0,100.0,100.0,100.0,100.0,100.0,100.0,100.0,100.0,100.0,100.0
peru,2039,100.0,100.0,100.0,100.0,100.0,100.0,100.0,100.0,100.0,100.0,100.0,100.0
peru,2040,100.0,100.0,100.0,100.0,100.0,100.0,100.0,100.0,100.0,100.0,100.0,100.0
turkey,2027,100.0,100.0,100.0,100.0,100.0,100.0,100.0,100.0,100.0,100.0,100.0,100.0
turkey,2028,100.0,100.0,100.0,100.0,100.0,100.0,100.0,100.0,100.0,100.0,100.0,100.0
turkey,2029,100.0,100.0,100.0,100.0,100.0,100.0,100.0,100.0,100.0,100.0,100.0,100.0
turkey,2030,100.0,100.0,100.0,100.0,100.0,100.0,100.0,100.0,100.0,100.0,100.0,100.0
turkey,2031,100.0,100.0,100.0,100.0,100.0,100.0,100.0,100.0,100.0,100.0,100.0,100.0
turkey,2032,100.0,100.0,100.0,100.0,100.0,100.0,100.0,100.0,100.0,100.0,100.0,100.0
turkey,2033,100.0,100.0,100.0,100.0,100.0,100.0,100.0,100.0,100.0,100.0,100.0,100.0
turkey,2034,100.0,100.0,100.0,100.0,100.0,100.0,100.0,100.0,100.0,100.0,100.0,100.0
turkey,2035,100.0,100.0,100.0,100.0,100.0,100.0,100.0,100.0,100.0,100.0,100.0,100.0
turkey,2036,100.0,100.0,100.0,100.0,100.0,100.0,100.0,100.0,100.0,100.0,100.0,100.0
turkey,2037,100.0,100.0,100.0,100.0,100.0,100.0,100.0,100.0,100.0,100.0,100.0,100.0
turkey,2038,100.0,100.0,100.0,100.0,100.0,100.0,100.0,100.0,100.0,100.0,100.0,100.0
turkey,2039,100.0,100.0,100.0,100.0,100.0,100.0,100.0,100.0,100.0,100.0,100.0,100.0
turkey,2040,100.0,100.0,100.0,100.0,100.0,100.0,100.0,100.0,100.0,100.0,100.0,100.0
indonesia,2027,100.0,100.0,100.0,100.0,100.0,100.0,100.0,100.0,100.0,100.0,100.0,100.0
indonesia,2028,100.0,100.0,100.0,100.0,100.0,100.0,100.0,100.0,100.0,100.0,100.0,100.0
indonesia,2029,100.0,100.0,100.0,100.0,100.0,100.0,100.0,100.0,100.0,100.0,100.0,100.0
indonesia,2030,100.0,100.0,100.0,100.0,100.0,100.0,100.0,100.0,100.0,100.0,100.0,100.0
indonesia,2031,100.0,100.0,100.0,100.0,100.0,100.0,100.0,100.0,100.0,100.0,100.0,100.0
indonesia,2032,100.0,100.0,100.0,100.0,100.0,100.0,100.0,100.0,100.0,100.0,100.0,100.0
indonesia,2033,100.0,100.0,100.0,100.0,100.0,100.0,100.0,100.0,100.0,100.0,100.0,100.0
indonesia,2034,100.0,100.0,100.0,100.0,100.0,100.0,100.0,100.0,100.0,100.0,100.0,100.0
indonesia,2035,100.0,100.0,100.0,100.0,100.0,100.0,100.0,100.0,100.0,100.0,100.0,100.0
indonesia,2036,100.0,100.0,100.0,100.0,100.0,100.0,100.0,100.0,100.0,100.0,100.0,100.0
indonesia,2037,100.0,100.0,100.0,100.0,100.0,100.0,100.0,100.0,100.0,100.0,100.0,100.0
indonesia,2038,100.0,100.0,100.0,100.0,100.0,100.0,100.0,100.0,100.0,100.0,100.0,100.0
indonesia,2039,100.0,100.0,100.0,100.0,100.0,100.0,100.0,100.0,100.0,100.0,100.0,100.0
indonesia,2040,100.0,100.0,100.0,100.0,100.0,100.0,100.0,100.0,100.0,100.0,100.0,100.0
malaysia_east,2027,100.0,100.0,100.0,100.0,100.0,100.0,100.0,100.0,100.0,100.0,100.0,100.0
malaysia_east,2028,100.0,100.0,100.0,100.0,100.0,100.0,100.0,100.0,100.0,100.0,100.0,100.0
malaysia_east,2029,100.0,100.0,100.0,100.0,100.0,100.0,100.0,100.0,100.0,100.0,100.0,100.0
malaysia_east,2030,100.0,100.0,100.0,100.0,100.0,100.0,100.0,100.0,100.0,100.0,100.0,100.0
malaysia_east,2031,100.0,100.0,100.0,100.0,100.0,100.0,100.0,100.0,100.0,100.0,100.0,100.0
malaysia_east,2032,100.0,100.0,100.0,100.0,100.0,100.0,100.0,100.0,100.0,100.0,100.0,100.0
malaysia_east,2033,100.0,100.0,100.0,100.0,100.0,100.0,100.0,100.0,100.0,100.0,100.0,100.0
malaysia_east,2034,100.0,100.0,100.0,100.0,100.0,100.0,100.0,100.0,100.0,100.0,100.0,100.0
malaysia_east,2035,100.0,100.0,100.0,100.0,100.0,100.0,100.0,100.0,100.0,100.0,100.0,100.0
malaysia_east,2036,100.0,100.0,100.0,100.0,100.0,100.0,100.0,100.0,100.0,100.0,100.0,100.0
malaysia_east,2037,100.0,100.0,100.0,100.0,100.0,100.0,100.0,100.0,100.0,100.0,100.0,100.0
malaysia_east,2038,100.0,100.0,100.0,100.0,100.0,100.0,100.0,100.0,100.0,100.0,100.0,100.0
malaysia_east,2039,100.0,100.0,100.0,100.0,100.0,100.0,100.0,100.0,100.0,100.0,100.0,100.0
malaysia_east,2040,100.0,100.0,100.0,100.0,100.0,100.0,100.0,100.0,100.0,100.0,100.0,100.0
malaysia_west,2027,19.85,18.75,18.18,18.22,18.47,18.46,18.19,18.22,18.34,18.68,19.69,22.94
malaysia_west,2028,23.33,19.93,19.25,18.17,19.03,18.98,18.83,18.74,19.15,19.33,19.72,22.04
malaysia_west,2029,19.98,18.3,18.27,18.96,19.32,19.38,18.88,19.08,18.95,19.24,20.25,22.98
malaysia_west,2030,20.31,18.35,18.31,18.52,18.54,18.31,18.22,18.36,18.72,18.81,19.91,18.76
malaysia_west,2031,18.32,18.24,19.17,20.24,20.03,19.79,19.71,19.6,19.56,19.74,19.55,20.09
malaysia_west,2032,19.8,19.95,20.39,20.42,19.95,19.09,19.51,19.33,19.26,20.18,19.89,19.29
malaysia_west,2033,18.44,18.59,19.48,19.96,19.71,19.3,19.49,19.49,19.8,20.12,21.86,19.03
malaysia_west,2034,18.97,18.74,19.17,19.7,19.59,19.38,19.42,19.1,19.18,19.65,20.26,20.57
malaysia_west,2035,19.16,18.44,18.84,19.64,19.88,19.42,19.9,19.69,19.83,20.02,20.32,19.97
malaysia_west,2036,21.64,18.74,18.45,18.83,18.96,18.94,18.97,19.15,19.21,19.63,20.71,20.76
malaysia_west,2037,19.13,18.51,18.87,19.62,19.64,19.26,19.14,18.92,19.51,20.28,21.19,18.63
malaysia_west,2038,18.89,18.94,19.46,20.2,20.15,19.52,19.21,19.38,19.64,20.3,21.79,22.8
malaysia_west,2039,22.6,19.26,18.8,19.37,19.62,19.76,19.77,19.67,19.99,20.45,21.19,23.58
malaysia_west,2040,24.74,19.34,18.73,19.32,19.73,19.3,19.4,19.53,19.97,20.64,19.9,19.79
myanmar,2027,100.0,100.0,100.0,100.0,100.0,100.0,100.0,100.0,100.0,100.0,100.0,100.0
myanmar,2028,100.0,100.0,100.0,100.0,100.0,100.0,100.0,100.0,100.0,100.0,100.0,100.0
myanmar,2029,100.0,100.0,100.0,100.0,100.0,100.0,100.0,100.0,100.0,100.0,100.0,100.0
myanmar,2030,100.0,100.0,100.0,100.0,100.0,100.0,100.0,100.0,100.0,100.0,100.0,100.0
myanmar,2031,100.0,100.0,100.0,100.0,100.0,100.0,100.0,100.0,100.0,100.0,100.0,100.0
myanmar,2032,100.0,100.0,100.0,100.0,100.0,100.0,100.0,100.0,100.0,100.0,100.0,100.0
myanmar,2033,100.0,100.0,100.0,100.0,100.0,100.0,100.0,100.0,100.0,100.0,100.0,100.0
myanmar,2034,100.0,100.0,100.0,100.0,100.0,100.0,100.0,100.0,100.0,100.0,100.0,100.0
myanmar,2035,100.0,100.0,100.0,100.0,100.0,100.0,100.0,100.0,100.0,100.0,100.0,100.0
myanmar,2036,100.0,100.0,100.0,100.0,100.0,100.0,100.0,100.0,100.0,100.0,100.0,100.0
myanmar,2037,100.0,100.0,100.0,100.0,100.0,100.0,100.0,100.0,100.0,100.0,100.0,100.0
myanmar,2038,100.0,100.0,100.0,100.0,100.0,100.0,100.0,100.0,100.0,100.0,100.0,100.0
myanmar,2039,100.0,100.0,100.0,100.0,100.0,100.0,100.0,100.0,100.0,100.0,100.0,100.0
myanmar,2040,100.0,100.0,100.0,100.0,100.0,100.0,100.0,100.0,100.0,100.0,100.0,100.0
philippines,2027,100.0,100.0,100.0,100.0,100.0,100.0,100.0,100.0,100.0,100.0,100.0,100.0
philippines,2028,100.0,100.0,100.0,100.0,100.0,100.0,100.0,100.0,100.0,100.0,100.0,100.0
philippines,2029,100.0,100.0,100.0,100.0,100.0,100.0,100.0,100.0,100.0,100.0,100.0,100.0
philippines,2030,100.0,100.0,100.0,100.0,100.0,100.0,100.0,100.0,100.0,100.0,100.0,100.0
philippines,2031,100.0,100.0,100.0,100.0,100.0,100.0,100.0,100.0,100.0,100.0,100.0,100.0
philippines,2032,100.0,100.0,100.0,100.0,100.0,100.0,100.0,100.0,100.0,100.0,100.0,100.0
philippines,2033,100.0,100.0,100.0,100.0,100.0,100.0,100.0,100.0,100.0,100.0,100.0,100.0
philippines,2034,100.0,100.0,100.0,100.0,100.0,100.0,100.0,100.0,100.0,100.0,100.0,100.0
philippines,2035,100.0,100.0,100.0,100.0,100.0,100.0,100.0,100.0,100.0,100.0,100.0,100.0
philippines,2036,100.0,100.0,100.0,100.0,100.0,100.0,100.0,100.0,100.0,100.0,100.0,100.0
philippines,2037,100.0,100.0,100.0,100.0,100.0,100.0,100.0,100.0,100.0,100.0,100.0,100.0
philippines,2038,100.0,100.0,100.0,100.0,100.0,100.0,100.0,100.0,100.0,100.0,100.0,100.0
philippines,2039,100.0,100.0,100.0,100.0,100.0,100.0,100.0,100.0,100.0,100.0,100.0,100.0
philippines,2040,100.0,100.0,100.0,100.0,100.0,100.0,100.0,100.0,100.0,100.0,100.0,100.0
thailand,2027,100.0,100.0,100.0,100.0,100.0,100.0,100.0,100.0,100.0,100.0,100.0,100.0
thailand,2028,100.0,100.0,100.0,100.0,100.0,100.0,100.0,100.0,100.0,100.0,100.0,100.0
thailand,2029,100.0,100.0,100.0,100.0,100.0,100.0,100.0,100.0,100.0,100.0,100.0,100.0
thailand,2030,100.0,100.0,100.0,100.0,100.0,100.0,100.0,100.0,100.0,100.0,100.0,100.0
thailand,2031,100.0,100.0,100.0,100.0,100.0,100.0,100.0,100.0,100.0,100.0,100.0,100.0
thailand,2032,100.0,100.0,100.0,100.0,100.0,100.0,100.0,100.0,100.0,100.0,100.0,100.0
thailand,2033,100.0,100.0,100.0,100.0,100.0,100.0,100.0,100.0,100.0,100.0,100.0,100.0
thailand,2034,100.0,100.0,100.0,100.0,100.0,100.0,100.0,100.0,100.0,100.0,100.0,100.0
thailand,2035,100.0,100.0,100.0,100.0,100.0,100.0,100.0,100.0,100.0,100.0,100.0,100.0
thailand,2036,100.0,100.0,100.0,100.0,100.0,100.0,100.0,100.0,100.0,100.0,100.0,100.0
thailand,2037,100.0,100.0,100.0,100.0,100.0,100.0,100.0,100.0,100.0,100.0,100.0,100.0
thailand,2038,100.0,100.0,100.0,100.0,100.0,100.0,100.0,100.0,100.0,100.0,100.0,100.0
thailand,2039,100.0,100.0,100.0,100.0,100.0,100.0,100.0,100.0,100.0,100.0,100.0,100.0
thailand,2040,100.0,100.0,100.0,100.0,100.0,100.0,100.0,100.0,100.0,100.0,100.0,100.0
vietnam,2027,100.0,100.0,100.0,100.0,100.0,100.0,100.0,100.0,100.0,100.0,100.0,100.0
vietnam,2028,100.0,100.0,100.0,100.0,100.0,100.0,100.0,100.0,100.0,100.0,100.0,100.0
vietnam,2029,100.0,100.0,100.0,100.0,100.0,100.0,100.0,100.0,100.0,100.0,100.0,100.0
vietnam,2030,100.0,100.0,100.0,100.0,100.0,100.0,100.0,100.0,100.0,100.0,100.0,100.0
vietnam,2031,100.0,100.0,100.0,100.0,100.0,100.0,100.0,100.0,100.0,100.0,100.0,100.0
vietnam,2032,100.0,100.0,100.0,100.0,100.0,100.0,100.0,100.0,100.0,100.0,100.0,100.0
vietnam,2033,100.0,100.0,100.0,100.0,100.0,100.0,100.0,100.0,100.0,100.0,100.0,100.0
vietnam,2034,100.0,100.0,100.0,100.0,100.0,100.0,100.0,100.0,100.0,100.0,100.0,100.0
vietnam,2035,100.0,100.0,100.0,100.0,100.0,100.0,100.0,100.0,100.0,100.0,100.0,100.0
vietnam,2036,100.0,100.0,100.0,100.0,100.0,100.0,100.0,100.0,100.0,100.0,100.0,100.0
vietnam,2037,100.0,100.0,100.0,100.0,100.0,100.0,100.0,100.0,100.0,100.0,100.0,100.0
vietnam,2038,100.0,100.0,100.0,100.0,100.0,100.0,100.0,100.0,100.0,100.0,100.0,100.0
vietnam,2039,100.0,100.0,100.0,100.0,100.0,100.0,100.0,100.0,100.0,100.0,100.0,100.0
vietnam,2040,100.0,100.0,100.0,100.0,100.0,100.0,100.0,100.0,100.0,100.0,100.0,100.0
usa_caiso,2027,100.0,100.0,100.0,100.0,100.0,76.36,57.72,47.44,44.42,42.98,45.32,43.7
usa_caiso,2028,70.09,78.86,93.43,85.47,77.43,63.5,52.37,46.06,44.9,42.74,47.36,44.86
usa_caiso,2029,43.41,42.38,52.18,65.78,70.23,57.99,47.74,45.29,43.61,44.66,47.39,61.87
usa_caiso,2030,93.34,100.0,100.0,100.0,77.68,59.18,50.18,45.59,45.17,56.91,54.54,100.0
usa_caiso,2031,100.0,100.0,100.0,100.0,100.0,73.09,56.93,47.1,44.08,43.07,54.31,87.69
usa_caiso,2032,92.89,87.42,100.0,100.0,83.22,66.21,53.1,46.38,47.52,43.96,56.9,89.02
usa_caiso,2033,95.01,100.0,100.0,90.22,81.46,63.02,50.72,45.38,43.47,46.21,51.73,69.23
usa_caiso,2034,86.19,100.0,100.0,100.0,92.5,67.6,51.8,46.04,43.47,42.87,49.6,52.13
usa_caiso,2035,79.59,75.79,78.07,71.24,65.17,58.15,48.89,45.26,44.28,49.43,51.49,55.67
usa_caiso,2036,84.66,89.53,100.0,92.62,85.13,66.92,53.32,46.44,45.01,43.26,62.06,100.0
usa_caiso,2037,100.0,100.0,100.0,100.0,94.02,72.47,54.38,46.43,49.32,49.79,49.91,74.04
usa_caiso,2038,96.94,100.0,100.0,100.0,76.97,57.46,49.7,45.4,43.35,42.32,49.61,61.25
usa_caiso,2039,64.78,82.06,68.94,65.34,57.18,49.66,47.33,43.6,46.34,42.34,59.98,85.48
usa_caiso,2040,100.0,100.0,100.0,100.0,85.32,65.59,52.22,46.3,43.85,47.36,54.69,90.11
usa_ercot,2027,1.83,1.87,1.58,1.52,1.48,1.43,1.43,1.45,1.47,1.49,1.58,1.62
usa_ercot,2028,1.6,1.71,1.6,1.6,1.89,1.59,1.48,1.47,1.51,1.54,1.57,1.59
usa_ercot,2029,1.63,1.63,1.6,1.48,1.51,1.54,1.53,1.5,1.48,1.62,1.67,1.54
usa_ercot,2030,1.63,1.6,1.59,1.55,1.51,1.5,1.47,1.47,1.54,1.51,1.71,1.68
usa_ercot,2031,1.97,1.8,1.62,1.53,1.57,1.68,1.7,1.75,1.58,1.48,1.52,1.53
usa_ercot,2032,1.6,1.56,1.46,1.46,1.54,1.51,1.46,1.47,1.47,1.56,1.54,1.6
usa_ercot,2033,1.75,1.64,1.53,1.58,1.54,1.49,1.47,1.47,1.48,1.52,1.59,1.56
usa_ercot,2034,1.57,1.55,1.52,1.48,1.52,1.61,1.57,1.48,1.48,1.51,1.57,1.56
usa_ercot,2035,1.62,1.62,1.62,1.52,1.49,1.49,1.52,1.6,1.6,1.57,1.92,2.12
usa_ercot,2036,2.22,2.37,2.17,2.3,2.37,2.08,1.82,1.55,1.59,1.77,1.74,1.62
usa_ercot,2037,1.62,1.57,1.53,1.45,1.48,1.5,1.5,1.47,1.48,1.61,1.69,1.58
usa_ercot,2038,1.65,1.59,1.53,1.53,1.51,1.59,1.59,1.51,1.56,1.51,1.53,1.55
usa_ercot,2039,1.63,1.62,1.76,1.62,1.53,1.49,1.5,1.47,1.5,1.57,1.61,1.54
usa_ercot,2040,1.59,1.53,1.51,1.46,1.48,1.46,1.53,1.47,1.47,1.54,1.63,1.69
usa_isone,2027,100.0,100.0,100.0,100.0,100.0,100.0,100.0,100.0,100.0,100.0,100.0,100.0
usa_isone,2028,100.0,100.0,100.0,100.0,100.0,100.0,100.0,100.0,100.0,100.0,100.0,100.0
usa_isone,2029,100.0,100.0,100.0,100.0,100.0,100.0,100.0,100.0,100.0,100.0,100.0,100.0
usa_isone,2030,100.0,100.0,100.0,100.0,100.0,100.0,100.0,100.0,100.0,100.0,100.0,100.0
usa_isone,2031,100.0,100.0,100.0,100.0,100.0,100.0,100.0,100.0,100.0,100.0,100.0,100.0
usa_isone,2032,100.0,100.0,100.0,100.0,100.0,100.0,100.0,100.0,100.0,100.0,100.0,100.0
usa_isone,2033,100.0,100.0,100.0,100.0,100.0,100.0,100.0,100.0,100.0,100.0,100.0,100.0
usa_isone,2034,100.0,100.0,100.0,100.0,100.0,100.0,100.0,100.0,100.0,100.0,100.0,100.0
usa_isone,2035,100.0,100.0,100.0,100.0,100.0,100.0,100.0,100.0,100.0,100.0,100.0,100.0
usa_isone,2036,100.0,100.0,100.0,100.0,100.0,100.0,100.0,100.0,100.0,100.0,100.0,100.0
usa_isone,2037,100.0,100.0,100.0,100.0,100.0,100.0,100.0,100.0,100.0,100.0,100.0,100.0
usa_isone,2038,100.0,100.0,100.0,100.0,100.0,100.0,100.0,100.0,100.0,100.0,100.0,100.0
usa_isone,2039,100.0,100.0,100.0,100.0,100.0,100.0,100.0,100.0,100.0,100.0,100.0,100.0
usa_isone,2040,100.0,100.0,100.0,100.0,100.0,100.0,100.0,100.0,100.0,100.0,100.0,100.0
usa_miso_central,2027,47.98,58.21,59.3,58.44,50.95,42.87,40.43,38.21,38.77,35.49,42.97,42.46
usa_miso_central,2028,43.65,63.4,61.66,60.42,54.01,44.62,39.55,40.53,39.31,38.58,42.87,46.33
usa_miso_central,2029,48.25,52.85,56.08,58.87,51.46,47.72,42.51,40.05,37.33,38.18,48.6,55.76
usa_miso_central,2030,60.14,58.2,62.75,57.46,52.56,48.55,42.52,41.64,40.69,35.34,37.91,41.77
usa_miso_central,2031,52.35,53.46,61.5,58.58,51.66,48.01,44.47,43.03,39.04,35.98,43.13,45.95
usa_miso_central,2032,49.49,52.17,54.2,53.47,47.21,44.14,41.75,38.56,38.32,45.21,43.29,50.13
usa_miso_central,2033,51.08,49.31,57.86,57.1,50.37,45.82,40.23,39.32,42.45,43.32,43.82,46.9
usa_miso_central,2034,49.85,50.17,53.02,54.08,53.75,47.57,42.47,40.55,40.57,36.49,42.72,38.99
usa_miso_central,2035,37.92,37.95,48.99,56.08,49.56,43.63,40.92,38.65,39.44,36.96,45.51,47.97
usa_miso_central,2036,52.51,56.63,58.04,53.81,53.03,47.35,40.75,41.33,39.84,44.17,50.82,55.17
usa_miso_central,2037,51.71,57.75,58.36,57.65,53.55,44.17,40.65,38.7,37.42,32.36,41.23,43.81
usa_miso_central,2038,41.75,47.88,55.75,55.28,51.71,45.66,42.11,42.63,44.6,44.59,45.28,47.01
usa_miso_central,2039,45.45,44.39,46.97,49.64,50.23,43.02,39.73,39.52,37.98,41.11,45.67,50.1
usa_miso_central,2040,51.91,57.26,61.26,59.82,51.76,45.83,40.9,40.13,38.53,43.06,42.34,42.4
usa_miso_north,2027,6.1,10.17,11.33,9.91,10.56,9.46,8.16,7.5,8.36,8.48,10.23,7.66
usa_miso_north,2028,8.74,12.13,15.12,15.24,13.42,12.29,8.55,8.33,11.67,10.58,12.52,10.03
usa_miso_north,2029,8.5,10.21,13.17,15.98,14.76,14.24,11.22,8.53,8.82,9.63,9.35,10.81
usa_miso_north,2030,9.26,10.11,15.96,15.0,15.04,13.18,9.39,8.03,6.73,6.33,5.95,9.46
usa_miso_north,2031,9.04,8.89,9.01,12.4,13.97,12.8,10.71,8.54,6.61,5.9,9.55,7.94
usa_miso_north,2032,7.17,7.28,11.98,12.02,12.53,12.29,10.07,9.18,7.66,8.6,8.72,10.45
usa_miso_north,2033,7.53,6.88,13.84,15.84,14.03,13.47,10.1,7.4,7.27,8.72,8.58,10.38
usa_miso_north,2034,9.46,10.06,12.08,14.52,15.14,12.58,10.57,9.43,6.35,6.05,8.25,6.0
usa_miso_north,2035,5.03,5.8,11.41,10.87,12.36,11.23,9.47,6.49,7.19,5.72,5.71,6.49
usa_miso_north,2036,7.0,7.46,10.74,11.97,12.76,12.75,11.33,9.72,9.43,11.11,11.28,12.33
usa_miso_north,2037,8.85,10.91,14.23,13.83,14.14,11.98,9.31,9.45,8.02,7.26,12.67,12.69
usa_miso_north,2038,10.67,12.26,14.8,14.39,12.74,11.55,10.2,7.9,11.02,8.47,10.77,9.07
usa_miso_north,2039,6.86,8.8,12.1,14.0,13.81,12.47,9.59,8.45,8.26,9.28,11.22,7.38
usa_miso_north,2040,6.91,8.36,13.21,15.42,13.68,12.57,9.99,7.68,7.12,10.94,10.88,10.5
usa_miso_south,2027,64.03,61.73,61.69,61.91,62.01,58.7,52.98,52.16,52.62,53.7,53.1,54.25
usa_miso_south,2028,52.71,56.32,74.82,74.02,64.91,57.73,53.0,52.05,51.97,52.68,51.92,53.77
usa_miso_south,2029,62.35,78.96,70.97,64.15,57.14,56.74,54.24,53.67,54.92,53.32,53.78,57.3
usa_miso_south,2030,62.82,76.57,69.25,66.16,59.96,64.0,55.45,52.37,54.15,53.76,58.72,64.14
usa_miso_south,2031,75.39,80.87,76.3,67.16,70.44,66.42,60.89,58.06,63.01,59.16,53.22,55.09
usa_miso_south,2032,69.75,70.06,61.46,59.22,58.25,55.15,52.64,52.09,52.05,52.37,52.48,52.61
usa_miso_south,2033,57.61,59.52,79.52,69.41,59.31,55.18,52.69,53.09,52.46,52.19,53.96,52.88
usa_miso_south,2034,55.3,57.49,56.2,59.71,62.41,64.84,59.02,54.46,52.72,52.67,52.17,50.57
usa_miso_south,2035,53.78,57.36,56.57,56.66,55.54,61.69,58.6,54.34,53.48,54.99,59.28,64.41
usa_miso_south,2036,65.55,65.9,61.82,57.96,65.59,69.09,62.33,56.85,53.46,52.63,52.66,52.36
usa_miso_south,2037,52.57,54.71,54.98,57.97,57.82,53.65,52.55,52.14,52.18,52.24,52.24,51.6
usa_miso_south,2038,55.15,55.5,56.71,56.78,59.05,56.49,54.37,54.12,53.92,56.11,52.41,50.75
usa_miso_south,2039,52.99,58.85,62.14,56.04,54.69,53.52,52.44,52.02,51.9,52.11,55.22,54.19
usa_miso_south,2040,56.07,65.97,72.14,59.84,57.28,54.59,52.86,51.99,52.22,51.82,54.08,55.45
usa_northerngrid_east,2027,100.0,100.0,100.0,100.0,100.0,100.0,100.0,100.0,100.0,100.0,100.0,100.0
usa_northerngrid_east,2028,100.0,100.0,100.0,100.0,100.0,100.0,100.0,100.0,100.0,100.0,100.0,100.0
usa_northerngrid_east,2029,100.0,100.0,100.0,100.0,100.0,100.0,100.0,100.0,100.0,100.0,100.0,100.0
usa_northerngrid_east,2030,100.0,100.0,100.0,100.0,100.0,100.0,100.0,100.0,100.0,100.0,100.0,100.0
usa_northerngrid_east,2031,100.0,100.0,100.0,100.0,100.0,100.0,100.0,100.0,100.0,100.0,100.0,100.0
usa_northerngrid_east,2032,100.0,100.0,100.0,100.0,100.0,100.0,100.0,100.0,100.0,100.0,100.0,100.0
usa_northerngrid_east,2033,100.0,100.0,100.0,100.0,100.0,100.0,100.0,100.0,100.0,100.0,100.0,100.0
usa_northerngrid_east,2034,100.0,100.0,100.0,100.0,100.0,100.0,100.0,100.0,100.0,100.0,100.0,100.0
usa_northerngrid_east,2035,100.0,100.0,100.0,100.0,100.0,100.0,100.0,100.0,100.0,100.0,100.0,100.0
usa_northerngrid_east,2036,100.0,100.0,100.0,100.0,100.0,100.0,100.0,100.0,100.0,100.0,100.0,100.0
usa_northerngrid_east,2037,100.0,100.0,100.0,100.0,100.0,100.0,100.0,100.0,100.0,100.0,100.0,100.0
usa_northerngrid_east,2038,100.0,100.0,100.0,100.0,100.0,100.0,100.0,100.0,100.0,100.0,100.0,100.0
usa_northerngrid_east,2039,100.0,100.0,100.0,100.0,100.0,100.0,100.0,100.0,100.0,100.0,100.0,100.0
usa_northerngrid_east,2040,100.0,100.0,100.0,100.0,100.0,100.0,100.0,100.0,100.0,100.0,100.0,100.0
usa_northerngrid_south,2027,7.9,8.69,8.81,8.71,8.57,8.07,7.11,6.56,5.97,5.73,5.76,5.59
usa_northerngrid_south,2028,6.94,6.96,7.81,7.61,7.74,7.39,6.52,6.13,6.1,5.8,6.16,5.85
usa_northerngrid_south,2029,5.77,5.79,6.86,7.66,7.74,6.79,6.17,6.0,5.58,5.64,6.2,6.52
usa_northerngrid_south,2030,7.25,7.86,7.79,8.09,7.72,6.92,6.24,5.78,5.8,6.44,6.56,7.61
usa_northerngrid_south,2031,7.97,8.24,8.68,8.62,8.55,7.53,6.88,6.2,6.1,5.89,6.91,6.72
usa_northerngrid_south,2032,6.61,7.17,8.2,8.18,7.83,7.32,6.74,6.24,6.15,5.87,6.49,7.11
usa_northerngrid_south,2033,7.16,7.61,8.57,8.09,7.74,7.07,6.47,5.91,5.7,5.95,6.04,6.38
usa_northerngrid_south,2034,6.83,7.98,8.43,8.38,8.01,7.15,6.61,6.35,5.86,5.74,6.43,6.16
usa_northerngrid_south,2035,6.41,6.57,7.05,6.98,6.83,6.55,5.95,5.64,5.5,6.3,6.35,6.03
usa_northerngrid_south,2036,7.22,7.47,8.4,8.22,8.11,7.57,6.97,6.43,6.3,6.46,6.62,7.55
usa_northerngrid_south,2037,7.28,8.13,8.54,8.49,8.15,7.48,6.67,6.16,6.0,6.83,7.15,6.9
usa_northerngrid_south,2038,7.52,8.45,8.8,8.56,7.78,7.24,6.71,6.32,5.89,5.54,6.42,6.39
usa_northerngrid_south,2039,6.3,7.28,6.77,7.07,6.91,6.67,6.09,5.62,5.84,5.63,6.98,6.91
usa_northerngrid_south,2040,7.48,8.54,8.61,8.41,8.05,7.58,6.86,6.32,6.02,6.43,6.52,7.52
usa_northerngrid_west,2027,100.0,100.0,100.0,100.0,100.0,100.0,100.0,100.0,100.0,100.0,100.0,100.0
usa_northerngrid_west,2028,100.0,100.0,100.0,100.0,100.0,100.0,100.0,100.0,100.0,100.0,100.0,100.0
usa_northerngrid_west,2029,100.0,100.0,100.0,100.0,100.0,100.0,100.0,100.0,100.0,100.0,100.0,100.0
usa_northerngrid_west,2030,100.0,100.0,100.0,100.0,100.0,100.0,100.0,100.0,100.0,100.0,100.0,100.0
usa_northerngrid_west,2031,100.0,100.0,100.0,100.0,100.0,100.0,100.0,100.0,100.0,100.0,100.0,100.0
usa_northerngrid_west,2032,100.0,100.0,100.0,100.0,100.0,100.0,100.0,100.0,100.0,100.0,100.0,100.0
usa_northerngrid_west,2033,100.0,100.0,100.0,100.0,100.0,100.0,100.0,100.0,100.0,100.0,100.0,100.0
usa_northerngrid_west,2034,100.0,100.0,100.0,100.0,100.0,100.0,100.0,100.0,100.0,100.0,100.0,100.0
usa_northerngrid_west,2035,100.0,100.0,100.0,100.0,100.0,100.0,100.0,100.0,100.0,100.0,100.0,100.0
usa_northerngrid_west,2036,100.0,100.0,100.0,100.0,100.0,100.0,100.0,100.0,100.0,100.0,100.0,100.0
usa_northerngrid_west,2037,100.0,100.0,100.0,100.0,100.0,100.0,100.0,100.0,100.0,100.0,100.0,100.0
usa_northerngrid_west,2038,100.0,100.0,100.0,100.0,100.0,100.0,100.0,100.0,100.0,100.0,100.0,100.0
usa_northerngrid_west,2039,100.0,100.0,100.0,100.0,100.0,100.0,100.0,100.0,100.0,100.0,100.0,100.0
usa_northerngrid_west,2040,100.0,100.0,100.0,100.0,100.0,100.0,100.0,100.0,100.0,100.0,100.0,100.0
usa_nyiso,2027,100.0,100.0,100.0,100.0,100.0,100.0,100.0,100.0,100.0,100.0,100.0,100.0
usa_nyiso,2028,100.0,100.0,100.0,100.0,100.0,100.0,100.0,100.0,100.0,100.0,100.0,100.0
usa_nyiso,2029,100.0,100.0,100.0,100.0,100.0,100.0,100.0,100.0,100.0,100.0,100.0,100.0
usa_nyiso,2030,100.0,100.0,100.0,100.0,100.0,100.0,100.0,100.0,100.0,100.0,100.0,100.0
usa_nyiso,2031,100.0,100.0,100.0,100.0,100.0,100.0,100.0,100.0,100.0,100.0,100.0,100.0
usa_nyiso,2032,100.0,100.0,100.0,100.0,100.0,100.0,100.0,100.0,100.0,100.0,100.0,100.0
usa_nyiso,2033,100.0,100.0,100.0,100.0,100.0,100.0,100.0,100.0,100.0,100.0,100.0,100.0
usa_nyiso,2034,100.0,100.0,100.0,100.0,100.0,100.0,100.0,100.0,100.0,100.0,100.0,100.0
usa_nyiso,2035,100.0,100.0,100.0,100.0,100.0,100.0,100.0,100.0,100.0,100.0,100.0,100.0
usa_nyiso,2036,100.0,100.0,100.0,100.0,100.0,100.0,100.0,100.0,100.0,100.0,100.0,100.0
usa_nyiso,2037,100.0,100.0,100.0,100.0,100.0,100.0,100.0,100.0,100.0,100.0,100.0,100.0
usa_nyiso,2038,100.0,100.0,100.0,100.0,100.0,100.0,100.0,100.0,100.0,100.0,100.0,100.0
usa_nyiso,2039,100.0,100.0,100.0,100.0,100.0,100.0,100.0,100.0,100.0,100.0,100.0,100.0
usa_nyiso,2040,100.0,100.0,100.0,100.0,100.0,100.0,100.0,100.0,100.0,100.0,100.0,100.0
usa_pjm_east,2027,4.73,5.38,5.41,4.94,4.26,2.99,2.87,2.92,2.87,2.95,3.88,4.87
usa_pjm_east,2028,5.08,5.17,5.36,4.92,4.38,3.23,2.76,2.57,2.56,2.99,3.27,4.0
usa_pjm_east,2029,4.54,5.42,5.56,5.56,5.03,4.33,3.43,3.09,2.61,2.52,3.18,3.57
usa_pjm_east,2030,4.61,5.34,5.39,4.79,4.19,3.93,3.13,2.78,2.65,2.67,3.37,3.63
usa_pjm_east,2031,4.29,5.0,5.16,5.2,3.98,3.21,2.93,2.73,2.44,2.63,3.37,4.16
usa_pjm_east,2032,5.29,5.55,5.54,4.87,4.26,3.43,3.1,2.74,2.88,3.71,4.1,4.29
usa_pjm_east,2033,5.01,5.99,6.03,5.65,4.97,3.62,2.86,2.62,2.84,3.4,4.41,4.64
usa_pjm_east,2034,5.6,5.72,5.51,5.31,4.52,3.9,3.33,2.88,2.53,2.72,3.51,3.77
usa_pjm_east,2035,5.43,5.98,6.09,5.46,4.21,3.36,3.05,3.24,3.23,3.25,4.27,4.88
usa_pjm_east,2036,5.46,5.49,5.04,4.08,3.46,3.1,2.7,2.51,2.44,2.86,3.51,4.93
usa_pjm_east,2037,5.59,6.31,6.26,5.64,5.19,3.67,2.96,2.55,2.43,2.56,3.53,4.02
usa_pjm_east,2038,4.86,5.31,5.6,5.22,4.75,3.76,2.96,2.74,2.64,2.92,3.17,3.79
usa_pjm_east,2039,4.54,4.96,4.94,4.23,3.84,3.1,2.68,2.54,2.41,2.82,3.65,4.48
usa_pjm_east,2040,4.8,5.62,6.27,5.88,4.8,3.78,3.12,2.65,2.64,2.66,3.32,4.17
usa_pjm_west,2027,0.82,0.85,0.82,0.75,0.6,0.41,0.27,0.19,0.23,0.24,0.4,0.46
usa_pjm_west,2028,0.48,0.79,0.81,0.78,0.64,0.48,0.3,0.26,0.24,0.28,0.48,0.52
usa_pjm_west,2029,0.69,0.82,0.85,0.82,0.7,0.62,0.45,0.3,0.25,0.3,0.46,0.66
usa_pjm_west,2030,0.84,0.83,0.84,0.72,0.68,0.67,0.45,0.39,0.27,0.25,0.3,0.52
usa_pjm_west,2031,0.8,0.78,0.84,0.79,0.62,0.59,0.5,0.33,0.32,0.22,0.41,0.57
usa_pjm_west,2032,0.67,0.77,0.7,0.7,0.58,0.45,0.52,0.39,0.33,0.5,0.55,0.71
usa_pjm_west,2033,0.76,0.75,0.84,0.8,0.61,0.57,0.39,0.3,0.31,0.32,0.44,0.57
usa_pjm_west,2034,0.65,0.71,0.69,0.63,0.62,0.53,0.42,0.31,0.32,0.28,0.48,0.46
usa_pjm_west,2035,0.58,0.59,0.68,0.59,0.5,0.39,0.44,0.3,0.29,0.32,0.47,0.64
usa_pjm_west,2036,0.69,0.77,0.76,0.58,0.55,0.54,0.44,0.35,0.38,0.52,0.64,0.72
usa_pjm_west,2037,0.66,0.86,0.7,0.69,0.57,0.41,0.37,0.24,0.26,0.26,0.41,0.55
usa_pjm_west,2038,0.59,0.72,0.83,0.59,0.5,0.5,0.46,0.41,0.39,0.36,0.5,0.57
usa_pjm_west,2039,0.56,0.66,0.6,0.57,0.52,0.37,0.26,0.21,0.29,0.48,0.59,0.63
usa_pjm_west,2040,0.68,0.84,0.83,0.63,0.51,0.59,0.41,0.34,0.33,0.46,0.48,0.58
usa_sertp,2027,59.22,62.82,58.63,54.19,50.55,37.85,38.35,42.27,44.92,46.86,49.19,61.89
usa_sertp,2028,63.16,60.02,59.97,53.07,43.38,36.33,32.67,32.44,32.94,40.33,38.43,49.11
usa_sertp,2029,61.32,63.67,63.08,55.38,51.93,40.45,36.89,34.79,32.4,31.11,35.64,45.48
usa_sertp,2030,58.39,59.3,57.23,51.0,42.78,40.07,38.13,39.71,40.09,36.47,39.28,43.38
usa_sertp,2031,57.67,61.89,59.9,55.06,48.79,38.86,33.18,34.43,34.15,32.77,35.45,52.28
usa_sertp,2032,64.83,63.18,58.32,47.06,43.21,37.03,34.3,32.87,32.61,37.68,38.77,43.03
usa_sertp,2033,59.57,67.62,59.27,50.53,43.95,35.67,34.12,34.07,36.97,42.84,54.08,63.66
usa_sertp,2034,65.54,62.56,57.32,52.73,48.03,42.7,37.19,32.97,33.38,31.07,34.92,42.0
usa_sertp,2035,60.88,67.71,65.64,54.82,42.36,39.86,38.17,37.97,41.4,42.64,51.26,56.78
usa_sertp,2036,67.87,63.78,55.36,46.79,42.38,38.27,36.99,34.41,31.25,32.99,35.94,47.44
usa_sertp,2037,59.85,66.96,64.82,58.8,46.79,36.3,33.73,31.99,30.88,30.59,37.93,46.47
usa_sertp,2038,62.26,62.93,58.81,53.52,44.71,36.55,31.09,30.33,30.01,30.58,31.15,37.0
usa_sertp,2039,53.16,60.57,53.85,44.39,38.94,37.66,38.28,40.82,34.29,36.7,44.1,48.04
usa_sertp,2040,57.35,62.42,68.79,59.99,51.64,41.44,36.94,34.69,33.59,34.31,44.23,57.43
usa_spp_north,2027,56.55,56.37,55.93,56.35,56.13,60.92,67.01,65.32,63.22,59.0,57.28,55.09
usa_spp_north,2028,56.97,56.93,56.64,56.22,57.08,56.96,57.54,65.22,58.37,57.26,57.14,57.53
usa_spp_north,2029,57.05,56.94,56.8,56.83,56.47,55.5,55.89,63.46,60.5,58.02,57.9,55.46
usa_spp_north,2030,57.83,57.31,57.0,56.9,58.2,58.14,56.72,59.55,58.53,56.46,57.43,56.67
usa_spp_north,2031,57.52,57.09,56.75,56.99,58.08,56.41,56.37,55.68,56.38,55.95,57.49,55.84
usa_spp_north,2032,58.41,57.5,56.75,56.3,55.67,57.05,59.77,57.82,56.42,56.9,56.98,57.86
usa_spp_north,2033,57.99,57.47,56.65,56.76,56.83,56.72,54.81,56.33,56.6,56.48,56.95,57.51
usa_spp_north,2034,58.77,57.15,57.1,57.02,58.59,64.35,64.87,60.81,55.81,56.33,57.82,55.59
usa_spp_north,2035,56.59,56.78,56.52,56.33,56.13,57.52,60.43,56.18,56.68,56.21,56.89,55.62
usa_spp_north,2036,58.43,57.34,56.58,56.35,56.28,56.36,55.54,57.29,55.93,56.52,56.93,57.74
usa_spp_north,2037,57.03,56.79,56.88,56.22,58.58,63.65,69.18,62.19,58.61,56.5,56.77,55.69
usa_spp_north,2038,57.05,56.88,56.62,56.56,55.92,55.23,56.53,55.37,57.1,56.71,57.5,56.31
usa_spp_north,2039,57.35,57.44,56.99,56.67,56.46,55.77,58.82,58.2,56.32,56.85,56.82,57.23
usa_spp_north,2040,57.47,56.75,56.73,56.91,60.72,69.47,65.28,59.17,55.62,56.88,56.77,57.31
usa_spp_south,2027,58.55,63.31,54.46,50.79,57.16,49.51,42.92,40.36,42.21,45.71,53.21,54.97
usa_spp_south,2028,43.93,94.33,94.85,87.66,69.74,52.59,40.96,40.32,42.65,47.83,42.45,41.58
usa_spp_south,2029,52.24,63.89,52.51,47.14,50.75,51.98,47.82,45.34,44.83,48.91,55.9,50.12
usa_spp_south,2030,54.17,65.06,59.05,50.47,50.76,50.4,47.74,50.54,52.32,46.24,58.48,57.74
usa_spp_south,2031,63.1,63.78,64.65,57.77,71.83,76.54,61.38,56.11,53.46,46.24,49.55,58.05
usa_spp_south,2032,56.48,49.81,44.75,41.95,42.63,42.75,45.52,40.2,41.45,43.19,42.38,40.39
usa_spp_south,2033,43.5,42.4,58.19,50.27,43.26,41.92,47.94,48.54,43.31,40.84,50.03,43.35
usa_spp_south,2034,40.05,39.75,45.43,50.65,65.9,66.7,55.92,45.62,42.53,39.67,40.48,37.19
usa_spp_south,2035,39.43,39.86,45.81,53.23,55.61,61.54,54.43,50.11,52.98,46.99,58.66,52.05
usa_spp_south,2036,43.7,49.29,50.57,50.89,65.92,73.3,58.87,53.33,47.57,47.69,46.1,43.22
usa_spp_south,2037,40.21,52.96,54.73,56.94,52.38,48.95,44.91,42.17,45.79,43.68,45.47,46.29
usa_spp_south,2038,39.63,42.26,43.54,50.75,54.96,63.1,55.2,50.62,51.37,46.81,41.82,53.1
usa_spp_south,2039,42.39,50.54,52.63,42.43,46.13,50.58,48.39,45.18,41.58,48.87,47.45,39.73
usa_spp_south,2040,38.66,53.85,59.95,51.72,44.6,42.37,40.72,40.45,39.09,40.09,41.03,39.85
usa_westconnect_north,2027,23.76,26.6,32.45,35.86,36.96,31.93,28.44,29.84,24.13,21.36,21.13,20.59
usa_westconnect_north,2028,22.7,23.5,24.07,28.75,36.38,30.01,26.88,25.54,25.8,25.44,30.26,27.83
usa_westconnect_north,2029,26.21,25.04,30.21,34.12,36.16,30.96,25.52,27.68,26.6,23.23,22.45,23.15
usa_westconnect_north,2030,24.1,30.42,29.38,29.78,32.77,24.81,24.28,23.29,23.21,23.89,22.62,21.83
usa_westconnect_north,2031,23.91,25.67,26.69,29.21,35.85,29.17,28.51,24.49,21.83,21.17,23.8,22.46
usa_westconnect_north,2032,22.87,24.97,30.52,34.67,34.68,26.68,23.89,23.43,24.78,28.03,23.53,23.12
usa_westconnect_north,2033,23.81,24.89,29.24,34.19,31.18,27.16,22.25,22.53,25.18,23.81,22.6,21.18
usa_westconnect_north,2034,22.77,26.18,30.69,34.81,37.97,32.13,24.03,25.93,23.23,23.19,21.64,20.39
usa_westconnect_north,2035,21.85,24.32,26.16,30.12,26.99,22.91,22.94,26.11,22.68,23.15,23.07,21.43
usa_westconnect_north,2036,22.96,26.12,34.17,31.51,34.83,30.42,25.86,27.28,24.6,22.7,22.57,23.37
usa_westconnect_north,2037,22.24,25.08,31.58,35.83,35.31,25.44,26.62,27.22,27.53,25.76,23.01,21.0
usa_westconnect_north,2038,22.14,26.54,29.22,28.31,27.52,26.3,24.45,23.57,24.3,21.28,22.76,21.29
usa_westconnect_north,2039,21.59,23.2,21.44,23.28,23.7,23.24,23.1,25.2,23.36,22.82,23.32,22.34
usa_westconnect_north,2040,25.08,28.26,31.61,33.07,37.07,27.29,28.47,33.23,28.44,35.36,40.97,33.33
usa_westconnect_south,2027,39.8,40.19,40.54,40.51,40.47,40.04,39.64,40.09,39.69,39.76,39.31,38.24
usa_westconnect_south,2028,39.83,40.06,40.82,40.5,40.4,40.17,39.59,39.49,39.47,39.19,39.39,39.29
usa_westconnect_south,2029,39.53,39.49,39.64,40.02,39.94,40.04,39.63,39.68,39.75,39.45,39.56,38.2
usa_westconnect_south,2030,39.91,40.08,40.13,40.03,43.48,43.55,41.42,41.28,39.57,39.4,39.37,38.19
usa_westconnect_south,2031,39.91,40.12,40.57,40.84,43.92,44.8,44.1,41.24,39.6,39.17,39.74,39.08
usa_westconnect_south,2032,40.08,39.86,40.16,40.13,39.86,40.05,39.55,39.48,39.19,39.57,39.25,39.53
usa_westconnect_south,2033,39.93,40.29,40.1,40.03,40.17,39.86,39.62,39.41,39.37,39.07,39.1,38.31
usa_westconnect_south,2034,39.46,39.83,40.13,40.84,40.38,40.02,39.58,39.42,39.14,39.23,39.04,37.9
usa_westconnect_south,2035,40.0,39.88,40.39,40.35,39.71,40.03,39.64,39.41,39.08,39.17,39.14,37.83
usa_westconnect_south,2036,39.61,39.69,40.2,40.08,39.91,40.09,39.69,39.59,39.1,39.17,39.51,39.69
usa_westconnect_south,2037,40.02,40.33,40.45,40.28,40.22,43.23,42.01,40.28,39.85,39.3,38.99,38.19
usa_westconnect_south,2038,40.05,39.57,39.68,39.91,39.97,40.1,39.63,39.63,39.21,39.09,39.28,38.21
usa_westconnect_south,2039,39.38,39.38,39.39,39.77,39.62,40.11,39.86,39.56,39.29,39.43,39.94,38.94
usa_westconnect_south,2040,40.17,40.92,41.44,41.07,40.01,40.11,39.57,39.9,39.59,40.0,39.44,39.64
